,accident_id,source,year,month,day_of_week,state,vehicle_1,vehicle_2,vehicles_involved,party_age_group,victim_age_group,cause_of_accident,road_condition,lighting_condition,fatalities,injuries,casualties,severity,weather_group
269,KAG_000270,Kaggle_Accident_prediction,2021,January,Tuesday,Rajasthan,Truck,Unidentified,3,Over 51,Unknown,Unknown/Other,Wet,Daylight,4,0,2,Fatal,Fog/Mist
270,KAG_000271,Kaggle_Accident_prediction,2021,November,Friday,Tamil Nadu,Truck,Unidentified,5,18-30,Unknown,Unknown/Other,Damaged/Construction,Dark,5,2,7,Minor,Fog/Mist
271,KAG_000272,Kaggle_Accident_prediction,2023,February,Friday,Delhi,Truck,Unidentified,4,31-50,Unknown,Unknown/Other,Damaged/Construction,Dark,3,2,5,Fatal,Rainy
272,KAG_000273,Kaggle_Accident_prediction,2022,November,Sunday,Odisha,Truck,Unidentified,3,31-50,Unknown,Unknown/Other,Dry,Twilight,1,4,5,Serious,Clear
273,KAG_000274,Kaggle_Accident_prediction,2021,August,Sunday,Tripura,Truck,Unidentified,3,31-50,Unknown,Unknown/Other,Damaged/Construction,Dark,0,5,5,Serious,Clear
274,KAG_000275,Kaggle_Accident_prediction,2021,April,Thursday,Gujarat,Truck,Unidentified,5,18-30,Unknown,Unknown/Other,Wet,Daylight,5,2,7,Minor,Fog/Mist
275,KAG_000276,Kaggle_Accident_prediction,2018,March,Thursday,Rajasthan,Truck,Unidentified,3,Over 51,Unknown,Unknown/Other,Dry,Twilight,4,1,5,Minor,Clear
276,KAG_000277,Kaggle_Accident_prediction,2023,September,Sunday,Himachal Pradesh,Truck,Unidentified,2,18-30,Unknown,Unknown/Other,Damaged/Construction,Twilight,5,4,9,Minor,Rainy
277,KAG_000278,Kaggle_Accident_prediction,2021,May,Wednesday,Kerala,Truck,Unidentified,5,Over 51,Unknown,Unknown/Other,Wet,Dark,1,9,10,Serious,Fog/Mist
278,KAG_000279,Kaggle_Accident_prediction,2022,May,Thursday,Uttar Pradesh,Truck,Unidentified,5,31-50,Unknown,Unknown/Other,Wet,Twilight,5,2,7,Serious,Fog/Mist
279,KAG_000280,Kaggle_Accident_prediction,2022,May,Tuesday,Assam,Truck,Unidentified,1,Over 51,Unknown,Unknown/Other,Damaged/Construction,Twilight,3,0,2,Minor,Rainy
280,KAG_000281,Kaggle_Accident_prediction,2022,December,Tuesday,Karnataka,Truck,Unidentified,1,18-30,Unknown,Unknown/Other,Dry,Daylight,2,1,3,Minor,Clear
281,KAG_000282,Kaggle_Accident_prediction,2022,October,Monday,Haryana,Truck,Unidentified,2,31-50,Unknown,Unknown/Other,Dry,Twilight,0,4,4,Serious,Rainy
282,KAG_000283,Kaggle_Accident_prediction,2019,October,Monday,Andhra Pradesh,Truck,Unidentified,4,31-50,Unknown,Unknown/Other,Wet,Dark,3,0,2,Minor,Rainy
283,KAG_000284,Kaggle_Accident_prediction,2021,July,Friday,Delhi,Truck,Unidentified,1,31-50,Unknown,Unknown/Other,Wet,Dark,0,0,0,Serious,Fog/Mist
284,KAG_000285,Kaggle_Accident_prediction,2021,December,Monday,Tamil Nadu,Truck,Unidentified,1,Over 51,Unknown,Unknown/Other,Damaged/Construction,Twilight,3,7,10,Serious,Rainy
285,KAG_000286,Kaggle_Accident_prediction,2022,April,Sunday,Manipur,Truck,Unidentified,1,18-30,Unknown,Unknown/Other,Dry,Dark,0,8,8,Minor,Fog/Mist
286,KAG_000287,Kaggle_Accident_prediction,2019,March,Monday,Mizoram,Truck,Unidentified,5,Over 51,Unknown,Unknown/Other,Damaged/Construction,Dark,1,0,1,Fatal,Rainy
287,KAG_000288,Kaggle_Accident_prediction,2023,March,Tuesday,Odisha,Truck,Unidentified,4,Over 51,Unknown,Unknown/Other,Dry,Daylight,0,6,6,Minor,Fog/Mist
288,KAG_000289,Kaggle_Accident_prediction,2019,April,Thursday,Kerala,Truck,Unidentified,3,31-50,Unknown,Unknown/Other,Damaged/Construction,Daylight,0,3,3,Minor,Rainy
289,KAG_000290,Kaggle_Accident_prediction,2020,March,Thursday,Tamil Nadu,Truck,Unidentified,2,Over 51,Unknown,Unknown/Other,Damaged/Construction,Twilight,2,1,3,Minor,Fog/Mist
290,KAG_000291,Kaggle_Accident_prediction,2023,January,Tuesday,West Bengal,Truck,Unidentified,4,18-30,Unknown,Unknown/Other,Dry,Twilight,0,5,5,Serious,Fog/Mist
291,KAG_000292,Kaggle_Accident_prediction,2023,July,Saturday,Tripura,Truck,Unidentified,1,31-50,Unknown,Unknown/Other,Dry,Twilight,0,5,5,Fatal,Rainy
292,KAG_000293,Kaggle_Accident_prediction,2021,October,Wednesday,Puducherry,Truck,Unidentified,2,Over 51,Unknown,Unknown/Other,Wet,Twilight,0,2,2,Minor,Clear
293,KAG_000294,Kaggle_Accident_prediction,2019,June,Monday,Meghalaya,Truck,Unidentified,2,31-50,Unknown,Unknown/Other,Dry,Twilight,2,2,4,Minor,Fog/Mist
294,KAG_000295,Kaggle_Accident_prediction,2018,February,Tuesday,Goa,Truck,Unidentified,3,Over 51,Unknown,Unknown/Other,Damaged/Construction,Twilight,2,3,5,Minor,Clear
295,KAG_000296,Kaggle_Accident_prediction,2022,June,Sunday,Uttarakhand,Truck,Unidentified,1,Over 51,Unknown,Unknown/Other,Damaged/Construction,Twilight,0,1,1,Minor,Rainy
296,KAG_000297,Kaggle_Accident_prediction,2022,November,Friday,Uttar Pradesh,Truck,Unidentified,2,Over 51,Unknown,Unknown/Other,Damaged/Construction,Daylight,5,0,3,Fatal,Clear
297,KAG_000298,Kaggle_Accident_prediction,2022,August,Sunday,Madhya Pradesh,Truck,Unidentified,3,31-50,Unknown,Unknown/Other,Wet,Twilight,5,3,8,Fatal,Rainy
298,KAG_000299,Kaggle_Accident_prediction,2021,September,Friday,Meghalaya,Truck,Unidentified,2,31-50,Unknown,Unknown/Other,Dry,Dark,3,7,10,Serious,Rainy
299,KAG_000300,Kaggle_Accident_prediction,2019,October,Friday,Tripura,Truck,Unidentified,4,31-50,Unknown,Unknown/Other,Damaged/Construction,Daylight,2,6,8,Serious,Fog/Mist
300,KAG_000301,Kaggle_Accident_prediction,2021,September,Tuesday,Haryana,Truck,Unidentified,4,Over 51,Unknown,Unknown/Other,Damaged/Construction,Twilight,4,4,8,Fatal,Fog/Mist
301,KAG_000302,Kaggle_Accident_prediction,2022,November,Wednesday,Arunachal Pradesh,Truck,Unidentified,2,18-30,Unknown,Unknown/Other,Damaged/Construction,Twilight,1,7,8,Serious,Rainy
302,KAG_000303,Kaggle_Accident_prediction,2021,January,Thursday,Chandigarh,Truck,Unidentified,3,31-50,Unknown,Unknown/Other,Damaged/Construction,Dark,4,0,3,Fatal,Rainy
303,KAG_000304,Kaggle_Accident_prediction,2021,March,Tuesday,Haryana,Truck,Unidentified,3,31-50,Unknown,Unknown/Other,Dry,Twilight,0,7,7,Minor,Rainy
304,KAG_000305,Kaggle_Accident_prediction,2020,December,Tuesday,Chhattisgarh,Truck,Unidentified,2,Over 51,Unknown,Unknown/Other,Wet,Daylight,1,8,9,Serious,Rainy
305,KAG_000306,Kaggle_Accident_prediction,2023,June,Monday,Punjab,Truck,Unidentified,4,Over 51,Unknown,Unknown/Other,Dry,Twilight,4,1,5,Serious,Rainy
306,KAG_000307,Kaggle_Accident_prediction,2018,February,Thursday,Goa,Truck,Unidentified,5,31-50,Unknown,Unknown/Other,Damaged/Construction,Daylight,0,7,7,Minor,Rainy
307,KAG_000308,Kaggle_Accident_prediction,2022,August,Sunday,Gujarat,Truck,Unidentified,1,18-30,Unknown,Unknown/Other,Wet,Twilight,1,9,10,Serious,Rainy
308,KAG_000309,Kaggle_Accident_prediction,2021,April,Saturday,Uttarakhand,Truck,Unidentified,2,18-30,Unknown,Unknown/Other,Wet,Dark,0,7,7,Minor,Rainy
309,KAG_000310,Kaggle_Accident_prediction,2022,October,Saturday,Rajasthan,Truck,Unidentified,4,31-50,Unknown,Unknown/Other,Dry,Daylight,3,6,9,Serious,Fog/Mist
310,KAG_000311,Kaggle_Accident_prediction,2021,February,Monday,Delhi,Truck,Unidentified,2,Over 51,Unknown,Unknown/Other,Wet,Twilight,3,0,0,Serious,Clear
311,KAG_000312,Kaggle_Accident_prediction,2021,April,Thursday,Himachal Pradesh,Truck,Unidentified,1,Over 51,Unknown,Unknown/Other,Dry,Twilight,1,5,6,Serious,Fog/Mist
312,KAG_000313,Kaggle_Accident_prediction,2020,October,Thursday,Maharashtra,Truck,Unidentified,3,Over 51,Unknown,Unknown/Other,Dry,Daylight,3,0,1,Fatal,Rainy
313,KAG_000314,Kaggle_Accident_prediction,2022,August,Tuesday,Arunachal Pradesh,Truck,Unidentified,4,18-30,Unknown,Unknown/Other,Wet,Twilight,3,0,0,Minor,Fog/Mist
314,KAG_000315,Kaggle_Accident_prediction,2021,July,Monday,Arunachal Pradesh,Truck,Unidentified,3,31-50,Unknown,Unknown/Other,Damaged/Construction,Dark,4,4,8,Minor,Fog/Mist
315,KAG_000316,Kaggle_Accident_prediction,2022,August,Monday,Bihar,Truck,Unidentified,1,18-30,Unknown,Unknown/Other,Damaged/Construction,Twilight,3,0,3,Fatal,Fog/Mist
316,KAG_000317,Kaggle_Accident_prediction,2021,May,Wednesday,Uttar Pradesh,Truck,Unidentified,4,31-50,Unknown,Unknown/Other,Wet,Dark,5,0,3,Fatal,Clear
317,KAG_000318,Kaggle_Accident_prediction,2021,January,Saturday,Meghalaya,Truck,Unidentified,1,31-50,Unknown,Unknown/Other,Damaged/Construction,Daylight,0,1,1,Minor,Rainy
318,KAG_000319,Kaggle_Accident_prediction,2019,August,Saturday,Jammu and Kashmir,Truck,Unidentified,1,18-30,Unknown,Unknown/Other,Wet,Dark,1,4,5,Minor,Fog/Mist
319,KAG_000320,Kaggle_Accident_prediction,2021,February,Saturday,Odisha,Truck,Unidentified,1,Over 51,Unknown,Unknown/Other,Damaged/Construction,Daylight,0,3,3,Serious,Rainy
320,KAG_000321,Kaggle_Accident_prediction,2019,July,Friday,Goa,Truck,Unidentified,5,31-50,Unknown,Unknown/Other,Wet,Daylight,4,1,5,Serious,Fog/Mist
321,KAG_000322,Kaggle_Accident_prediction,2023,August,Thursday,Arunachal Pradesh,Truck,Unidentified,1,31-50,Unknown,Unknown/Other,Damaged/Construction,Twilight,2,0,1,Fatal,Rainy
322,KAG_000323,Kaggle_Accident_prediction,2019,February,Thursday,Bihar,Truck,Unidentified,1,18-30,Unknown,Unknown/Other,Damaged/Construction,Twilight,2,3,5,Minor,Fog/Mist
323,KAG_000324,Kaggle_Accident_prediction,2020,November,Monday,Assam,Truck,Unidentified,3,18-30,Unknown,Unknown/Other,Damaged/Construction,Dark,2,2,4,Serious,Clear
324,KAG_000325,Kaggle_Accident_prediction,2022,September,Monday,Jammu and Kashmir,Truck,Unidentified,4,Over 51,Unknown,Unknown/Other,Damaged/Construction,Twilight,5,0,2,Fatal,Fog/Mist
325,KAG_000326,Kaggle_Accident_prediction,2022,November,Monday,Rajasthan,Truck,Unidentified,4,Over 51,Unknown,Unknown/Other,Damaged/Construction,Dark,3,0,3,Minor,Fog/Mist
326,KAG_000327,Kaggle_Accident_prediction,2023,November,Wednesday,Jammu and Kashmir,Truck,Unidentified,5,18-30,Unknown,Unknown/Other,Damaged/Construction,Dark,2,5,7,Minor,Clear
327,KAG_000328,Kaggle_Accident_prediction,2018,November,Friday,Arunachal Pradesh,Truck,Unidentified,5,Over 51,Unknown,Unknown/Other,Wet,Twilight,5,3,8,Fatal,Fog/Mist
328,KAG_000329,Kaggle_Accident_prediction,2019,August,Friday,Jharkhand,Truck,Unidentified,4,Over 51,Unknown,Unknown/Other,Damaged/Construction,Twilight,2,4,6,Serious,Fog/Mist
329,KAG_000330,Kaggle_Accident_prediction,2018,April,Friday,Haryana,Truck,Unidentified,2,Over 51,Unknown,Unknown/Other,Damaged/Construction,Daylight,1,6,7,Minor,Fog/Mist
330,KAG_000331,Kaggle_Accident_prediction,2022,January,Sunday,Puducherry,Truck,Unidentified,2,31-50,Unknown,Unknown/Other,Damaged/Construction,Daylight,3,4,7,Minor,Fog/Mist
331,KAG_000332,Kaggle_Accident_prediction,2021,March,Sunday,Rajasthan,Truck,Unidentified,5,18-30,Unknown,Unknown/Other,Damaged/Construction,Twilight,2,7,9,Serious,Fog/Mist
332,KAG_000333,Kaggle_Accident_prediction,2018,August,Monday,Kerala,Truck,Unidentified,3,Over 51,Unknown,Unknown/Other,Damaged/Construction,Twilight,2,3,5,Serious,Rainy
333,KAG_000334,Kaggle_Accident_prediction,2023,November,Wednesday,Chhattisgarh,Truck,Unidentified,1,18-30,Unknown,Unknown/Other,Wet,Twilight,0,10,10,Serious,Fog/Mist
334,KAG_000335,Kaggle_Accident_prediction,2021,March,Thursday,Bihar,Truck,Unidentified,3,Over 51,Unknown,Unknown/Other,Damaged/Construction,Dark,1,0,0,Fatal,Rainy
335,KAG_000336,Kaggle_Accident_prediction,2023,September,Wednesday,Uttarakhand,Truck,Unidentified,5,31-50,Unknown,Unknown/Other,Dry,Twilight,3,2,5,Serious,Fog/Mist
336,KAG_000337,Kaggle_Accident_prediction,2020,August,Friday,Karnataka,Truck,Unidentified,2,Over 51,Unknown,Unknown/Other,Damaged/Construction,Twilight,0,10,10,Minor,Rainy
337,KAG_000338,Kaggle_Accident_prediction,2021,February,Monday,Rajasthan,Truck,Unidentified,3,18-30,Unknown,Unknown/Other,Dry,Twilight,5,3,8,Serious,Fog/Mist
338,KAG_000339,Kaggle_Accident_prediction,2020,May,Monday,Goa,Truck,Unidentified,4,Over 51,Unknown,Unknown/Other,Damaged/Construction,Dark,2,0,2,Serious,Fog/Mist
339,KAG_000340,Kaggle_Accident_prediction,2023,April,Saturday,Bihar,Truck,Unidentified,4,31-50,Unknown,Unknown/Other,Wet,Twilight,5,0,4,Minor,Fog/Mist
340,KAG_000341,Kaggle_Accident_prediction,2022,November,Friday,Assam,Truck,Unidentified,1,18-30,Unknown,Unknown/Other,Dry,Dark,0,3,3,Minor,Rainy
341,KAG_000342,Kaggle_Accident_prediction,2022,June,Wednesday,Mizoram,Truck,Unidentified,1,31-50,Unknown,Unknown/Other,Dry,Dark,3,3,6,Minor,Fog/Mist
342,KAG_000343,Kaggle_Accident_prediction,2019,July,Tuesday,Assam,Truck,Unidentified,2,Over 51,Unknown,Unknown/Other,Damaged/Construction,Twilight,3,1,4,Fatal,Clear
343,KAG_000344,Kaggle_Accident_prediction,2021,December,Saturday,Chhattisgarh,Truck,Unidentified,4,31-50,Unknown,Unknown/Other,Damaged/Construction,Twilight,1,6,7,Minor,Rainy
344,KAG_000345,Kaggle_Accident_prediction,2021,December,Friday,Uttar Pradesh,Truck,Unidentified,2,31-50,Unknown,Unknown/Other,Damaged/Construction,Daylight,1,4,5,Minor,Clear
345,KAG_000346,Kaggle_Accident_prediction,2023,May,Tuesday,Jharkhand,Truck,Unidentified,3,31-50,Unknown,Unknown/Other,Dry,Twilight,1,6,7,Serious,Fog/Mist
346,KAG_000347,Kaggle_Accident_prediction,2019,June,Sunday,Manipur,Truck,Unidentified,5,18-30,Unknown,Unknown/Other,Dry,Twilight,0,1,1,Minor,Rainy
347,KAG_000348,Kaggle_Accident_prediction,2018,April,Friday,Maharashtra,Truck,Unidentified,5,31-50,Unknown,Unknown/Other,Dry,Dark,2,0,1,Fatal,Rainy
348,KAG_000349,Kaggle_Accident_prediction,2022,August,Wednesday,Odisha,Truck,Unidentified,3,18-30,Unknown,Unknown/Other,Dry,Twilight,0,4,4,Serious,Fog/Mist
349,KAG_000350,Kaggle_Accident_prediction,2020,October,Saturday,Karnataka,Truck,Unidentified,3,31-50,Unknown,Unknown/Other,Damaged/Construction,Dark,3,6,9,Fatal,Fog/Mist
350,KAG_000351,Kaggle_Accident_prediction,2023,September,Monday,Telangana,Truck,Unidentified,1,Over 51,Unknown,Unknown/Other,Damaged/Construction,Dark,5,0,3,Fatal,Fog/Mist
351,KAG_000352,Kaggle_Accident_prediction,2018,September,Saturday,Punjab,Truck,Unidentified,1,Over 51,Unknown,Unknown/Other,Damaged/Construction,Dark,4,0,0,Serious,Fog/Mist
352,KAG_000353,Kaggle_Accident_prediction,2018,April,Thursday,Goa,Truck,Unidentified,2,31-50,Unknown,Unknown/Other,Damaged/Construction,Daylight,2,6,8,Fatal,Clear
353,KAG_000354,Kaggle_Accident_prediction,2018,July,Tuesday,Kerala,Truck,Unidentified,5,Over 51,Unknown,Unknown/Other,Dry,Twilight,3,6,9,Fatal,Clear
354,KAG_000355,Kaggle_Accident_prediction,2019,August,Thursday,Uttarakhand,Truck,Unidentified,3,18-30,Unknown,Unknown/Other,Wet,Twilight,1,5,6,Minor,Fog/Mist
355,KAG_000356,Kaggle_Accident_prediction,2021,July,Thursday,Sikkim,Truck,Unidentified,3,18-30,Unknown,Unknown/Other,Dry,Dark,0,0,0,Serious,Fog/Mist
356,KAG_000357,Kaggle_Accident_prediction,2020,March,Saturday,Sikkim,Truck,Unidentified,2,31-50,Unknown,Unknown/Other,Dry,Dark,0,10,10,Fatal,Fog/Mist
357,KAG_000358,Kaggle_Accident_prediction,2018,June,Saturday,Kerala,Truck,Unidentified,1,18-30,Unknown,Unknown/Other,Damaged/Construction,Dark,2,3,5,Fatal,Rainy
358,KAG_000359,Kaggle_Accident_prediction,2022,April,Monday,Maharashtra,Truck,Unidentified,3,Over 51,Unknown,Unknown/Other,Damaged/Construction,Daylight,4,4,8,Fatal,Clear
359,KAG_000360,Kaggle_Accident_prediction,2019,December,Thursday,Andhra Pradesh,Truck,Unidentified,4,Over 51,Unknown,Unknown/Other,Damaged/Construction,Dark,1,1,2,Fatal,Rainy
360,KAG_000361,Kaggle_Accident_prediction,2018,February,Wednesday,Tamil Nadu,Truck,Unidentified,2,Over 51,Unknown,Unknown/Other,Damaged/Construction,Dark,2,2,4,Serious,Rainy
361,KAG_000362,Kaggle_Accident_prediction,2020,October,Saturday,Uttar Pradesh,Truck,Unidentified,3,31-50,Unknown,Unknown/Other,Damaged/Construction,Dark,0,5,5,Minor,Fog/Mist
362,KAG_000363,Kaggle_Accident_prediction,2020,February,Tuesday,West Bengal,Truck,Unidentified,2,Over 51,Unknown,Unknown/Other,Wet,Twilight,1,4,5,Fatal,Rainy
363,KAG_000364,Kaggle_Accident_prediction,2020,January,Saturday,West Bengal,Truck,Unidentified,2,18-30,Unknown,Unknown/Other,Damaged/Construction,Twilight,3,0,0,Serious,Fog/Mist
364,KAG_000365,Kaggle_Accident_prediction,2019,August,Thursday,Tripura,Truck,Unidentified,5,18-30,Unknown,Unknown/Other,Dry,Twilight,4,5,9,Minor,Fog/Mist
365,KAG_000366,Kaggle_Accident_prediction,2023,July,Sunday,Andhra Pradesh,Truck,Unidentified,3,18-30,Unknown,Unknown/Other,Dry,Dark,3,7,10,Serious,Fog/Mist
366,KAG_000367,Kaggle_Accident_prediction,2022,February,Friday,Rajasthan,Truck,Unidentified,3,31-50,Unknown,Unknown/Other,Wet,Twilight,4,0,4,Fatal,Fog/Mist
367,KAG_000368,Kaggle_Accident_prediction,2019,December,Thursday,Madhya Pradesh,Truck,Unidentified,3,31-50,Unknown,Unknown/Other,Damaged/Construction,Twilight,3,1,4,Fatal,Fog/Mist
368,KAG_000369,Kaggle_Accident_prediction,2022,January,Monday,Meghalaya,Truck,Unidentified,4,31-50,Unknown,Unknown/Other,Wet,Daylight,2,8,10,Fatal,Rainy
369,KAG_000370,Kaggle_Accident_prediction,2023,March,Tuesday,Tripura,Truck,Unidentified,1,31-50,Unknown,Unknown/Other,Dry,Daylight,5,1,6,Serious,Rainy
370,KAG_000371,Kaggle_Accident_prediction,2020,February,Monday,Sikkim,Truck,Unidentified,2,Over 51,Unknown,Unknown/Other,Dry,Twilight,0,7,7,Serious,Fog/Mist
371,KAG_000372,Kaggle_Accident_prediction,2021,November,Saturday,West Bengal,Truck,Unidentified,5,31-50,Unknown,Unknown/Other,Damaged/Construction,Twilight,1,8,9,Fatal,Fog/Mist
372,KAG_000373,Kaggle_Accident_prediction,2018,September,Tuesday,Goa,Truck,Unidentified,2,31-50,Unknown,Unknown/Other,Damaged/Construction,Daylight,4,1,5,Fatal,Rainy
373,KAG_000374,Kaggle_Accident_prediction,2019,January,Tuesday,Mizoram,Truck,Unidentified,1,Over 51,Unknown,Unknown/Other,Wet,Daylight,1,5,6,Minor,Rainy
374,KAG_000375,Kaggle_Accident_prediction,2022,February,Sunday,Uttar Pradesh,Truck,Unidentified,4,31-50,Unknown,Unknown/Other,Damaged/Construction,Twilight,4,0,3,Serious,Fog/Mist
375,KAG_000376,Kaggle_Accident_prediction,2020,June,Saturday,Nagaland,Truck,Unidentified,1,18-30,Unknown,Unknown/Other,Dry,Twilight,3,4,7,Minor,Rainy
376,KAG_000377,Kaggle_Accident_prediction,2023,August,Thursday,Punjab,Truck,Unidentified,4,31-50,Unknown,Unknown/Other,Damaged/Construction,Daylight,2,7,9,Serious,Rainy
377,KAG_000378,Kaggle_Accident_prediction,2018,March,Wednesday,Mizoram,Truck,Unidentified,4,Over 51,Unknown,Unknown/Other,Dry,Dark,2,8,10,Fatal,Rainy
378,KAG_000379,Kaggle_Accident_prediction,2022,December,Friday,Uttarakhand,Truck,Unidentified,5,31-50,Unknown,Unknown/Other,Damaged/Construction,Twilight,4,0,3,Minor,Rainy
379,KAG_000380,Kaggle_Accident_prediction,2023,March,Wednesday,West Bengal,Truck,Unidentified,2,Over 51,Unknown,Unknown/Other,Damaged/Construction,Dark,4,6,10,Fatal,Rainy
380,KAG_000381,Kaggle_Accident_prediction,2022,September,Thursday,Punjab,Truck,Unidentified,3,31-50,Unknown,Unknown/Other,Wet,Twilight,1,7,8,Fatal,Rainy
381,KAG_000382,Kaggle_Accident_prediction,2023,March,Wednesday,Puducherry,Truck,Unidentified,1,31-50,Unknown,Unknown/Other,Wet,Daylight,1,4,5,Serious,Clear
382,KAG_000383,Kaggle_Accident_prediction,2022,December,Thursday,Nagaland,Truck,Unidentified,5,Over 51,Unknown,Unknown/Other,Damaged/Construction,Twilight,3,7,10,Minor,Fog/Mist
383,KAG_000384,Kaggle_Accident_prediction,2019,September,Tuesday,Delhi,Truck,Unidentified,3,31-50,Unknown,Unknown/Other,Dry,Twilight,5,2,7,Minor,Fog/Mist
384,KAG_000385,Kaggle_Accident_prediction,2018,November,Wednesday,Mizoram,Truck,Unidentified,1,31-50,Unknown,Unknown/Other,Damaged/Construction,Daylight,3,5,8,Minor,Rainy
385,KAG_000386,Kaggle_Accident_prediction,2020,March,Tuesday,Karnataka,Truck,Unidentified,4,31-50,Unknown,Unknown/Other,Damaged/Construction,Daylight,4,2,6,Fatal,Rainy
386,KAG_000387,Kaggle_Accident_prediction,2020,December,Wednesday,Rajasthan,Truck,Unidentified,5,31-50,Unknown,Unknown/Other,Wet,Twilight,0,2,2,Serious,Fog/Mist
387,KAG_000388,Kaggle_Accident_prediction,2022,April,Friday,Tamil Nadu,Truck,Unidentified,2,31-50,Unknown,Unknown/Other,Damaged/Construction,Twilight,5,1,6,Serious,Rainy
388,KAG_000389,Kaggle_Accident_prediction,2020,October,Wednesday,Jharkhand,Truck,Unidentified,5,18-30,Unknown,Unknown/Other,Wet,Twilight,0,10,10,Serious,Rainy
389,KAG_000390,Kaggle_Accident_prediction,2020,October,Saturday,Goa,Truck,Unidentified,2,31-50,Unknown,Unknown/Other,Wet,Twilight,5,1,6,Fatal,Rainy
390,KAG_000391,Kaggle_Accident_prediction,2020,February,Thursday,Karnataka,Truck,Unidentified,5,31-50,Unknown,Unknown/Other,Dry,Twilight,4,0,4,Serious,Rainy
391,KAG_000392,Kaggle_Accident_prediction,2021,October,Wednesday,Jammu and Kashmir,Truck,Unidentified,1,Over 51,Unknown,Unknown/Other,Dry,Twilight,5,0,0,Serious,Rainy
392,KAG_000393,Kaggle_Accident_prediction,2019,December,Wednesday,Jharkhand,Truck,Unidentified,5,31-50,Unknown,Unknown/Other,Wet,Dark,1,2,3,Minor,Fog/Mist
393,KAG_000394,Kaggle_Accident_prediction,2020,November,Sunday,Nagaland,Truck,Unidentified,5,18-30,Unknown,Unknown/Other,Damaged/Construction,Dark,1,4,5,Minor,Rainy
394,KAG_000395,Kaggle_Accident_prediction,2021,February,Monday,Odisha,Truck,Unidentified,5,Over 51,Unknown,Unknown/Other,Dry,Dark,4,1,5,Minor,Rainy
395,KAG_000396,Kaggle_Accident_prediction,2018,September,Tuesday,Kerala,Truck,Unidentified,3,31-50,Unknown,Unknown/Other,Dry,Twilight,4,0,2,Minor,Rainy
396,KAG_000397,Kaggle_Accident_prediction,2023,July,Tuesday,Punjab,Truck,Unidentified,5,Over 51,Unknown,Unknown/Other,Wet,Twilight,0,10,10,Fatal,Clear
397,KAG_000398,Kaggle_Accident_prediction,2018,May,Saturday,Manipur,Truck,Unidentified,5,Over 51,Unknown,Unknown/Other,Dry,Daylight,2,0,2,Serious,Fog/Mist
398,KAG_000399,Kaggle_Accident_prediction,2020,May,Friday,Andhra Pradesh,Truck,Unidentified,2,31-50,Unknown,Unknown/Other,Wet,Dark,1,6,7,Serious,Fog/Mist
399,KAG_000400,Kaggle_Accident_prediction,2023,September,Tuesday,Puducherry,Truck,Unidentified,5,Over 51,Unknown,Unknown/Other,Damaged/Construction,Twilight,3,6,9,Fatal,Clear
400,KAG_000401,Kaggle_Accident_prediction,2020,July,Monday,Sikkim,Truck,Unidentified,4,Over 51,Unknown,Unknown/Other,Damaged/Construction,Twilight,0,7,7,Serious,Rainy
401,KAG_000402,Kaggle_Accident_prediction,2022,December,Monday,Chhattisgarh,Truck,Unidentified,2,Over 51,Unknown,Unknown/Other,Dry,Twilight,5,0,0,Fatal,Fog/Mist
402,KAG_000403,Kaggle_Accident_prediction,2023,October,Thursday,Arunachal Pradesh,Truck,Unidentified,1,18-30,Unknown,Unknown/Other,Damaged/Construction,Dark,1,1,2,Fatal,Fog/Mist
403,KAG_000404,Kaggle_Accident_prediction,2022,July,Friday,Goa,Truck,Unidentified,5,18-30,Unknown,Unknown/Other,Damaged/Construction,Twilight,3,6,9,Minor,Rainy