,accident_id,source,year,month,day_of_week,state,vehicle_1,vehicle_2,vehicles_involved,party_age_group,victim_age_group,cause_of_accident,road_condition,lighting_condition,fatalities,injuries,casualties,severity,weather_group
404,KAG_000405,Kaggle_Accident_prediction,2020,April,Tuesday,Arunachal Pradesh,Truck,Unidentified,1,Over 51,Unknown,Unknown/Other,Wet,Daylight,2,6,8,Serious,Rainy
405,KAG_000406,Kaggle_Accident_prediction,2020,January,Monday,Jammu and Kashmir,Truck,Unidentified,3,Over 51,Unknown,Unknown/Other,Damaged/Construction,Twilight,2,8,10,Minor,Rainy
406,KAG_000407,Kaggle_Accident_prediction,2020,September,Friday,Madhya Pradesh,Truck,Unidentified,5,18-30,Unknown,Unknown/Other,Wet,Twilight,5,5,10,Serious,Fog/Mist
407,KAG_000408,Kaggle_Accident_prediction,2021,June,Friday,Nagaland,Truck,Unidentified,4,18-30,Unknown,Unknown/Other,Damaged/Construction,Twilight,2,3,5,Serious,Fog/Mist
408,KAG_000409,Kaggle_Accident_prediction,2018,November,Saturday,Tamil Nadu,Truck,Unidentified,2,Over 51,Unknown,Unknown/Other,Wet,Dark,5,0,1,Fatal,Fog/Mist
409,KAG_000410,Kaggle_Accident_prediction,2022,August,Wednesday,Goa,Truck,Unidentified,2,31-50,Unknown,Unknown/Other,Damaged/Construction,Dark,5,0,1,Serious,Rainy
410,KAG_000411,Kaggle_Accident_prediction,2021,September,Friday,Kerala,Truck,Unidentified,5,Over 51,Unknown,Unknown/Other,Wet,Twilight,3,1,4,Serious,Fog/Mist
411,KAG_000412,Kaggle_Accident_prediction,2022,April,Sunday,Rajasthan,Truck,Unidentified,3,31-50,Unknown,Unknown/Other,Dry,Dark,5,1,6,Minor,Clear
412,KAG_000413,Kaggle_Accident_prediction,2021,May,Friday,Chhattisgarh,Truck,Unidentified,4,18-30,Unknown,Unknown/Other,Damaged/Construction,Twilight,3,1,4,Minor,Fog/Mist
413,KAG_000414,Kaggle_Accident_prediction,2020,December,Friday,Jharkhand,Truck,Unidentified,4,31-50,Unknown,Unknown/Other,Damaged/Construction,Dark,0,3,3,Minor,Fog/Mist
414,KAG_000415,Kaggle_Accident_prediction,2022,March,Friday,Jharkhand,Truck,Unidentified,3,18-30,Unknown,Unknown/Other,Wet,Daylight,2,7,9,Minor,Clear
415,KAG_000416,Kaggle_Accident_prediction,2020,March,Thursday,Maharashtra,Truck,Unidentified,1,18-30,Unknown,Unknown/Other,Dry,Dark,3,3,6,Serious,Fog/Mist
416,KAG_000417,Kaggle_Accident_prediction,2023,December,Monday,West Bengal,Truck,Unidentified,5,18-30,Unknown,Unknown/Other,Wet,Twilight,5,5,10,Fatal,Fog/Mist
417,KAG_000418,Kaggle_Accident_prediction,2021,October,Sunday,Delhi,Truck,Unidentified,3,Over 51,Unknown,Unknown/Other,Dry,Twilight,5,0,2,Fatal,Rainy
418,KAG_000419,Kaggle_Accident_prediction,2018,June,Saturday,Chhattisgarh,Truck,Unidentified,5,Over 51,Unknown,Unknown/Other,Dry,Twilight,1,2,3,Serious,Rainy
419,KAG_000420,Kaggle_Accident_prediction,2023,April,Friday,Chhattisgarh,Truck,Unidentified,2,Over 51,Unknown,Unknown/Other,Dry,Dark,0,0,0,Serious,Rainy
420,KAG_000421,Kaggle_Accident_prediction,2018,March,Thursday,Jammu and Kashmir,Truck,Unidentified,1,18-30,Unknown,Unknown/Other,Dry,Twilight,3,0,1,Fatal,Fog/Mist
421,KAG_000422,Kaggle_Accident_prediction,2020,June,Monday,Andhra Pradesh,Truck,Unidentified,2,Over 51,Unknown,Unknown/Other,Damaged/Construction,Dark,4,5,9,Minor,Fog/Mist
422,KAG_000423,Kaggle_Accident_prediction,2021,October,Friday,Uttar Pradesh,Truck,Unidentified,2,31-50,Unknown,Unknown/Other,Dry,Twilight,1,3,4,Serious,Clear
423,KAG_000424,Kaggle_Accident_prediction,2021,May,Tuesday,Gujarat,Truck,Unidentified,2,31-50,Unknown,Unknown/Other,Damaged/Construction,Twilight,4,4,8,Minor,Rainy
424,KAG_000425,Kaggle_Accident_prediction,2019,July,Friday,Kerala,Truck,Unidentified,5,Over 51,Unknown,Unknown/Other,Damaged/Construction,Daylight,5,0,1,Fatal,Clear
425,KAG_000426,Kaggle_Accident_prediction,2022,January,Sunday,Uttarakhand,Truck,Unidentified,3,18-30,Unknown,Unknown/Other,Dry,Dark,2,0,2,Minor,Rainy
426,KAG_000427,Kaggle_Accident_prediction,2019,July,Monday,Tripura,Truck,Unidentified,3,Over 51,Unknown,Unknown/Other,Wet,Twilight,1,1,2,Fatal,Fog/Mist
427,KAG_000428,Kaggle_Accident_prediction,2019,June,Wednesday,Jammu and Kashmir,Truck,Unidentified,4,31-50,Unknown,Unknown/Other,Damaged/Construction,Twilight,3,2,5,Minor,Fog/Mist
428,KAG_000429,Kaggle_Accident_prediction,2018,September,Friday,Mizoram,Truck,Unidentified,2,18-30,Unknown,Unknown/Other,Wet,Daylight,2,0,1,Serious,Fog/Mist
429,KAG_000430,Kaggle_Accident_prediction,2021,May,Tuesday,Manipur,Truck,Unidentified,5,18-30,Unknown,Unknown/Other,Wet,Twilight,0,10,10,Serious,Fog/Mist
430,KAG_000431,Kaggle_Accident_prediction,2020,April,Thursday,Chandigarh,Truck,Unidentified,4,18-30,Unknown,Unknown/Other,Dry,Twilight,4,0,1,Fatal,Fog/Mist
431,KAG_000432,Kaggle_Accident_prediction,2022,December,Sunday,Odisha,Truck,Unidentified,4,Over 51,Unknown,Unknown/Other,Damaged/Construction,Daylight,5,0,0,Minor,Rainy
432,KAG_000433,Kaggle_Accident_prediction,2018,October,Saturday,Delhi,Truck,Unidentified,3,Over 51,Unknown,Unknown/Other,Damaged/Construction,Dark,2,4,6,Minor,Clear
433,KAG_000434,Kaggle_Accident_prediction,2022,February,Monday,Kerala,Truck,Unidentified,1,18-30,Unknown,Unknown/Other,Damaged/Construction,Twilight,4,5,9,Serious,Fog/Mist
434,KAG_000435,Kaggle_Accident_prediction,2019,March,Thursday,Jammu and Kashmir,Truck,Unidentified,4,18-30,Unknown,Unknown/Other,Damaged/Construction,Dark,5,1,6,Minor,Rainy
435,KAG_000436,Kaggle_Accident_prediction,2019,January,Thursday,Goa,Truck,Unidentified,1,31-50,Unknown,Unknown/Other,Wet,Twilight,3,0,0,Fatal,Rainy
436,KAG_000437,Kaggle_Accident_prediction,2021,November,Sunday,Telangana,Truck,Unidentified,3,Over 51,Unknown,Unknown/Other,Damaged/Construction,Twilight,0,4,4,Serious,Fog/Mist
437,KAG_000438,Kaggle_Accident_prediction,2018,October,Wednesday,West Bengal,Truck,Unidentified,4,Over 51,Unknown,Unknown/Other,Damaged/Construction,Twilight,2,5,7,Serious,Clear
438,KAG_000439,Kaggle_Accident_prediction,2022,June,Sunday,Odisha,Truck,Unidentified,1,18-30,Unknown,Unknown/Other,Damaged/Construction,Twilight,2,0,1,Serious,Fog/Mist
439,KAG_000440,Kaggle_Accident_prediction,2021,June,Thursday,Arunachal Pradesh,Truck,Unidentified,2,Over 51,Unknown,Unknown/Other,Dry,Dark,2,4,6,Serious,Fog/Mist
440,KAG_000441,Kaggle_Accident_prediction,2022,November,Tuesday,Meghalaya,Truck,Unidentified,4,31-50,Unknown,Unknown/Other,Damaged/Construction,Twilight,4,4,8,Serious,Clear
441,KAG_000442,Kaggle_Accident_prediction,2023,January,Wednesday,Delhi,Truck,Unidentified,2,31-50,Unknown,Unknown/Other,Damaged/Construction,Daylight,4,2,6,Minor,Fog/Mist
442,KAG_000443,Kaggle_Accident_prediction,2019,March,Thursday,Tamil Nadu,Truck,Unidentified,3,Over 51,Unknown,Unknown/Other,Dry,Daylight,2,6,8,Fatal,Rainy
443,KAG_000444,Kaggle_Accident_prediction,2019,May,Thursday,West Bengal,Truck,Unidentified,3,Over 51,Unknown,Unknown/Other,Dry,Twilight,4,1,5,Fatal,Rainy
444,KAG_000445,Kaggle_Accident_prediction,2021,February,Wednesday,Rajasthan,Truck,Unidentified,3,Over 51,Unknown,Unknown/Other,Damaged/Construction,Daylight,0,7,7,Serious,Fog/Mist
445,KAG_000446,Kaggle_Accident_prediction,2023,February,Saturday,Haryana,Truck,Unidentified,1,Over 51,Unknown,Unknown/Other,Damaged/Construction,Twilight,3,7,10,Fatal,Fog/Mist
446,KAG_000447,Kaggle_Accident_prediction,2023,August,Monday,Chandigarh,Truck,Unidentified,1,Over 51,Unknown,Unknown/Other,Damaged/Construction,Dark,3,4,7,Minor,Rainy
447,KAG_000448,Kaggle_Accident_prediction,2019,December,Friday,Kerala,Truck,Unidentified,5,18-30,Unknown,Unknown/Other,Damaged/Construction,Dark,4,1,5,Serious,Clear
448,KAG_000449,Kaggle_Accident_prediction,2021,January,Sunday,Tamil Nadu,Truck,Unidentified,5,31-50,Unknown,Unknown/Other,Wet,Dark,3,1,4,Minor,Fog/Mist
449,KAG_000450,Kaggle_road_csv,0,October,Monday,Unknown,Truck,Unidentified,2,18-30,31-50,Lane Violation,Dry,Daylight,0,0,2,Serious,Clear
450,KAG_000451,Kaggle_road_csv,0,October,Friday,Unknown,Truck,Unidentified,2,18-30,Under 18,Lane Violation,Dry,Daylight,0,0,1,Minor,Clear
451,KAG_000452,Kaggle_road_csv,0,March,Thursday,Unknown,Truck,Unidentified,2,31-50,Unknown,Reckless Driving,Dry,Daylight,0,0,2,Minor,Clear
452,KAG_000453,Kaggle_road_csv,0,August,Monday,Unknown,Truck,Unidentified,2,18-30,Unknown,No Distancing/Rear End,Wet,Dark,0,0,3,Serious,Rainy
453,KAG_000454,Kaggle_road_csv,0,October,Tuesday,Unknown,Truck,Unidentified,2,Under 18,Unknown,Reckless Driving,Dry,Daylight,0,0,1,Minor,Clear
454,KAG_000455,Kaggle_road_csv,0,October,Thursday,Unknown,Truck,Unidentified,1,18-30,18-30,Lane Violation,Dry,Daylight,0,0,1,Serious,Clear
455,KAG_000456,Kaggle_road_csv,0,October,Thursday,Unknown,Truck,Unidentified,2,18-30,31-50,Loss of Control,Dry,Daylight,0,0,1,Serious,Clear
456,KAG_000457,Kaggle_road_csv,0,May,Tuesday,Unknown,Truck,Unidentified,2,18-30,18-30,Speeding,Dry,Daylight,0,0,1,Minor,Clear
457,KAG_000458,Kaggle_road_csv,0,April,Thursday,Unknown,Truck,Unidentified,2,18-30,18-30,Lane Violation,Dry,Daylight,0,0,1,Minor,Clear
458,KAG_000459,Kaggle_road_csv,0,April,Friday,Unknown,Truck,Unidentified,1,31-50,Unknown,Lane Violation,Dry,Daylight,0,0,1,Serious,Clear
459,KAG_000460,Kaggle_road_csv,0,July,Tuesday,Unknown,Truck,Unidentified,2,Over 51,18-30,Reckless Driving,Wet,Daylight,0,0,1,Minor,Rainy
460,KAG_000461,Kaggle_road_csv,0,October,Wednesday,Unknown,Truck,Unidentified,2,18-30,Unknown,Unknown/Other,Dry,Daylight,0,0,1,Minor,Clear
461,KAG_000462,Kaggle_road_csv,0,March,Monday,Unknown,Truck,Unidentified,2,18-30,18-30,Lane Violation,Dry,Dark,0,0,1,Minor,Clear
462,KAG_000463,Kaggle_road_csv,0,April,Tuesday,Unknown,Truck,Unidentified,1,Over 51,31-50,Lane Violation,Dry,Daylight,0,0,1,Serious,Clear
463,KAG_000464,Kaggle_road_csv,0,March,Wednesday,Unknown,Truck,Unidentified,2,31-50,31-50,Lane Violation,Wet,Dark,0,0,1,Serious,Clear
464,KAG_000465,Kaggle_road_csv,0,October,Wednesday,Unknown,Truck,Unidentified,2,31-50,18-30,Loss of Control,Wet,Dark,0,0,1,Serious,Clear
465,KAG_000466,Kaggle_road_csv,0,March,Sunday,Unknown,Truck,Unidentified,1,Over 51,Under 18,No Distancing/Rear End,Dry,Daylight,0,0,2,Minor,Clear
466,KAG_000467,Kaggle_road_csv,0,March,Monday,Unknown,Truck,Unidentified,2,18-30,31-50,Lane Violation,Dry,Daylight,0,0,1,Serious,Clear
467,KAG_000468,Kaggle_road_csv,0,October,Sunday,Unknown,Truck,Unidentified,2,31-50,31-50,No Distancing/Rear End,Dry,Daylight,0,0,1,Fatal,Clear
468,KAG_000469,Kaggle_road_csv,0,May,Monday,Unknown,Truck,Unidentified,2,18-30,Unknown,No Distancing/Rear End,Dry,Daylight,0,0,1,Minor,Clear
469,KAG_000470,Kaggle_road_csv,0,March,Thursday,Unknown,Truck,Unidentified,3,18-30,Unknown,Reckless Driving,Dry,Daylight,0,0,1,Minor,Clear
470,KAG_000471,Kaggle_road_csv,0,March,Thursday,Unknown,Truck,Unidentified,1,Under 18,Unknown,Reckless Driving,Dry,Dark,0,0,4,Serious,Clear
471,KAG_000472,Kaggle_road_csv,0,April,Monday,Unknown,Truck,Unidentified,3,31-50,Unknown,No Distancing/Rear End,Dry,Dark,0,0,1,Minor,Clear
472,KAG_000473,Kaggle_road_csv,0,May,Saturday,Unknown,Truck,Unidentified,2,18-30,18-30,Lane Violation,Dry,Dark,0,0,3,Minor,Clear
473,KAG_000474,Kaggle_road_csv,0,March,Friday,Unknown,Truck,Unidentified,3,18-30,Over 51,Reckless Driving,Dry,Daylight,0,0,1,Minor,Clear
474,KAG_000475,Kaggle_road_csv,0,April,Tuesday,Unknown,Truck,Unidentified,1,18-30,18-30,Reckless Driving,Dry,Daylight,0,0,1,Serious,Clear
475,KAG_000476,Kaggle_road_csv,0,October,Saturday,Unknown,Truck,Unidentified,1,31-50,Under 18,Lane Violation,Wet,Daylight,0,0,1,Minor,Clear
476,KAG_000477,Kaggle_road_csv,0,August,Saturday,Unknown,Truck,Unidentified,2,18-30,31-50,Lane Violation,Wet,Dark,0,0,1,Minor,Rainy
477,KAG_000478,Kaggle_road_csv,0,March,Friday,Unknown,Truck,Unidentified,1,31-50,Over 51,No Distancing/Rear End,Wet,Dark,0,0,1,Serious,Clear
478,KAG_000479,Kaggle_road_csv,0,May,Thursday,Unknown,Truck,Unidentified,1,Under 18,Unknown,Lane Violation,Wet,Dark,0,0,2,Serious,Clear
479,KAG_000480,Kaggle_road_csv,0,September,Friday,Unknown,Truck,Unidentified,1,18-30,31-50,Reckless Driving,Wet,Dark,0,0,4,Minor,Rainy
480,KAG_000481,Kaggle_road_csv,0,June,Friday,Unknown,Truck,Unidentified,1,18-30,18-30,Lane Violation,Wet,Dark,0,0,4,Minor,Rainy
481,KAG_000482,Kaggle_road_csv,0,May,Sunday,Unknown,Truck,Unidentified,2,31-50,18-30,Lane Violation,Dry,Dark,0,0,2,Minor,Clear
482,KAG_000483,Kaggle_road_csv,0,August,Sunday,Unknown,Truck,Unidentified,2,18-30,31-50,Lane Violation,Wet,Dark,0,0,1,Minor,Rainy
483,KAG_000484,Kaggle_road_csv,0,April,Saturday,Unknown,Truck,Unidentified,2,Unknown,Over 51,Lane Violation,Dry,Daylight,0,0,2,Minor,Clear
484,KAG_000485,Kaggle_road_csv,0,March,Saturday,Unknown,Truck,Unidentified,2,31-50,Over 51,Reckless Driving,Dry,Daylight,0,0,2,Minor,Clear
485,KAG_000486,Kaggle_road_csv,0,April,Sunday,Unknown,Truck,Unidentified,2,31-50,18-30,Unknown/Other,Dry,Dark,0,0,1,Minor,Clear
486,KAG_000487,Kaggle_road_csv,0,October,Monday,Unknown,Truck,Unidentified,2,18-30,Unknown,Unknown/Other,Dry,Daylight,0,0,2,Minor,Clear
487,KAG_000488,Kaggle_road_csv,0,May,Wednesday,Unknown,Truck,Unidentified,1,31-50,31-50,Reckless Driving,Wet,Daylight,0,0,1,Minor,Clear
488,KAG_000489,Kaggle_road_csv,0,April,Friday,Unknown,Truck,Unidentified,3,31-50,Unknown,Reckless Driving,Wet,Dark,0,0,1,Minor,Clear
489,KAG_000490,Kaggle_road_csv,0,May,Wednesday,Unknown,Truck,Unidentified,1,Over 51,Unknown,Lane Violation,Dry,Daylight,0,0,1,Minor,Clear
490,KAG_000491,Kaggle_road_csv,0,March,Tuesday,Unknown,Truck,Unidentified,1,Unknown,18-30,Lane Violation,Wet,Dark,0,0,1,Minor,Clear
491,KAG_000492,Kaggle_road_csv,0,June,Friday,Unknown,Truck,Unidentified,2,18-30,Under 18,Lane Violation,Wet,Dark,0,0,1,Minor,Rainy
492,KAG_000493,Kaggle_road_csv,0,June,Wednesday,Unknown,Truck,Unidentified,2,18-30,Over 51,Reckless Driving,Wet,Dark,0,0,1,Minor,Rainy
493,KAG_000494,Kaggle_road_csv,0,August,Wednesday,Unknown,Truck,Unidentified,2,18-30,Under 18,No Distancing/Rear End,Wet,Dark,0,0,1,Minor,Rainy
494,KAG_000495,Kaggle_road_csv,0,March,Friday,Unknown,Truck,Unidentified,2,31-50,Unknown,Loss of Control,Wet,Daylight,0,0,1,Serious,Clear
495,KAG_000496,Kaggle_road_csv,0,May,Thursday,Unknown,Truck,Unidentified,2,31-50,18-30,Lane Violation,Wet,Dark,0,0,1,Minor,Clear
496,KAG_000497,Kaggle_road_csv,0,August,Thursday,Unknown,Truck,Unidentified,2,31-50,31-50,Lane Violation,Wet,Dark,0,0,1,Minor,Rainy
497,KAG_000498,Kaggle_road_csv,0,May,Tuesday,Unknown,Truck,Unidentified,1,Over 51,18-30,Lane Violation,Wet,Daylight,0,0,1,Serious,Clear
498,KAG_000499,Kaggle_road_csv,0,August,Friday,Unknown,Truck,Unidentified,2,18-30,31-50,No Distancing/Rear End,Wet,Dark,0,0,3,Serious,Rainy
499,KAG_000500,Kaggle_road_csv,0,July,Friday,Unknown,Truck,Unidentified,2,18-30,18-30,No Distancing/Rear End,Wet,Dark,0,0,3,Serious,Rainy
500,KAG_000501,Kaggle_road_csv,0,September,Thursday,Unknown,Truck,Unidentified,2,18-30,Unknown,No Distancing/Rear End,Wet,Daylight,0,0,2,Minor,Rainy
501,KAG_000502,Kaggle_road_csv,0,April,Saturday,Unknown,Truck,Unidentified,2,18-30,Unknown,Reckless Driving,Wet,Daylight,0,0,2,Minor,Clear
502,KAG_000503,Kaggle_road_csv,0,August,Thursday,Unknown,Truck,Unidentified,2,18-30,Over 51,Lane Violation,Wet,Daylight,0,0,3,Minor,Rainy
503,KAG_000504,Kaggle_road_csv,0,May,Thursday,Unknown,Truck,Unidentified,2,31-50,31-50,No Distancing/Rear End,Wet,Daylight,0,0,2,Minor,Clear
504,KAG_000505,Kaggle_road_csv,0,May,Thursday,Unknown,Truck,Unidentified,2,31-50,Under 18,Reckless Driving,Wet,Daylight,0,0,2,Minor,Clear
505,KAG_000506,Kaggle_road_csv,0,June,Monday,Unknown,Truck,Unidentified,2,18-30,31-50,No Distancing/Rear End,Wet,Dark,0,0,2,Minor,Rainy
506,KAG_000507,Kaggle_road_csv,0,September,Monday,Unknown,Truck,Unidentified,2,18-30,Unknown,Loss of Control,Wet,Dark,0,0,2,Minor,Rainy
507,KAG_000508,Kaggle_road_csv,0,April,Thursday,Unknown,Truck,Unidentified,1,18-30,Under 18,No Distancing/Rear End,Dry,Dark,0,0,1,Minor,Clear
508,KAG_000509,Kaggle_road_csv,0,October,Wednesday,Unknown,Truck,Unidentified,1,18-30,Over 51,Lane Violation,Dry,Dark,0,0,1,Minor,Clear
509,KAG_000510,Kaggle_road_csv,0,April,Wednesday,Unknown,Truck,Unidentified,1,31-50,Unknown,No Distancing/Rear End,Dry,Daylight,0,0,1,Minor,Clear
510,KAG_000511,Kaggle_road_csv,0,September,Friday,Unknown,Truck,Unidentified,2,18-30,Unknown,No Distancing/Rear End,Wet,Dark,0,0,2,Minor,Rainy
511,KAG_000512,Kaggle_road_csv,0,October,Thursday,Unknown,Truck,Unidentified,1,31-50,18-30,Lane Violation,Wet,Daylight,0,0,1,Minor,Clear
512,KAG_000513,Kaggle_road_csv,0,April,Friday,Unknown,Truck,Unidentified,2,31-50,Unknown,Unknown/Other,Wet,Dark,0,0,2,Serious,Clear
513,KAG_000514,Kaggle_road_csv,0,May,Monday,Unknown,Truck,Unidentified,3,31-50,Unknown,Lane Violation,Dry,Daylight,0,0,1,Minor,Clear
514,KAG_000515,Kaggle_road_csv,0,October,Saturday,Unknown,Truck,Unidentified,1,18-30,Unknown,Reckless Driving,Dry,Daylight,0,0,1,Minor,Clear
515,KAG_000516,Kaggle_road_csv,0,April,Wednesday,Unknown,Truck,Unidentified,1,18-30,Unknown,Lane Violation,Wet,Dark,0,0,1,Minor,Clear
516,KAG_000517,Kaggle_road_csv,0,July,Sunday,Unknown,Truck,Unidentified,2,31-50,Over 51,Reckless Driving,Wet,Dark,0,0,2,Minor,Rainy
517,KAG_000518,Kaggle_road_csv,0,February,Saturday,Unknown,Truck,Unidentified,3,31-50,Unknown,Drunk/Drug Driving,Wet,Daylight,0,0,2,Minor,Cold
518,KAG_000519,Kaggle_road_csv,0,March,Sunday,Unknown,Truck,Unidentified,2,31-50,18-30,Lane Violation,Wet,Dark,0,0,6,Minor,Clear
519,KAG_000520,Kaggle_road_csv,0,February,Sunday,Unknown,Truck,Unidentified,2,18-30,31-50,Lane Violation,Wet,Daylight,0,0,1,Minor,Cold
520,KAG_000521,Kaggle_road_csv,0,April,Friday,Unknown,Truck,Unidentified,2,18-30,18-30,Lane Violation,Dry,Dark,0,0,1,Minor,Clear
521,KAG_000522,Kaggle_road_csv,0,April,Thursday,Unknown,Truck,Unidentified,1,31-50,Over 51,No Distancing/Rear End,Dry,Daylight,0,0,1,Minor,Clear
522,KAG_000523,Kaggle_road_csv,0,October,Friday,Unknown,Truck,Unidentified,2,Over 51,Unknown,Lane Violation,Wet,Dark,0,0,2,Minor,Clear
523,KAG_000524,Kaggle_road_csv,0,March,Sunday,Unknown,Truck,Unidentified,2,18-30,Unknown,Reckless Driving,Dry,Daylight,0,0,1,Minor,Clear
524,KAG_000525,Kaggle_road_csv,0,August,Wednesday,Unknown,Truck,Unidentified,1,31-50,Unknown,Lane Violation,Wet,Dark,0,0,1,Minor,Rainy
525,KAG_000526,Kaggle_road_csv,0,April,Wednesday,Unknown,Truck,Unidentified,2,18-30,Under 18,Lane Violation,Wet,Daylight,0,0,1,Minor,Clear
526,KAG_000527,Kaggle_road_csv,0,October,Tuesday,Unknown,Truck,Unidentified,1,18-30,31-50,Lane Violation,Dry,Dark,0,0,1,Minor,Clear
527,KAG_000528,Kaggle_road_csv,0,May,Wednesday,Unknown,Truck,Unidentified,2,18-30,18-30,Lane Violation,Dry,Daylight,0,0,1,Minor,Clear
528,KAG_000529,Kaggle_road_csv,0,March,Saturday,Unknown,Truck,Unidentified,1,31-50,31-50,No Distancing/Rear End,Dry,Daylight,0,0,1,Minor,Clear
529,KAG_000530,Kaggle_road_csv,0,March,Monday,Unknown,Truck,Unidentified,2,18-30,Under 18,Lane Violation,Dry,Dark,0,0,2,Minor,Clear
530,KAG_000531,Kaggle_road_csv,0,March,Tuesday,Unknown,Truck,Unidentified,1,31-50,Under 18,Lane Violation,Dry,Daylight,0,0,1,Minor,Clear
531,KAG_000532,Kaggle_road_csv,0,April,Thursday,Unknown,Truck,Unidentified,2,31-50,Unknown,Reckless Driving,Wet,Dark,0,0,1,Minor,Clear
532,KAG_000533,Kaggle_road_csv,0,August,Sunday,Unknown,Truck,Unidentified,2,31-50,18-30,No Distancing/Rear End,Wet,Daylight,0,0,2,Minor,Rainy
533,KAG_000534,Kaggle_road_csv,0,October,Friday,Unknown,Truck,Unidentified,2,18-30,31-50,Reckless Driving,Dry,Daylight,0,0,1,Minor,Clear
534,KAG_000535,Kaggle_road_csv,0,April,Monday,Unknown,Truck,Unidentified,3,18-30,Unknown,Loss of Control,Dry,Daylight,0,0,4,Serious,Clear
535,KAG_000536,Kaggle_road_csv,0,April,Monday,Unknown,Truck,Unidentified,3,Over 51,31-50,Drunk/Drug Driving,Dry,Daylight,0,0,4,Serious,Clear
536,KAG_000537,Kaggle_road_csv,0,September,Wednesday,Unknown,Truck,Unidentified,2,18-30,31-50,Reckless Driving,Wet,Dark,0,0,1,Minor,Rainy
537,KAG_000538,Kaggle_road_csv,0,June,Wednesday,Unknown,Truck,Unidentified,2,31-50,Over 51,Lane Violation,Wet,Dark,0,0,1,Minor,Rainy
538,KAG_000539,Kaggle_road_csv,0,April,Friday,Unknown,Truck,Unidentified,2,18-30,Unknown,Reckless Driving,Dry,Daylight,0,0,1,Minor,Clear
539,KAG_000540,Kaggle_road_csv,0,September,Friday,Unknown,Truck,Unidentified,2,18-30,Under 18,Reckless Driving,Wet,Daylight,0,0,1,Minor,Rainy
540,KAG_000541,Kaggle_road_csv,0,April,Sunday,Unknown,Truck,Unidentified,1,Unknown,31-50,Reckless Driving,Dry,Dark,0,0,1,Minor,Clear
541,KAG_000542,Kaggle_road_csv,0,April,Sunday,Unknown,Truck,Unidentified,2,31-50,31-50,Lane Violation,Dry,Dark,0,0,2,Minor,Clear
542,KAG_000543,Kaggle_road_csv,0,May,Sunday,Unknown,Truck,Unidentified,2,31-50,Under 18,Reckless Driving,Dry,Dark,0,0,2,Minor,Clear
543,KAG_000544,Kaggle_road_csv,0,May,Tuesday,Unknown,Truck,Unidentified,2,18-30,Under 18,Lane Violation,Wet,Daylight,0,0,1,Minor,Clear
544,KAG_000545,Kaggle_road_csv,0,October,Thursday,Unknown,Truck,Unidentified,2,18-30,18-30,No Distancing/Rear End,Dry,Daylight,0,0,1,Minor,Clear
545,KAG_000546,Kaggle_road_csv,0,September,Wednesday,Unknown,Truck,Unidentified,1,Over 51,Unknown,No Distancing/Rear End,Wet,Dark,0,0,1,Fatal,Rainy
546,KAG_000547,Kaggle_road_csv,0,May,Tuesday,Unknown,Truck,Unidentified,4,18-30,Unknown,Lane Violation,Wet,Daylight,0,0,6,Serious,Clear
547,KAG_000548,Kaggle_road_csv,0,March,Tuesday,Unknown,Truck,Unidentified,4,18-30,18-30,No Distancing/Rear End,Wet,Daylight,0,0,6,Serious,Clear
548,KAG_000549,Kaggle_road_csv,0,October,Tuesday,Unknown,Truck,Unidentified,4,18-30,31-50,Reckless Driving,Wet,Daylight,0,0,6,Serious,Clear
549,KAG_000550,Kaggle_road_csv,0,October,Saturday,Unknown,Truck,Unidentified,2,31-50,Unknown,Reckless Driving,Dry,Daylight,0,0,1,Minor,Clear
550,KAG_000551,Kaggle_road_csv,0,March,Friday,Unknown,Truck,Unidentified,3,Over 51,Unknown,Reckless Driving,Dry,Dark,0,0,5,Serious,Clear
551,KAG_000552,Kaggle_road_csv,0,May,Friday,Unknown,Truck,Unidentified,2,18-30,Unknown,No Distancing/Rear End,Dry,Dark,0,0,2,Minor,Clear
552,KAG_000553,Kaggle_road_csv,0,April,Monday,Unknown,Truck,Unidentified,2,Over 51,Unknown,Reckless Driving,Dry,Daylight,0,0,1,Minor,Clear
553,KAG_000554,Kaggle_road_csv,0,March,Sunday,Unknown,Truck,Unidentified,2,31-50,Unknown,Reckless Driving,Wet,Daylight,0,0,1,Minor,Clear
554,KAG_000555,Kaggle_road_csv,0,March,Sunday,Unknown,Truck,Unidentified,2,Unknown,31-50,Lane Violation,Wet,Daylight,0,0,1,Minor,Clear
555,KAG_000556,Kaggle_road_csv,0,March,Monday,Unknown,Truck,Unidentified,2,Under 18,Unknown,Lane Violation,Dry,Daylight,0,0,1,Minor,Clear