,accident_id,source,year,month,day_of_week,state,vehicle_1,vehicle_2,vehicles_involved,party_age_group,victim_age_group,cause_of_accident,road_condition,lighting_condition,fatalities,injuries,casualties,severity,weather_group
556,KAG_000557,Kaggle_road_csv,0,March,Saturday,Unknown,Truck,Unidentified,2,18-30,Under 18,Drunk/Drug Driving,Dry,Daylight,0,0,1,Minor,Clear
557,KAG_000558,Kaggle_road_csv,0,April,Sunday,Unknown,Truck,Unidentified,2,Over 51,18-30,Lane Violation,Dry,Daylight,0,0,3,Minor,Clear
558,KAG_000559,Kaggle_road_csv,0,April,Tuesday,Unknown,Truck,Unidentified,2,Over 51,Under 18,No Distancing/Rear End,Dry,Daylight,0,0,1,Minor,Clear
559,KAG_000560,Kaggle_road_csv,0,October,Tuesday,Unknown,Truck,Unidentified,2,31-50,31-50,Lane Violation,Dry,Daylight,0,0,1,Minor,Clear
560,KAG_000561,Kaggle_road_csv,0,May,Saturday,Unknown,Truck,Unidentified,2,18-30,31-50,Lane Violation,Wet,Daylight,0,0,3,Minor,Clear
561,KAG_000562,Kaggle_road_csv,0,May,Sunday,Unknown,Truck,Unidentified,4,Unknown,31-50,Loss of Control,Dry,Daylight,0,0,1,Minor,Clear
562,KAG_000563,Kaggle_road_csv,0,April,Sunday,Unknown,Truck,Unidentified,2,18-30,Unknown,No Distancing/Rear End,Dry,Daylight,0,0,1,Serious,Clear
563,KAG_000564,Kaggle_road_csv,0,April,Sunday,Unknown,Truck,Unidentified,2,31-50,Unknown,Lane Violation,Dry,Daylight,0,0,1,Serious,Clear
564,KAG_000565,Kaggle_road_csv,0,April,Thursday,Unknown,Truck,Unidentified,4,31-50,Unknown,Lane Violation,Dry,Daylight,0,0,2,Minor,Clear
565,KAG_000566,Kaggle_road_csv,0,April,Thursday,Unknown,Truck,Unidentified,4,18-30,Over 51,Reckless Driving,Dry,Daylight,0,0,2,Minor,Clear
566,KAG_000567,Kaggle_road_csv,0,March,Thursday,Unknown,Truck,Unidentified,4,31-50,31-50,Reckless Driving,Dry,Daylight,0,0,2,Minor,Clear
567,KAG_000568,Kaggle_road_csv,0,July,Wednesday,Unknown,Truck,Unidentified,3,31-50,31-50,Reckless Driving,Wet,Daylight,0,0,1,Minor,Rainy
568,KAG_000569,Kaggle_road_csv,0,March,Monday,Unknown,Truck,Unidentified,2,31-50,Unknown,Lane Violation,Dry,Daylight,0,0,1,Minor,Clear
569,KAG_000570,Kaggle_road_csv,0,April,Saturday,Unknown,Truck,Unidentified,1,Under 18,Unknown,Reckless Driving,Dry,Daylight,0,0,1,Serious,Clear
570,KAG_000571,Kaggle_road_csv,0,August,Tuesday,Unknown,Truck,Unidentified,2,Under 18,18-30,Lane Violation,Wet,Daylight,0,0,2,Serious,Rainy
571,KAG_000572,Kaggle_road_csv,0,October,Friday,Unknown,Truck,Unidentified,1,Over 51,18-30,No Distancing/Rear End,Dry,Daylight,0,0,1,Minor,Clear
572,KAG_000573,Kaggle_road_csv,0,March,Wednesday,Unknown,Truck,Unidentified,2,18-30,18-30,No Distancing/Rear End,Dry,Daylight,0,0,1,Minor,Clear
573,KAG_000574,Kaggle_road_csv,0,October,Thursday,Unknown,Truck,Unidentified,2,Under 18,18-30,No Distancing/Rear End,Dry,Daylight,0,0,1,Minor,Clear
574,KAG_000575,Kaggle_road_csv,0,May,Thursday,Unknown,Truck,Unidentified,2,Over 51,Unknown,Loss of Control,Dry,Daylight,0,0,1,Minor,Clear
575,KAG_000576,Kaggle_road_csv,0,April,Sunday,Unknown,Truck,Unidentified,1,18-30,Under 18,Drunk/Drug Driving,Dry,Dark,0,0,2,Serious,Clear
576,KAG_000577,Kaggle_road_csv,0,May,Monday,Unknown,Truck,Unidentified,4,31-50,31-50,No Distancing/Rear End,Dry,Daylight,0,0,1,Minor,Clear
577,KAG_000578,Kaggle_road_csv,0,March,Monday,Unknown,Truck,Unidentified,4,31-50,Under 18,Speeding,Dry,Daylight,0,0,1,Minor,Clear
578,KAG_000579,Kaggle_road_csv,0,April,Friday,Unknown,Truck,Unidentified,3,31-50,Under 18,Lane Violation,Dry,Daylight,0,0,4,Minor,Clear
579,KAG_000580,Kaggle_road_csv,0,March,Saturday,Unknown,Truck,Unidentified,1,18-30,18-30,Lane Violation,Dry,Dark,0,0,2,Serious,Clear
580,KAG_000581,Kaggle_road_csv,0,March,Tuesday,Unknown,Truck,Unidentified,2,31-50,18-30,Loss of Control,Dry,Daylight,0,0,1,Minor,Clear
581,KAG_000582,Kaggle_road_csv,0,May,Tuesday,Unknown,Truck,Unidentified,2,Under 18,Unknown,Lane Violation,Dry,Daylight,0,0,1,Minor,Clear
582,KAG_000583,Kaggle_road_csv,0,October,Wednesday,Unknown,Truck,Unidentified,2,Over 51,Under 18,No Distancing/Rear End,Dry,Daylight,0,0,2,Minor,Clear
583,KAG_000584,Kaggle_road_csv,0,August,Sunday,Unknown,Truck,Unidentified,2,18-30,Unknown,Lane Violation,Wet,Daylight,0,0,4,Minor,Rainy
584,KAG_000585,Kaggle_road_csv,0,June,Sunday,Unknown,Truck,Unidentified,2,18-30,Over 51,Lane Violation,Wet,Daylight,0,0,4,Minor,Rainy
585,KAG_000586,Kaggle_road_csv,0,April,Wednesday,Unknown,Truck,Unidentified,2,18-30,Over 51,Lane Violation,Dry,Daylight,0,0,1,Minor,Clear
586,KAG_000587,Kaggle_road_csv,0,June,Monday,Unknown,Truck,Unidentified,2,Under 18,18-30,No Distancing/Rear End,Wet,Daylight,0,0,1,Minor,Rainy
587,KAG_000588,Kaggle_road_csv,0,August,Monday,Unknown,Truck,Unidentified,2,Unknown,Over 51,Lane Violation,Wet,Daylight,0,0,1,Minor,Rainy
588,KAG_000589,Kaggle_road_csv,0,August,Friday,Unknown,Truck,Unidentified,2,Over 51,31-50,No Distancing/Rear End,Wet,Daylight,0,0,2,Minor,Rainy
589,KAG_000590,Kaggle_road_csv,0,May,Sunday,Unknown,Truck,Unidentified,2,31-50,Unknown,No Distancing/Rear End,Dry,Dark,0,0,4,Fatal,Clear
590,KAG_000591,Kaggle_road_csv,0,October,Friday,Unknown,Truck,Unidentified,1,Over 51,31-50,Lane Violation,Wet,Daylight,0,0,1,Minor,Clear
591,KAG_000592,Kaggle_road_csv,0,March,Monday,Unknown,Truck,Unidentified,2,18-30,Unknown,No Distancing/Rear End,Dry,Daylight,0,0,1,Minor,Clear
592,KAG_000593,Kaggle_road_csv,0,May,Tuesday,Unknown,Truck,Unidentified,2,31-50,18-30,Reckless Driving,Dry,Daylight,0,0,1,Serious,Clear
593,KAG_000594,Kaggle_road_csv,0,March,Sunday,Unknown,Truck,Unidentified,2,18-30,18-30,Lane Violation,Dry,Daylight,0,0,1,Minor,Clear
594,KAG_000595,Kaggle_road_csv,0,October,Thursday,Unknown,Truck,Unidentified,2,18-30,Over 51,No Distancing/Rear End,Dry,Daylight,0,0,1,Serious,Clear
595,KAG_000596,Kaggle_road_csv,0,April,Friday,Unknown,Truck,Unidentified,2,31-50,Under 18,Lane Violation,Dry,Daylight,0,0,1,Minor,Clear
596,KAG_000597,Kaggle_road_csv,0,May,Monday,Unknown,Truck,Unidentified,2,Over 51,Under 18,No Distancing/Rear End,Dry,Daylight,0,0,1,Minor,Clear
597,KAG_000598,Kaggle_road_csv,0,October,Monday,Unknown,Truck,Unidentified,2,31-50,Unknown,No Distancing/Rear End,Dry,Daylight,0,0,1,Minor,Clear
598,KAG_000599,Kaggle_road_csv,0,August,Wednesday,Unknown,Truck,Unidentified,2,Under 18,Unknown,Reckless Driving,Wet,Dark,0,0,1,Minor,Rainy
599,KAG_000600,Kaggle_road_csv,0,March,Friday,Unknown,Truck,Unidentified,3,Over 51,18-30,Reckless Driving,Dry,Daylight,0,0,2,Minor,Clear
600,KAG_000601,Kaggle_road_csv,0,March,Tuesday,Unknown,Truck,Unidentified,2,31-50,18-30,Speeding,Dry,Daylight,0,0,1,Serious,Clear
601,KAG_000602,Kaggle_road_csv,0,October,Tuesday,Unknown,Truck,Unidentified,2,Over 51,Over 51,No Distancing/Rear End,Dry,Daylight,0,0,1,Serious,Clear
602,KAG_000603,Kaggle_road_csv,0,March,Tuesday,Unknown,Truck,Unidentified,3,Unknown,Unknown,No Distancing/Rear End,Dry,Daylight,0,0,1,Minor,Clear
603,KAG_000604,Kaggle_road_csv,0,October,Tuesday,Unknown,Truck,Unidentified,2,Over 51,Unknown,Lane Violation,Dry,Dark,0,0,1,Minor,Clear
604,KAG_000605,Kaggle_road_csv,0,May,Tuesday,Unknown,Truck,Unidentified,2,Under 18,31-50,Reckless Driving,Dry,Daylight,0,0,1,Minor,Clear
605,KAG_000606,Kaggle_road_csv,0,October,Tuesday,Unknown,Truck,Unidentified,2,18-30,Under 18,Lane Violation,Dry,Dark,0,0,1,Minor,Clear
606,KAG_000607,Kaggle_road_csv,0,October,Friday,Unknown,Truck,Unidentified,1,31-50,Unknown,Lane Violation,Dry,Daylight,0,0,1,Minor,Clear
607,KAG_000608,Kaggle_road_csv,0,May,Monday,Unknown,Truck,Unidentified,2,18-30,Over 51,Lane Violation,Wet,Dark,0,0,2,Minor,Clear
608,KAG_000609,Kaggle_road_csv,0,August,Thursday,Unknown,Truck,Unidentified,2,31-50,18-30,Reckless Driving,Wet,Dark,0,0,1,Minor,Rainy
609,KAG_000610,Kaggle_road_csv,0,May,Friday,Unknown,Truck,Unidentified,2,Over 51,Unknown,Lane Violation,Wet,Dark,0,0,1,Minor,Clear
610,KAG_000611,Kaggle_road_csv,0,March,Thursday,Unknown,Truck,Unidentified,2,18-30,18-30,No Distancing/Rear End,Wet,Daylight,0,0,1,Serious,Clear
611,KAG_000612,Kaggle_road_csv,0,April,Monday,Unknown,Truck,Unidentified,2,Unknown,31-50,Reckless Driving,Dry,Daylight,0,0,2,Minor,Clear
612,KAG_000613,Kaggle_road_csv,0,April,Thursday,Unknown,Truck,Unidentified,1,Over 51,Unknown,No Distancing/Rear End,Wet,Daylight,0,0,1,Minor,Clear
613,KAG_000614,Kaggle_road_csv,0,April,Wednesday,Unknown,Truck,Unidentified,2,18-30,31-50,Lane Violation,Wet,Dark,0,0,1,Minor,Clear
614,KAG_000615,Kaggle_road_csv,0,April,Wednesday,Unknown,Truck,Unidentified,2,Under 18,Unknown,No Distancing/Rear End,Wet,Dark,0,0,1,Minor,Clear
615,KAG_000616,Kaggle_road_csv,0,May,Sunday,Unknown,Truck,Unidentified,2,31-50,18-30,Reckless Driving,Dry,Dark,0,0,1,Minor,Clear
616,KAG_000617,Kaggle_road_csv,0,June,Wednesday,Unknown,Truck,Unidentified,1,31-50,31-50,No Distancing/Rear End,Wet,Dark,0,0,1,Minor,Rainy
617,KAG_000618,Kaggle_road_csv,0,July,Tuesday,Unknown,Truck,Unidentified,2,18-30,Under 18,Lane Violation,Wet,Dark,0,0,1,Serious,Rainy
618,KAG_000619,Kaggle_road_csv,0,August,Wednesday,Unknown,Truck,Unidentified,2,Under 18,Over 51,No Distancing/Rear End,Wet,Dark,0,0,2,Minor,Rainy
619,KAG_000620,Kaggle_road_csv,0,July,Wednesday,Unknown,Truck,Unidentified,2,18-30,Unknown,Lane Violation,Wet,Dark,0,0,2,Minor,Rainy
620,KAG_000621,Kaggle_road_csv,0,April,Monday,Unknown,Truck,Unidentified,2,18-30,Unknown,No Distancing/Rear End,Dry,Dark,0,0,1,Minor,Clear
621,KAG_000622,Kaggle_road_csv,0,March,Wednesday,Unknown,Truck,Unidentified,1,18-30,18-30,Lane Violation,Wet,Dark,0,0,1,Serious,Clear
622,KAG_000623,Kaggle_road_csv,0,March,Wednesday,Unknown,Truck,Unidentified,2,31-50,Under 18,Lane Violation,Dry,Dark,0,0,1,Minor,Clear
623,KAG_000624,Kaggle_road_csv,0,March,Thursday,Unknown,Truck,Unidentified,2,18-30,Over 51,Reckless Driving,Wet,Daylight,0,0,1,Serious,Clear
624,KAG_000625,Kaggle_road_csv,0,August,Monday,Unknown,Truck,Unidentified,2,Over 51,Under 18,No Distancing/Rear End,Wet,Daylight,0,0,2,Minor,Rainy
625,KAG_000626,Kaggle_road_csv,0,July,Monday,Unknown,Truck,Unidentified,2,31-50,Unknown,Reckless Driving,Wet,Daylight,0,0,1,Minor,Rainy
626,KAG_000627,Kaggle_road_csv,0,August,Friday,Unknown,Truck,Unidentified,1,18-30,31-50,Reckless Driving,Wet,Dark,0,0,1,Serious,Rainy
627,KAG_000628,Kaggle_road_csv,0,May,Monday,Unknown,Truck,Unidentified,2,31-50,Unknown,Drunk/Drug Driving,Dry,Dark,0,0,2,Minor,Clear
628,KAG_000629,Kaggle_road_csv,0,March,Thursday,Unknown,Truck,Unidentified,1,31-50,18-30,No Distancing/Rear End,Dry,Dark,0,0,1,Serious,Clear
629,KAG_000630,Kaggle_road_csv,0,March,Sunday,Unknown,Truck,Unidentified,2,31-50,18-30,Reckless Driving,Dry,Daylight,0,0,1,Minor,Clear
630,KAG_000631,Kaggle_road_csv,0,April,Wednesday,Unknown,Truck,Unidentified,3,18-30,Under 18,No Distancing/Rear End,Dry,Daylight,0,0,1,Serious,Clear
631,KAG_000632,Kaggle_road_csv,0,May,Wednesday,Unknown,Truck,Unidentified,3,Over 51,Unknown,No Distancing/Rear End,Dry,Daylight,0,0,1,Serious,Clear
632,KAG_000633,Kaggle_road_csv,0,May,Sunday,Unknown,Truck,Unidentified,3,Under 18,31-50,Drunk/Drug Driving,Wet,Daylight,0,0,4,Minor,Clear
633,KAG_000634,Kaggle_road_csv,0,May,Sunday,Unknown,Truck,Unidentified,3,31-50,31-50,Reckless Driving,Wet,Daylight,0,0,4,Minor,Clear
634,KAG_000635,Kaggle_road_csv,0,April,Thursday,Unknown,Truck,Unidentified,2,31-50,Under 18,Reckless Driving,Dry,Dark,0,0,1,Minor,Clear
635,KAG_000636,Kaggle_road_csv,0,March,Friday,Unknown,Truck,Unidentified,2,31-50,Unknown,Drunk/Drug Driving,Wet,Dark,0,0,2,Minor,Clear
636,KAG_000637,Kaggle_road_csv,0,March,Wednesday,Unknown,Truck,Unidentified,1,Unknown,18-30,Lane Violation,Dry,Dark,0,0,1,Minor,Clear
637,KAG_000638,Kaggle_road_csv,0,October,Friday,Unknown,Truck,Unidentified,2,Unknown,Under 18,Reckless Driving,Dry,Dark,0,0,1,Serious,Clear
638,KAG_000639,Kaggle_road_csv,0,October,Tuesday,Unknown,Truck,Unidentified,2,31-50,31-50,Lane Violation,Wet,Dark,0,0,3,Minor,Clear
639,KAG_000640,Kaggle_road_csv,0,March,Tuesday,Unknown,Truck,Unidentified,2,31-50,Over 51,Lane Violation,Wet,Dark,0,0,3,Minor,Clear
640,KAG_000641,Kaggle_road_csv,0,March,Friday,Unknown,Truck,Unidentified,2,31-50,18-30,Lane Violation,Dry,Daylight,0,0,2,Serious,Clear
641,KAG_000642,Kaggle_road_csv,0,April,Monday,Unknown,Truck,Unidentified,2,31-50,Unknown,Lane Violation,Wet,Dark,0,0,2,Minor,Clear
642,KAG_000643,Kaggle_road_csv,0,April,Monday,Unknown,Truck,Unidentified,2,31-50,Unknown,No Distancing/Rear End,Wet,Dark,0,0,2,Minor,Clear
643,KAG_000644,Kaggle_road_csv,0,April,Wednesday,Unknown,Truck,Unidentified,2,Over 51,Unknown,No Distancing/Rear End,Wet,Dark,0,0,1,Minor,Clear
644,KAG_000645,Kaggle_road_csv,0,May,Saturday,Unknown,Truck,Unidentified,2,18-30,Unknown,Reckless Driving,Dry,Daylight,0,0,1,Minor,Clear
645,KAG_000646,Kaggle_road_csv,0,April,Saturday,Unknown,Truck,Unidentified,2,Over 51,Unknown,Lane Violation,Dry,Daylight,0,0,3,Minor,Clear
646,KAG_000647,Kaggle_road_csv,0,October,Sunday,Unknown,Truck,Unidentified,2,Over 51,Under 18,Lane Violation,Dry,Daylight,0,0,2,Minor,Clear
647,KAG_000648,Kaggle_road_csv,0,October,Sunday,Unknown,Truck,Unidentified,2,31-50,31-50,Speeding,Dry,Daylight,0,0,2,Minor,Clear
648,KAG_000649,Kaggle_road_csv,0,April,Wednesday,Unknown,Truck,Unidentified,2,Over 51,31-50,Lane Violation,Dry,Daylight,0,0,2,Minor,Clear
649,KAG_000650,Kaggle_road_csv,0,May,Wednesday,Unknown,Truck,Unidentified,2,31-50,Unknown,Reckless Driving,Dry,Daylight,0,0,2,Minor,Clear
650,KAG_000651,Kaggle_road_csv,0,March,Thursday,Unknown,Truck,Unidentified,2,18-30,31-50,No Distancing/Rear End,Dry,Dark,0,0,1,Minor,Clear
651,KAG_000652,Kaggle_road_csv,0,April,Thursday,Unknown,Truck,Unidentified,2,31-50,Under 18,Lane Violation,Dry,Dark,0,0,1,Minor,Clear
652,KAG_000653,Kaggle_road_csv,0,April,Friday,Unknown,Truck,Unidentified,2,31-50,Unknown,Lane Violation,Dry,Dark,0,0,1,Minor,Clear
653,KAG_000654,Kaggle_road_csv,0,May,Saturday,Unknown,Truck,Unidentified,2,31-50,Unknown,Reckless Driving,Wet,Dark,0,0,1,Serious,Clear
654,KAG_000655,Kaggle_road_csv,0,May,Wednesday,Unknown,Truck,Unidentified,2,31-50,18-30,Lane Violation,Dry,Dark,0,0,1,Minor,Clear
655,KAG_000656,Kaggle_road_csv,0,March,Wednesday,Unknown,Truck,Unidentified,2,Under 18,Under 18,Reckless Driving,Dry,Dark,0,0,1,Minor,Clear
656,KAG_000657,Kaggle_road_csv,0,March,Wednesday,Unknown,Truck,Unidentified,2,31-50,18-30,Lane Violation,Dry,Daylight,0,0,1,Serious,Clear
657,KAG_000658,Kaggle_road_csv,0,April,Friday,Unknown,Truck,Unidentified,2,Over 51,Unknown,Lane Violation,Dry,Daylight,0,0,1,Serious,Clear
658,KAG_000659,Kaggle_road_csv,0,May,Friday,Unknown,Truck,Unidentified,4,Over 51,Unknown,Reckless Driving,Dry,Daylight,0,0,5,Minor,Clear
659,KAG_000660,Kaggle_road_csv,0,April,Friday,Unknown,Truck,Unidentified,4,31-50,18-30,Lane Violation,Dry,Daylight,0,0,5,Minor,Clear
660,KAG_000661,Kaggle_road_csv,0,May,Wednesday,Unknown,Truck,Unidentified,2,18-30,Unknown,Reckless Driving,Dry,Daylight,0,0,1,Minor,Clear
661,KAG_000662,Kaggle_road_csv,0,October,Saturday,Unknown,Truck,Unidentified,3,18-30,18-30,Lane Violation,Wet,Daylight,0,0,1,Minor,Clear
662,KAG_000663,Kaggle_road_csv,0,March,Thursday,Unknown,Truck,Unidentified,2,18-30,Unknown,Lane Violation,Dry,Dark,0,0,1,Minor,Clear
663,KAG_000664,Kaggle_road_csv,0,April,Tuesday,Unknown,Truck,Unidentified,2,18-30,18-30,Lane Violation,Dry,Dark,0,0,1,Minor,Clear
664,KAG_000665,Kaggle_road_csv,0,April,Tuesday,Unknown,Truck,Unidentified,1,18-30,Unknown,No Distancing/Rear End,Dry,Daylight,0,0,1,Minor,Clear
665,KAG_000666,Kaggle_road_csv,0,April,Friday,Unknown,Truck,Unidentified,3,18-30,Unknown,Reckless Driving,Wet,Daylight,0,0,2,Minor,Clear
666,KAG_000667,Kaggle_road_csv,0,May,Friday,Unknown,Truck,Unidentified,3,18-30,Unknown,No Distancing/Rear End,Wet,Daylight,0,0,2,Minor,Clear
667,KAG_000668,Kaggle_road_csv,0,October,Sunday,Unknown,Truck,Unidentified,3,Over 51,Over 51,Reckless Driving,Dry,Daylight,0,0,1,Serious,Clear
668,KAG_000669,Kaggle_road_csv,0,March,Friday,Unknown,Truck,Unidentified,1,Unknown,31-50,Reckless Driving,Dry,Daylight,0,0,3,Serious,Clear
669,KAG_000670,Kaggle_road_csv,0,October,Friday,Unknown,Truck,Unidentified,1,Unknown,Under 18,Lane Violation,Dry,Daylight,0,0,3,Serious,Clear
670,KAG_000671,Kaggle_road_csv,0,March,Friday,Unknown,Truck,Unidentified,2,18-30,31-50,Reckless Driving,Dry,Daylight,0,0,4,Minor,Clear
671,KAG_000672,Kaggle_road_csv,0,April,Friday,Unknown,Truck,Unidentified,2,18-30,Unknown,Reckless Driving,Dry,Daylight,0,0,4,Minor,Clear
672,KAG_000673,Kaggle_road_csv,0,April,Monday,Unknown,Truck,Unidentified,2,Over 51,Unknown,Unknown/Other,Dry,Daylight,0,0,2,Minor,Clear
673,KAG_000674,Kaggle_road_csv,0,May,Sunday,Unknown,Truck,Unidentified,2,31-50,Unknown,Reckless Driving,Dry,Daylight,0,0,1,Minor,Clear
674,KAG_000675,Kaggle_road_csv,0,April,Sunday,Unknown,Truck,Unidentified,2,31-50,Under 18,No Distancing/Rear End,Dry,Daylight,0,0,3,Serious,Clear
675,KAG_000676,Kaggle_road_csv,0,March,Sunday,Unknown,Truck,Unidentified,2,31-50,Over 51,Unknown/Other,Dry,Daylight,0,0,3,Serious,Clear
676,KAG_000677,Kaggle_road_csv,0,May,Friday,Unknown,Truck,Unidentified,2,18-30,31-50,Reckless Driving,Dry,Daylight,0,0,1,Minor,Clear
677,KAG_000678,Kaggle_road_csv,0,March,Saturday,Unknown,Truck,Unidentified,2,18-30,18-30,No Distancing/Rear End,Dry,Daylight,0,0,1,Minor,Clear
678,KAG_000679,Kaggle_road_csv,0,May,Thursday,Unknown,Truck,Unidentified,1,18-30,18-30,No Distancing/Rear End,Dry,Daylight,0,0,1,Minor,Clear
679,KAG_000680,Kaggle_road_csv,0,March,Sunday,Unknown,Truck,Unidentified,2,31-50,Under 18,No Distancing/Rear End,Dry,Daylight,0,0,1,Serious,Clear
680,KAG_000681,Kaggle_road_csv,0,March,Saturday,Unknown,Truck,Unidentified,2,18-30,18-30,Reckless Driving,Dry,Dark,0,0,2,Minor,Clear
681,KAG_000682,Kaggle_road_csv,0,October,Saturday,Unknown,Truck,Unidentified,2,18-30,Unknown,No Distancing/Rear End,Dry,Dark,0,0,2,Minor,Clear
682,KAG_000683,Kaggle_road_csv,0,August,Friday,Unknown,Truck,Unidentified,2,Over 51,Unknown,Lane Violation,Wet,Daylight,0,0,1,Minor,Rainy
683,KAG_000684,Kaggle_road_csv,0,March,Sunday,Unknown,Truck,Unidentified,2,31-50,Unknown,Lane Violation,Dry,Daylight,0,0,4,Minor,Clear
684,KAG_000685,Kaggle_road_csv,0,May,Saturday,Unknown,Truck,Unidentified,1,18-30,Unknown,Reckless Driving,Dry,Daylight,0,0,1,Minor,Clear
685,KAG_000686,Kaggle_road_csv,0,October,Thursday,Unknown,Truck,Unidentified,2,18-30,Unknown,Parking Issue,Dry,Daylight,0,0,1,Fatal,Clear
686,KAG_000687,Kaggle_road_csv,0,March,Thursday,Unknown,Truck,Unidentified,2,31-50,18-30,Reckless Driving,Dry,Daylight,0,0,4,Minor,Clear
687,KAG_000688,Kaggle_road_csv,0,May,Sunday,Unknown,Truck,Unidentified,3,Over 51,Over 51,No Distancing/Rear End,Dry,Dark,0,0,4,Minor,Clear
688,KAG_000689,Kaggle_road_csv,0,April,Sunday,Unknown,Truck,Unidentified,3,Under 18,Under 18,Lane Violation,Dry,Dark,0,0,4,Minor,Clear
689,KAG_000690,Kaggle_road_csv,0,October,Wednesday,Unknown,Truck,Unidentified,2,Over 51,31-50,Lane Violation,Dry,Daylight,0,0,2,Minor,Clear
690,KAG_000691,Kaggle_road_csv,0,May,Tuesday,Unknown,Truck,Unidentified,2,18-30,Under 18,Reckless Driving,Dry,Daylight,0,0,1,Minor,Clear
691,KAG_000692,Kaggle_road_csv,0,May,Monday,Unknown,Truck,Unidentified,2,18-30,Under 18,Lane Violation,Dry,Daylight,0,0,1,Minor,Clear
692,KAG_000693,Kaggle_road_csv,0,October,Monday,Unknown,Truck,Unidentified,2,31-50,Over 51,Unknown/Other,Dry,Daylight,0,0,1,Serious,Clear
693,KAG_000694,Kaggle_road_csv,0,October,Saturday,Unknown,Truck,Unidentified,3,18-30,18-30,Lane Violation,Dry,Daylight,0,0,2,Minor,Clear
694,KAG_000695,Kaggle_road_csv,0,October,Friday,Unknown,Truck,Unidentified,2,31-50,31-50,Reckless Driving,Dry,Daylight,0,0,1,Serious,Clear
695,KAG_000696,Kaggle_road_csv,0,March,Friday,Unknown,Truck,Unidentified,2,18-30,Unknown,Reckless Driving,Dry,Daylight,0,0,2,Minor,Clear
696,KAG_000697,Kaggle_road_csv,0,May,Friday,Unknown,Truck,Unidentified,2,Unknown,Unknown,Reckless Driving,Dry,Dark,0,0,1,Minor,Clear
697,KAG_000698,Kaggle_road_csv,0,May,Thursday,Unknown,Truck,Unidentified,2,18-30,Over 51,Reckless Driving,Dry,Daylight,0,0,1,Minor,Clear
698,KAG_000699,Kaggle_road_csv,0,October,Wednesday,Unknown,Truck,Unidentified,1,18-30,31-50,No Distancing/Rear End,Dry,Daylight,0,0,1,Serious,Clear
699,KAG_000700,Kaggle_road_csv,0,October,Thursday,Unknown,Truck,Unidentified,2,18-30,Unknown,Loss of Control,Dry,Daylight,0,0,4,Minor,Clear
700,KAG_000701,Kaggle_road_csv,0,April,Wednesday,Unknown,Truck,Unidentified,1,18-30,Over 51,Lane Violation,Dry,Daylight,0,0,1,Serious,Clear
701,KAG_000702,Kaggle_road_csv,0,May,Friday,Unknown,Truck,Unidentified,2,31-50,18-30,Speeding,Dry,Daylight,0,0,6,Minor,Clear
702,KAG_000703,Kaggle_road_csv,0,March,Friday,Unknown,Truck,Unidentified,2,18-30,Under 18,Lane Violation,Dry,Daylight,0,0,6,Minor,Clear
703,KAG_000704,Kaggle_road_csv,0,April,Wednesday,Unknown,Truck,Unidentified,2,31-50,Under 18,Reckless Driving,Dry,Daylight,0,0,1,Minor,Clear
704,KAG_000705,Kaggle_road_csv,0,June,Friday,Unknown,Truck,Unidentified,2,18-30,18-30,Lane Violation,Wet,Daylight,0,0,1,Minor,Rainy
705,KAG_000706,Kaggle_road_csv,0,April,Thursday,Unknown,Truck,Unidentified,3,18-30,Unknown,Lane Violation,Dry,Daylight,0,0,1,Minor,Clear
706,KAG_000707,Kaggle_road_csv,0,March,Wednesday,Unknown,Truck,Unidentified,2,Over 51,31-50,No Distancing/Rear End,Dry,Daylight,0,0,1,Minor,Clear
707,KAG_000708,Kaggle_road_csv,0,October,Thursday,Unknown,Truck,Unidentified,2,Over 51,18-30,Lane Violation,Dry,Daylight,0,0,4,Minor,Clear
708,KAG_000709,Kaggle_road_csv,0,October,Wednesday,Unknown,Truck,Unidentified,2,18-30,Unknown,No Distancing/Rear End,Dry,Daylight,0,0,1,Minor,Clear
709,KAG_000710,Kaggle_road_csv,0,October,Monday,Unknown,Truck,Unidentified,2,Over 51,Unknown,Reckless Driving,Dry,Daylight,0,0,1,Serious,Clear
710,KAG_000711,Kaggle_road_csv,0,March,Monday,Unknown,Truck,Unidentified,2,Over 51,31-50,No Distancing/Rear End,Dry,Daylight,0,0,1,Serious,Clear
711,KAG_000712,Kaggle_road_csv,0,October,Saturday,Unknown,Truck,Unidentified,2,31-50,Under 18,Lane Violation,Dry,Daylight,0,0,1,Minor,Clear
712,KAG_000713,Kaggle_road_csv,0,March,Wednesday,Unknown,Truck,Unidentified,3,18-30,31-50,Lane Violation,Wet,Daylight,0,0,2,Serious,Clear
713,KAG_000714,Kaggle_road_csv,0,April,Tuesday,Unknown,Truck,Unidentified,2,18-30,31-50,Reckless Driving,Dry,Daylight,0,0,1,Minor,Clear