,accident_id,source,year,month,day_of_week,state,vehicle_1,vehicle_2,vehicles_involved,party_age_group,victim_age_group,cause_of_accident,road_condition,lighting_condition,fatalities,injuries,casualties,severity,weather_group
1032,KAG_001033,Kaggle_road_csv,0,April,Saturday,Unknown,Truck,Unidentified,1,18-30,Under 18,No Distancing/Rear End,Dry,Daylight,0,0,2,Minor,Clear
1033,KAG_001034,Kaggle_road_csv,0,May,Saturday,Unknown,Truck,Unidentified,1,18-30,Unknown,No Distancing/Rear End,Dry,Daylight,0,0,2,Minor,Clear
1034,KAG_001035,Kaggle_road_csv,0,May,Wednesday,Unknown,Truck,Unidentified,2,31-50,Unknown,Lane Violation,Dry,Dark,0,0,1,Minor,Clear
1035,KAG_001036,Kaggle_road_csv,0,September,Saturday,Unknown,Truck,Unidentified,1,18-30,31-50,No Distancing/Rear End,Wet,Dark,0,0,1,Minor,Rainy
1036,KAG_001037,Kaggle_road_csv,0,March,Saturday,Unknown,Truck,Unidentified,2,31-50,Under 18,Lane Violation,Dry,Daylight,0,0,1,Minor,Clear
1037,KAG_001038,Kaggle_road_csv,0,May,Tuesday,Unknown,Truck,Unidentified,2,18-30,Under 18,Drunk/Drug Driving,Dry,Daylight,0,0,1,Minor,Clear
1038,KAG_001039,Kaggle_road_csv,0,March,Tuesday,Unknown,Truck,Unidentified,2,18-30,Unknown,Reckless Driving,Dry,Daylight,0,0,1,Minor,Clear
1039,KAG_001040,Kaggle_road_csv,0,March,Friday,Unknown,Truck,Unidentified,2,Unknown,31-50,Lane Violation,Dry,Daylight,0,0,1,Minor,Clear
1040,KAG_001041,Kaggle_road_csv,0,October,Tuesday,Unknown,Truck,Unidentified,2,18-30,Unknown,No Distancing/Rear End,Dry,Daylight,0,0,1,Minor,Clear
1041,KAG_001042,Kaggle_road_csv,0,May,Tuesday,Unknown,Truck,Unidentified,2,31-50,18-30,Reckless Driving,Dry,Daylight,0,0,1,Minor,Clear
1042,KAG_001043,Kaggle_road_csv,0,May,Tuesday,Unknown,Truck,Unidentified,1,31-50,Unknown,Reckless Driving,Dry,Daylight,0,0,1,Minor,Clear
1043,KAG_001044,Kaggle_road_csv,0,April,Sunday,Unknown,Truck,Unidentified,2,Over 51,Under 18,Lane Violation,Dry,Daylight,0,0,2,Minor,Clear
1044,KAG_001045,Kaggle_road_csv,0,April,Saturday,Unknown,Truck,Unidentified,2,Unknown,Over 51,No Distancing/Rear End,Dry,Daylight,0,0,1,Minor,Clear
1045,KAG_001046,Kaggle_road_csv,0,April,Thursday,Unknown,Truck,Unidentified,2,18-30,Under 18,No Distancing/Rear End,Dry,Daylight,0,0,1,Serious,Clear
1046,KAG_001047,Kaggle_road_csv,0,April,Thursday,Unknown,Truck,Unidentified,2,31-50,18-30,No Distancing/Rear End,Dry,Daylight,0,0,1,Serious,Clear
1047,KAG_001048,Kaggle_road_csv,0,May,Wednesday,Unknown,Truck,Unidentified,3,31-50,Under 18,Lane Violation,Dry,Daylight,0,0,3,Minor,Clear
1048,KAG_001049,Kaggle_road_csv,0,October,Wednesday,Unknown,Truck,Unidentified,3,31-50,Unknown,Loss of Control,Dry,Daylight,0,0,3,Minor,Clear
1049,KAG_001050,Kaggle_road_csv,0,April,Wednesday,Unknown,Truck,Unidentified,1,31-50,Unknown,Lane Violation,Dry,Daylight,0,0,1,Minor,Clear
1050,KAG_001051,Kaggle_road_csv,0,May,Wednesday,Unknown,Truck,Unidentified,1,18-30,Over 51,No Distancing/Rear End,Dry,Daylight,0,0,1,Minor,Clear
1051,KAG_001052,Kaggle_road_csv,0,April,Friday,Unknown,Truck,Unidentified,2,Unknown,31-50,No Distancing/Rear End,Dry,Daylight,0,0,1,Minor,Clear
1052,KAG_001053,Kaggle_road_csv,0,October,Friday,Unknown,Truck,Unidentified,2,31-50,Under 18,Lane Violation,Dry,Daylight,0,0,1,Minor,Clear
1053,KAG_001054,Kaggle_road_csv,0,May,Thursday,Unknown,Truck,Unidentified,2,Over 51,18-30,Reckless Driving,Dry,Daylight,0,0,1,Minor,Clear
1054,KAG_001055,Kaggle_road_csv,0,April,Sunday,Unknown,Truck,Unidentified,2,18-30,Under 18,Reckless Driving,Dry,Daylight,0,0,1,Minor,Clear
1055,KAG_001056,Kaggle_road_csv,0,May,Monday,Unknown,Truck,Unidentified,2,31-50,31-50,Unknown/Other,Dry,Daylight,0,0,4,Minor,Clear
1056,KAG_001057,Kaggle_road_csv,0,April,Monday,Unknown,Truck,Unidentified,1,31-50,Unknown,Speeding,Dry,Daylight,0,0,1,Serious,Clear
1057,KAG_001058,Kaggle_road_csv,0,May,Tuesday,Unknown,Truck,Unidentified,2,18-30,Over 51,Unknown/Other,Dry,Daylight,0,0,1,Minor,Clear
1058,KAG_001059,Kaggle_road_csv,0,April,Tuesday,Unknown,Truck,Unidentified,2,Unknown,18-30,Lane Violation,Dry,Daylight,0,0,1,Minor,Clear
1059,KAG_001060,Kaggle_road_csv,0,May,Thursday,Unknown,Truck,Unidentified,1,31-50,Over 51,Reckless Driving,Dry,Daylight,0,0,1,Minor,Clear
1060,KAG_001061,Kaggle_road_csv,0,October,Wednesday,Unknown,Truck,Unidentified,2,18-30,Unknown,Lane Violation,Dry,Daylight,0,0,1,Minor,Clear
1061,KAG_001062,Kaggle_road_csv,0,March,Monday,Unknown,Truck,Unidentified,2,Under 18,Under 18,Reckless Driving,Dry,Daylight,0,0,1,Minor,Clear
1062,KAG_001063,Kaggle_road_csv,0,October,Wednesday,Unknown,Truck,Unidentified,2,18-30,Unknown,Loss of Control,Dry,Dark,0,0,1,Minor,Clear
1063,KAG_001064,Kaggle_road_csv,0,March,Thursday,Unknown,Truck,Unidentified,1,31-50,Under 18,Reckless Driving,Dry,Dark,0,0,1,Serious,Clear
1064,KAG_001065,Kaggle_road_csv,0,October,Saturday,Unknown,Truck,Unidentified,2,Unknown,31-50,Reckless Driving,Dry,Daylight,0,0,1,Minor,Clear
1065,KAG_001066,Kaggle_road_csv,0,October,Wednesday,Unknown,Truck,Unidentified,2,31-50,31-50,Lane Violation,Dry,Daylight,0,0,1,Minor,Clear
1066,KAG_001067,Kaggle_road_csv,0,May,Wednesday,Unknown,Truck,Unidentified,2,31-50,Over 51,No Distancing/Rear End,Dry,Daylight,0,0,1,Minor,Clear
1067,KAG_001068,Kaggle_road_csv,0,April,Saturday,Unknown,Truck,Unidentified,1,Unknown,31-50,No Distancing/Rear End,Dry,Daylight,0,0,1,Minor,Clear
1068,KAG_001069,Kaggle_road_csv,0,March,Tuesday,Unknown,Truck,Unidentified,1,Unknown,18-30,No Distancing/Rear End,Dry,Daylight,0,0,1,Minor,Clear
1069,KAG_001070,Kaggle_road_csv,0,March,Saturday,Unknown,Truck,Unidentified,2,31-50,31-50,Lane Violation,Dry,Daylight,0,0,2,Minor,Clear
1070,KAG_001071,Kaggle_road_csv,0,May,Friday,Unknown,Truck,Unidentified,2,31-50,18-30,No Distancing/Rear End,Dry,Daylight,0,0,1,Minor,Clear
1071,KAG_001072,Kaggle_road_csv,0,October,Friday,Unknown,Truck,Unidentified,2,31-50,Over 51,Reckless Driving,Dry,Daylight,0,0,1,Minor,Clear
1072,KAG_001073,Kaggle_road_csv,0,May,Sunday,Unknown,Truck,Unidentified,1,31-50,Under 18,Reckless Driving,Dry,Daylight,0,0,2,Minor,Clear
1073,KAG_001074,Kaggle_road_csv,0,April,Sunday,Unknown,Truck,Unidentified,1,31-50,Under 18,No Distancing/Rear End,Dry,Daylight,0,0,2,Minor,Clear
1074,KAG_001075,Kaggle_road_csv,0,May,Sunday,Unknown,Truck,Unidentified,1,18-30,Under 18,Unknown/Other,Dry,Daylight,0,0,1,Minor,Clear
1075,KAG_001076,Kaggle_road_csv,0,May,Tuesday,Unknown,Truck,Unidentified,2,18-30,Unknown,No Distancing/Rear End,Dry,Daylight,0,0,1,Minor,Clear
1076,KAG_001077,Kaggle_road_csv,0,May,Tuesday,Unknown,Truck,Unidentified,2,31-50,31-50,Reckless Driving,Dry,Daylight,0,0,1,Minor,Clear
1077,KAG_001078,Kaggle_road_csv,0,October,Monday,Unknown,Truck,Unidentified,3,Unknown,Unknown,Reckless Driving,Dry,Daylight,0,0,1,Minor,Clear
1078,KAG_001079,Kaggle_road_csv,0,October,Monday,Unknown,Truck,Unidentified,2,31-50,Under 18,Reckless Driving,Dry,Daylight,0,0,1,Minor,Clear
1079,KAG_001080,Kaggle_road_csv,0,October,Monday,Unknown,Truck,Unidentified,1,31-50,31-50,Lane Violation,Dry,Daylight,0,0,1,Minor,Clear
1080,KAG_001081,Kaggle_road_csv,0,May,Wednesday,Unknown,Truck,Unidentified,2,31-50,31-50,Lane Violation,Dry,Daylight,0,0,1,Minor,Clear
1081,KAG_001082,Kaggle_road_csv,0,April,Tuesday,Unknown,Truck,Unidentified,2,18-30,18-30,Lane Violation,Dry,Daylight,0,0,1,Minor,Clear
1082,KAG_001083,Kaggle_road_csv,0,April,Monday,Unknown,Truck,Unidentified,2,18-30,Unknown,Lane Violation,Dry,Daylight,0,0,1,Minor,Clear
1083,KAG_001084,Kaggle_road_csv,0,April,Wednesday,Unknown,Truck,Unidentified,2,18-30,31-50,Reckless Driving,Dry,Daylight,0,0,4,Minor,Clear
1084,KAG_001085,Kaggle_road_csv,0,April,Wednesday,Unknown,Truck,Unidentified,2,18-30,31-50,Lane Violation,Dry,Daylight,0,0,4,Minor,Clear
1085,KAG_001086,Kaggle_road_csv,0,March,Friday,Unknown,Truck,Unidentified,2,Unknown,Under 18,Unknown/Other,Dry,Dark,0,0,1,Minor,Clear
1086,KAG_001087,Kaggle_road_csv,0,March,Monday,Unknown,Truck,Unidentified,2,31-50,18-30,Reckless Driving,Dry,Daylight,0,0,1,Minor,Clear
1087,KAG_001088,Kaggle_road_csv,0,May,Tuesday,Unknown,Truck,Unidentified,1,Unknown,18-30,No Distancing/Rear End,Dry,Dark,0,0,1,Serious,Clear
1088,KAG_001089,Kaggle_road_csv,0,October,Saturday,Unknown,Truck,Unidentified,2,31-50,18-30,Reckless Driving,Dry,Daylight,0,0,1,Minor,Clear
1089,KAG_001090,Kaggle_road_csv,0,October,Saturday,Unknown,Truck,Unidentified,2,Unknown,18-30,No Distancing/Rear End,Dry,Daylight,0,0,1,Minor,Clear
1090,KAG_001091,Kaggle_road_csv,0,May,Monday,Unknown,Truck,Unidentified,2,Unknown,Unknown,Lane Violation,Dry,Daylight,0,0,1,Minor,Clear
1091,KAG_001092,Kaggle_road_csv,0,April,Monday,Unknown,Truck,Unidentified,2,31-50,31-50,Lane Violation,Dry,Daylight,0,0,1,Minor,Clear
1092,KAG_001093,Kaggle_road_csv,0,March,Friday,Unknown,Truck,Unidentified,2,Unknown,Unknown,No Distancing/Rear End,Dry,Daylight,0,0,1,Minor,Clear
1093,KAG_001094,Kaggle_road_csv,0,October,Sunday,Unknown,Truck,Unidentified,1,18-30,Unknown,No Distancing/Rear End,Dry,Daylight,0,0,3,Minor,Clear
1094,KAG_001095,Kaggle_road_csv,0,October,Friday,Unknown,Truck,Unidentified,2,18-30,Unknown,Lane Violation,Dry,Daylight,0,0,1,Minor,Clear
1095,KAG_001096,Kaggle_road_csv,0,May,Thursday,Unknown,Truck,Unidentified,2,31-50,Under 18,Lane Violation,Dry,Daylight,0,0,1,Minor,Clear
1096,KAG_001097,Kaggle_road_csv,0,May,Tuesday,Unknown,Truck,Unidentified,1,18-30,Over 51,Lane Violation,Dry,Daylight,0,0,1,Minor,Clear
1097,KAG_001098,Kaggle_road_csv,0,October,Tuesday,Unknown,Truck,Unidentified,2,31-50,18-30,No Distancing/Rear End,Dry,Dark,0,0,1,Serious,Clear
1098,KAG_001099,Kaggle_road_csv,0,April,Thursday,Unknown,Truck,Unidentified,1,31-50,Unknown,No Distancing/Rear End,Dry,Daylight,0,0,1,Minor,Clear
1099,KAG_001100,Kaggle_road_csv,0,October,Saturday,Unknown,Truck,Unidentified,2,31-50,Unknown,Lane Violation,Dry,Daylight,0,0,1,Minor,Clear
1100,KAG_001101,Kaggle_road_csv,0,April,Saturday,Unknown,Truck,Unidentified,2,18-30,Unknown,No Distancing/Rear End,Dry,Daylight,0,0,1,Minor,Clear
1101,KAG_001102,Kaggle_road_csv,0,October,Sunday,Unknown,Truck,Unidentified,1,31-50,Unknown,Lane Violation,Dry,Daylight,0,0,1,Minor,Clear
1102,KAG_001103,Kaggle_road_csv,0,April,Thursday,Unknown,Truck,Unidentified,2,Over 51,Over 51,No Distancing/Rear End,Dry,Daylight,0,0,1,Minor,Clear
1103,KAG_001104,Kaggle_road_csv,0,October,Monday,Unknown,Truck,Unidentified,1,31-50,Unknown,Lane Violation,Dry,Daylight,0,0,2,Minor,Clear
1104,KAG_001105,Kaggle_road_csv,0,July,Saturday,Unknown,Truck,Unidentified,2,Over 51,Unknown,Lane Violation,Wet,Dark,0,0,3,Minor,Rainy
1105,KAG_001106,Kaggle_road_csv,0,May,Saturday,Unknown,Truck,Unidentified,2,18-30,18-30,Unknown/Other,Dry,Daylight,0,0,1,Minor,Clear
1106,KAG_001107,Kaggle_road_csv,0,October,Monday,Unknown,Truck,Unidentified,1,Over 51,18-30,Reckless Driving,Dry,Daylight,0,0,1,Minor,Clear
1107,KAG_001108,Kaggle_road_csv,0,April,Saturday,Unknown,Truck,Unidentified,2,18-30,Over 51,Reckless Driving,Dry,Daylight,0,0,1,Minor,Clear
1108,KAG_001109,Kaggle_road_csv,0,April,Thursday,Unknown,Truck,Unidentified,2,Over 51,Unknown,Lane Violation,Dry,Daylight,0,0,1,Minor,Clear
1109,KAG_001110,Kaggle_road_csv,0,April,Sunday,Unknown,Truck,Unidentified,1,18-30,31-50,No Distancing/Rear End,Dry,Daylight,0,0,1,Minor,Clear
1110,KAG_001111,Kaggle_road_csv,0,March,Monday,Unknown,Truck,Unidentified,1,Unknown,18-30,Reckless Driving,Dry,Daylight,0,0,1,Minor,Clear
1111,KAG_001112,Kaggle_road_csv,0,June,Tuesday,Unknown,Truck,Unidentified,2,31-50,18-30,Lane Violation,Wet,Daylight,0,0,1,Minor,Rainy
1112,KAG_001113,Kaggle_road_csv,0,August,Tuesday,Unknown,Truck,Unidentified,2,31-50,Under 18,No Distancing/Rear End,Wet,Daylight,0,0,1,Minor,Rainy
1113,KAG_001114,Kaggle_road_csv,0,September,Monday,Unknown,Truck,Unidentified,2,18-30,Unknown,No Distancing/Rear End,Wet,Dark,0,0,1,Minor,Rainy
1114,KAG_001115,Kaggle_road_csv,0,April,Friday,Unknown,Truck,Unidentified,2,Unknown,18-30,Unknown/Other,Dry,Daylight,0,0,1,Minor,Clear
1115,KAG_001116,Kaggle_road_csv,0,April,Wednesday,Unknown,Truck,Unidentified,2,Unknown,Over 51,No Distancing/Rear End,Dry,Daylight,0,0,1,Minor,Clear
1116,KAG_001117,Kaggle_road_csv,0,May,Tuesday,Unknown,Truck,Unidentified,2,31-50,Under 18,Lane Violation,Dry,Daylight,0,0,1,Serious,Clear
1117,KAG_001118,Kaggle_road_csv,0,April,Saturday,Unknown,Truck,Unidentified,2,31-50,Unknown,Loss of Control,Dry,Dark,0,0,1,Minor,Clear
1118,KAG_001119,Kaggle_road_csv,0,October,Saturday,Unknown,Truck,Unidentified,2,18-30,Over 51,Lane Violation,Dry,Dark,0,0,1,Minor,Clear
1119,KAG_001120,Kaggle_road_csv,0,May,Tuesday,Unknown,Truck,Unidentified,1,18-30,18-30,Lane Violation,Dry,Dark,0,0,1,Minor,Clear
1120,KAG_001121,Kaggle_road_csv,0,March,Tuesday,Unknown,Truck,Unidentified,2,18-30,31-50,Reckless Driving,Dry,Daylight,0,0,1,Minor,Clear
1121,KAG_001122,Kaggle_road_csv,0,April,Tuesday,Unknown,Truck,Unidentified,2,31-50,Unknown,Reckless Driving,Dry,Daylight,0,0,1,Minor,Clear
1122,KAG_001123,Kaggle_road_csv,0,March,Wednesday,Unknown,Truck,Unidentified,2,31-50,Unknown,No Distancing/Rear End,Dry,Dark,0,0,1,Minor,Clear
1123,KAG_001124,Kaggle_road_csv,0,April,Wednesday,Unknown,Truck,Unidentified,1,31-50,Over 51,Lane Violation,Dry,Daylight,0,0,1,Minor,Clear
1124,KAG_001125,Kaggle_road_csv,0,March,Wednesday,Unknown,Truck,Unidentified,3,18-30,18-30,Unknown/Other,Dry,Daylight,0,0,2,Serious,Clear
1125,KAG_001126,Kaggle_road_csv,0,June,Tuesday,Unknown,Truck,Unidentified,2,18-30,18-30,Reckless Driving,Wet,Daylight,0,0,1,Minor,Rainy
1126,KAG_001127,Kaggle_road_csv,0,May,Sunday,Unknown,Truck,Unidentified,2,31-50,31-50,Lane Violation,Dry,Dark,0,0,1,Minor,Clear
1127,KAG_001128,Kaggle_road_csv,0,October,Sunday,Unknown,Truck,Unidentified,2,18-30,31-50,No Distancing/Rear End,Wet,Dark,0,0,2,Minor,Clear
1128,KAG_001129,Kaggle_road_csv,0,June,Thursday,Unknown,Truck,Unidentified,1,Unknown,Unknown,Lane Violation,Wet,Daylight,0,0,1,Minor,Rainy
1129,KAG_001130,Kaggle_road_csv,0,April,Monday,Unknown,Truck,Unidentified,2,31-50,31-50,No Distancing/Rear End,Dry,Daylight,0,0,1,Minor,Clear
1130,KAG_001131,Kaggle_road_csv,0,March,Monday,Unknown,Truck,Unidentified,1,Unknown,Under 18,No Distancing/Rear End,Wet,Daylight,0,0,1,Minor,Clear
1131,KAG_001132,Kaggle_road_csv,0,May,Tuesday,Unknown,Truck,Unidentified,2,18-30,Unknown,No Distancing/Rear End,Wet,Dark,0,0,1,Minor,Clear
1132,KAG_001133,Kaggle_road_csv,0,April,Tuesday,Unknown,Truck,Unidentified,2,18-30,Over 51,Reckless Driving,Wet,Dark,0,0,1,Minor,Clear
1133,KAG_001134,Kaggle_road_csv,0,April,Friday,Unknown,Truck,Unidentified,1,Unknown,31-50,No Distancing/Rear End,Dry,Daylight,0,0,1,Minor,Clear
1134,KAG_001135,Kaggle_road_csv,0,October,Thursday,Unknown,Truck,Unidentified,1,31-50,18-30,Lane Violation,Dry,Dark,0,0,2,Minor,Clear
1135,KAG_001136,Kaggle_road_csv,0,April,Friday,Unknown,Truck,Unidentified,2,18-30,18-30,Lane Violation,Dry,Dark,0,0,1,Minor,Clear
1136,KAG_001137,Kaggle_road_csv,0,April,Saturday,Unknown,Truck,Unidentified,1,31-50,Under 18,Lane Violation,Dry,Dark,0,0,1,Minor,Clear
1137,KAG_001138,Kaggle_road_csv,0,March,Monday,Unknown,Truck,Unidentified,2,31-50,18-30,No Distancing/Rear End,Dry,Dark,0,0,1,Minor,Clear
1138,KAG_001139,Kaggle_road_csv,0,May,Wednesday,Unknown,Truck,Unidentified,1,31-50,Unknown,No Distancing/Rear End,Dry,Dark,0,0,1,Serious,Clear
1139,KAG_001140,Kaggle_road_csv,0,May,Wednesday,Unknown,Truck,Unidentified,2,18-30,Unknown,Reckless Driving,Dry,Dark,0,0,1,Minor,Clear
1140,KAG_001141,Kaggle_road_csv,0,August,Thursday,Unknown,Truck,Unidentified,2,31-50,Unknown,Lane Violation,Wet,Dark,0,0,1,Minor,Rainy
1141,KAG_001142,Kaggle_road_csv,0,March,Thursday,Unknown,Truck,Unidentified,2,31-50,Over 51,Lane Violation,Dry,Daylight,0,0,1,Minor,Clear
1142,KAG_001143,Kaggle_road_csv,0,June,Friday,Unknown,Truck,Unidentified,2,31-50,Unknown,Lane Violation,Wet,Dark,0,0,1,Minor,Rainy
1143,KAG_001144,Kaggle_road_csv,0,August,Saturday,Unknown,Truck,Unidentified,2,31-50,18-30,Lane Violation,Wet,Daylight,0,0,2,Minor,Rainy
1144,KAG_001145,Kaggle_road_csv,0,October,Friday,Unknown,Truck,Unidentified,2,18-30,31-50,Reckless Driving,Dry,Daylight,0,0,1,Serious,Clear
1145,KAG_001146,Kaggle_road_csv,0,October,Saturday,Unknown,Truck,Unidentified,1,31-50,31-50,Reckless Driving,Dry,Dark,0,0,1,Minor,Clear
1146,KAG_001147,Kaggle_road_csv,0,May,Saturday,Unknown,Truck,Unidentified,2,31-50,18-30,Loss of Control,Dry,Daylight,0,0,3,Minor,Clear
1147,KAG_001148,Kaggle_road_csv,0,April,Saturday,Unknown,Truck,Unidentified,2,18-30,Under 18,Reckless Driving,Dry,Daylight,0,0,3,Minor,Clear
1148,KAG_001149,Kaggle_road_csv,0,October,Monday,Unknown,Truck,Unidentified,2,31-50,Over 51,Reckless Driving,Dry,Dark,0,0,1,Minor,Clear
1149,KAG_001150,Kaggle_road_csv,0,May,Friday,Unknown,Truck,Unidentified,2,18-30,18-30,No Distancing/Rear End,Dry,Dark,0,0,1,Minor,Clear
1150,KAG_001151,Kaggle_road_csv,0,May,Wednesday,Unknown,Truck,Unidentified,1,Over 51,Unknown,Loss of Control,Dry,Daylight,0,0,1,Minor,Clear
1151,KAG_001152,Kaggle_road_csv,0,April,Friday,Unknown,Truck,Unidentified,3,Unknown,Unknown,Lane Violation,Dry,Daylight,0,0,1,Minor,Clear
1152,KAG_001153,Kaggle_road_csv,0,May,Monday,Unknown,Truck,Unidentified,2,31-50,18-30,Speeding,Wet,Daylight,0,0,1,Minor,Clear
1153,KAG_001154,Kaggle_road_csv,0,April,Thursday,Unknown,Truck,Unidentified,2,31-50,18-30,Lane Violation,Dry,Dark,0,0,1,Minor,Clear
1154,KAG_001155,Kaggle_road_csv,0,October,Saturday,Unknown,Truck,Unidentified,2,18-30,31-50,Reckless Driving,Wet,Dark,0,0,1,Minor,Clear
1155,KAG_001156,Kaggle_road_csv,0,May,Saturday,Unknown,Truck,Unidentified,2,18-30,31-50,Lane Violation,Dry,Daylight,0,0,1,Minor,Clear
1156,KAG_001157,Kaggle_road_csv,0,April,Tuesday,Unknown,Truck,Unidentified,1,Unknown,18-30,Lane Violation,Dry,Daylight,0,0,1,Minor,Clear
1157,KAG_001158,Kaggle_road_csv,0,October,Monday,Unknown,Truck,Unidentified,2,31-50,Unknown,No Distancing/Rear End,Wet,Daylight,0,0,1,Minor,Clear
1158,KAG_001159,Kaggle_road_csv,0,March,Monday,Unknown,Truck,Unidentified,2,18-30,Unknown,Lane Violation,Dry,Dark,0,0,1,Minor,Clear
1159,KAG_001160,Kaggle_road_csv,0,May,Thursday,Unknown,Truck,Unidentified,2,Unknown,Unknown,No Distancing/Rear End,Dry,Daylight,0,0,1,Minor,Clear
1160,KAG_001161,Kaggle_road_csv,0,October,Tuesday,Unknown,Truck,Unidentified,2,31-50,31-50,Reckless Driving,Dry,Daylight,0,0,2,Minor,Clear
1161,KAG_001162,Kaggle_road_csv,0,October,Tuesday,Unknown,Truck,Unidentified,2,18-30,31-50,No Distancing/Rear End,Dry,Daylight,0,0,2,Minor,Clear
1162,KAG_001163,Kaggle_road_csv,0,October,Tuesday,Unknown,Truck,Unidentified,2,18-30,Unknown,Lane Violation,Dry,Daylight,0,0,2,Minor,Clear
1163,KAG_001164,Kaggle_road_csv,0,March,Thursday,Unknown,Truck,Unidentified,1,Under 18,Unknown,Lane Violation,Dry,Daylight,0,0,2,Minor,Clear
1164,KAG_001165,Kaggle_road_csv,0,April,Thursday,Unknown,Truck,Unidentified,1,31-50,18-30,Reckless Driving,Dry,Daylight,0,0,1,Minor,Clear
1165,KAG_001166,Kaggle_road_csv,0,April,Saturday,Unknown,Truck,Unidentified,2,18-30,31-50,Reckless Driving,Wet,Dark,0,0,1,Minor,Clear
1166,KAG_001167,Kaggle_road_csv,0,September,Friday,Unknown,Truck,Unidentified,2,Unknown,31-50,No Distancing/Rear End,Wet,Dark,0,0,1,Minor,Rainy
1167,KAG_001168,Kaggle_road_csv,0,October,Wednesday,Unknown,Truck,Unidentified,2,18-30,Unknown,Unknown/Other,Dry,Daylight,0,0,1,Minor,Clear
1168,KAG_001169,Kaggle_road_csv,0,April,Wednesday,Unknown,Truck,Unidentified,2,31-50,31-50,Lane Violation,Dry,Daylight,0,0,1,Minor,Clear
1169,KAG_001170,Kaggle_road_csv,0,April,Friday,Unknown,Truck,Unidentified,2,31-50,18-30,No Distancing/Rear End,Dry,Daylight,0,0,1,Minor,Clear
1170,KAG_001171,Kaggle_road_csv,0,April,Friday,Unknown,Truck,Unidentified,2,Unknown,Unknown,No Distancing/Rear End,Dry,Daylight,0,0,1,Minor,Clear
1171,KAG_001172,Kaggle_road_csv,0,April,Thursday,Unknown,Truck,Unidentified,2,31-50,Over 51,Loss of Control,Dry,Daylight,0,0,1,Serious,Clear
1172,KAG_001173,Kaggle_road_csv,0,May,Thursday,Unknown,Truck,Unidentified,2,31-50,Unknown,Speeding,Dry,Daylight,0,0,1,Serious,Clear
1173,KAG_001174,Kaggle_road_csv,0,March,Sunday,Unknown,Truck,Unidentified,2,18-30,31-50,Reckless Driving,Wet,Daylight,0,0,3,Minor,Clear
1174,KAG_001175,Kaggle_road_csv,0,March,Sunday,Unknown,Truck,Unidentified,2,Over 51,18-30,No Distancing/Rear End,Wet,Daylight,0,0,3,Minor,Clear
1175,KAG_001176,Kaggle_road_csv,0,April,Thursday,Unknown,Truck,Unidentified,2,18-30,Unknown,No Distancing/Rear End,Dry,Daylight,0,0,2,Minor,Clear
1176,KAG_001177,Kaggle_road_csv,0,October,Tuesday,Unknown,Truck,Unidentified,1,18-30,18-30,Reckless Driving,Dry,Dark,0,0,1,Minor,Clear
1177,KAG_001178,Kaggle_road_csv,0,June,Wednesday,Unknown,Truck,Unidentified,2,Unknown,Under 18,Lane Violation,Wet,Dark,0,0,1,Minor,Rainy
1178,KAG_001179,Kaggle_road_csv,0,March,Tuesday,Unknown,Truck,Unidentified,2,Under 18,Unknown,Reckless Driving,Dry,Dark,0,0,1,Minor,Clear
1179,KAG_001180,Kaggle_road_csv,0,October,Thursday,Unknown,Truck,Unidentified,3,Unknown,Unknown,Reckless Driving,Dry,Daylight,0,0,1,Minor,Clear
1180,KAG_001181,Kaggle_road_csv,0,October,Sunday,Unknown,Truck,Unidentified,1,18-30,31-50,Unknown/Other,Dry,Dark,0,0,1,Minor,Clear
1181,KAG_001182,Kaggle_road_csv,0,March,Friday,Unknown,Truck,Unidentified,2,18-30,18-30,Lane Violation,Dry,Daylight,0,0,1,Serious,Clear
1182,KAG_001183,Kaggle_road_csv,0,March,Friday,Unknown,Truck,Unidentified,1,31-50,Unknown,Unknown/Other,Dry,Daylight,0,0,1,Serious,Clear
1183,KAG_001184,Kaggle_road_csv,0,October,Thursday,Unknown,Truck,Unidentified,2,18-30,31-50,No Distancing/Rear End,Wet,Daylight,0,0,1,Minor,Clear
1184,KAG_001185,Kaggle_road_csv,0,May,Thursday,Unknown,Truck,Unidentified,2,31-50,Under 18,Unknown/Other,Wet,Daylight,0,0,1,Minor,Clear
1185,KAG_001186,Kaggle_road_csv,0,April,Monday,Unknown,Truck,Unidentified,1,Over 51,31-50,Reckless Driving,Dry,Daylight,0,0,1,Minor,Clear
1186,KAG_001187,Kaggle_road_csv,0,October,Tuesday,Unknown,Truck,Unidentified,1,Unknown,31-50,Lane Violation,Dry,Dark,0,0,1,Minor,Clear
1187,KAG_001188,Kaggle_road_csv,0,October,Tuesday,Unknown,Truck,Unidentified,2,18-30,Under 18,Unknown/Other,Dry,Daylight,0,0,1,Minor,Clear
1188,KAG_001189,Kaggle_road_csv,0,April,Tuesday,Unknown,Truck,Unidentified,1,31-50,31-50,Reckless Driving,Dry,Daylight,0,0,1,Minor,Clear
1189,KAG_001190,Kaggle_road_csv,0,April,Saturday,Unknown,Truck,Unidentified,1,31-50,31-50,Lane Violation,Dry,Daylight,0,0,1,Serious,Clear