,accident_id,source,year,month,day_of_week,state,vehicle_1,vehicle_2,vehicles_involved,party_age_group,victim_age_group,cause_of_accident,road_condition,lighting_condition,fatalities,injuries,casualties,severity,weather_group
1190,KAG_001191,Kaggle_road_csv,0,October,Thursday,Unknown,Truck,Unidentified,2,31-50,18-30,Reckless Driving,Dry,Daylight,0,0,1,Minor,Clear
1191,KAG_001192,Kaggle_road_csv,0,April,Friday,Unknown,Truck,Unidentified,2,31-50,31-50,Reckless Driving,Wet,Dark,0,0,2,Minor,Clear
1192,KAG_001193,Kaggle_road_csv,0,March,Friday,Unknown,Truck,Unidentified,2,31-50,18-30,Lane Violation,Dry,Daylight,0,0,2,Minor,Clear
1193,KAG_001194,Kaggle_road_csv,0,April,Friday,Unknown,Truck,Unidentified,2,31-50,31-50,Lane Violation,Dry,Dark,0,0,1,Minor,Clear
1194,KAG_001195,Kaggle_road_csv,0,October,Thursday,Unknown,Truck,Unidentified,2,Unknown,18-30,No Distancing/Rear End,Dry,Dark,0,0,1,Minor,Clear
1195,KAG_001196,Kaggle_road_csv,0,March,Monday,Unknown,Truck,Unidentified,2,31-50,Over 51,Lane Violation,Dry,Daylight,0,0,1,Minor,Clear
1196,KAG_001197,Kaggle_road_csv,0,May,Thursday,Unknown,Truck,Unidentified,1,18-30,Unknown,Reckless Driving,Dry,Dark,0,0,1,Minor,Clear
1197,KAG_001198,Kaggle_road_csv,0,October,Thursday,Unknown,Truck,Unidentified,2,18-30,Over 51,No Distancing/Rear End,Dry,Daylight,0,0,1,Minor,Clear
1198,KAG_001199,Kaggle_road_csv,0,May,Wednesday,Unknown,Truck,Unidentified,1,Unknown,18-30,Reckless Driving,Dry,Daylight,0,0,1,Minor,Clear
1199,KAG_001200,Kaggle_road_csv,0,April,Saturday,Unknown,Truck,Unidentified,2,31-50,Unknown,No Distancing/Rear End,Dry,Daylight,0,0,1,Minor,Clear
1200,KAG_001201,Kaggle_road_csv,0,October,Saturday,Unknown,Truck,Unidentified,2,18-30,Unknown,Reckless Driving,Dry,Daylight,0,0,1,Minor,Clear
1201,KAG_001202,Kaggle_road_csv,0,May,Friday,Unknown,Truck,Unidentified,2,31-50,Unknown,Lane Violation,Dry,Dark,0,0,1,Minor,Clear
1202,KAG_001203,Kaggle_road_csv,0,March,Saturday,Unknown,Truck,Unidentified,2,31-50,Unknown,Reckless Driving,Dry,Daylight,0,0,1,Minor,Clear
1203,KAG_001204,Kaggle_road_csv,0,March,Saturday,Unknown,Truck,Unidentified,3,Over 51,18-30,Lane Violation,Dry,Dark,0,0,1,Minor,Clear
1204,KAG_001205,Kaggle_road_csv,0,October,Saturday,Unknown,Truck,Unidentified,3,31-50,Unknown,No Distancing/Rear End,Dry,Dark,0,0,1,Minor,Clear
1205,KAG_001206,Kaggle_road_csv,0,May,Sunday,Unknown,Truck,Unidentified,2,18-30,Over 51,Lane Violation,Dry,Dark,0,0,2,Minor,Clear
1206,KAG_001207,Kaggle_road_csv,0,October,Thursday,Unknown,Truck,Unidentified,2,18-30,18-30,Lane Violation,Dry,Daylight,0,0,1,Minor,Clear
1207,KAG_001208,Kaggle_road_csv,0,October,Tuesday,Unknown,Truck,Unidentified,3,Under 18,18-30,No Distancing/Rear End,Dry,Daylight,0,0,1,Minor,Clear
1208,KAG_001209,Kaggle_road_csv,0,May,Tuesday,Unknown,Truck,Unidentified,3,Unknown,Under 18,Lane Violation,Dry,Daylight,0,0,1,Minor,Clear
1209,KAG_001210,Kaggle_road_csv,0,October,Wednesday,Unknown,Truck,Unidentified,1,Over 51,Unknown,No Distancing/Rear End,Dry,Daylight,0,0,1,Minor,Clear
1210,KAG_001211,Kaggle_road_csv,0,October,Wednesday,Unknown,Truck,Unidentified,1,Over 51,Unknown,No Distancing/Rear End,Dry,Daylight,0,0,1,Minor,Clear
1211,KAG_001212,Kaggle_road_csv,0,May,Friday,Unknown,Truck,Unidentified,2,31-50,18-30,Reckless Driving,Dry,Daylight,0,0,1,Minor,Clear
1212,KAG_001213,Kaggle_road_csv,0,March,Friday,Unknown,Truck,Unidentified,3,31-50,Over 51,Lane Violation,Dry,Daylight,0,0,1,Minor,Clear
1213,KAG_001214,Kaggle_road_csv,0,March,Friday,Unknown,Truck,Unidentified,3,Unknown,18-30,No Distancing/Rear End,Dry,Daylight,0,0,1,Minor,Clear
1214,KAG_001215,Kaggle_road_csv,0,May,Saturday,Unknown,Truck,Unidentified,2,Unknown,Unknown,Reckless Driving,Dry,Daylight,0,0,1,Minor,Clear
1215,KAG_001216,Kaggle_road_csv,0,April,Tuesday,Unknown,Truck,Unidentified,1,31-50,Unknown,Reckless Driving,Dry,Daylight,0,0,1,Minor,Clear
1216,KAG_001217,Kaggle_road_csv,0,March,Wednesday,Unknown,Truck,Unidentified,2,31-50,18-30,Lane Violation,Dry,Daylight,0,0,1,Minor,Clear
1217,KAG_001218,Kaggle_road_csv,0,June,Thursday,Unknown,Truck,Unidentified,1,18-30,Unknown,Lane Violation,Wet,Daylight,0,0,1,Minor,Rainy
1218,KAG_001219,Kaggle_road_csv,0,June,Thursday,Unknown,Truck,Unidentified,2,31-50,Unknown,Lane Violation,Wet,Daylight,0,0,1,Minor,Rainy
1219,KAG_001220,Kaggle_road_csv,0,March,Friday,Unknown,Truck,Unidentified,2,31-50,Over 51,Lane Violation,Dry,Daylight,0,0,1,Minor,Clear
1220,KAG_001221,Kaggle_road_csv,0,March,Friday,Unknown,Truck,Unidentified,2,31-50,18-30,No Distancing/Rear End,Dry,Daylight,0,0,1,Minor,Clear
1221,KAG_001222,Kaggle_road_csv,0,May,Sunday,Unknown,Truck,Unidentified,2,18-30,Unknown,Drunk/Drug Driving,Wet,Daylight,0,0,1,Minor,Clear
1222,KAG_001223,Kaggle_road_csv,0,May,Sunday,Unknown,Truck,Unidentified,2,18-30,18-30,Reckless Driving,Wet,Dark,0,0,1,Minor,Clear
1223,KAG_001224,Kaggle_road_csv,0,May,Wednesday,Unknown,Truck,Unidentified,2,31-50,18-30,No Distancing/Rear End,Dry,Dark,0,0,1,Minor,Clear
1224,KAG_001225,Kaggle_road_csv,0,October,Wednesday,Unknown,Truck,Unidentified,1,Unknown,18-30,Reckless Driving,Dry,Daylight,0,0,1,Minor,Clear
1225,KAG_001226,Kaggle_road_csv,0,March,Wednesday,Unknown,Truck,Unidentified,2,31-50,Unknown,Loss of Control,Dry,Daylight,0,0,2,Minor,Clear
1226,KAG_001227,Kaggle_road_csv,0,March,Saturday,Unknown,Truck,Unidentified,1,Unknown,Unknown,Reckless Driving,Dry,Dark,0,0,1,Minor,Clear
1227,KAG_001228,Kaggle_road_csv,0,May,Thursday,Unknown,Truck,Unidentified,2,31-50,31-50,No Distancing/Rear End,Wet,Dark,0,0,1,Minor,Clear
1228,KAG_001229,Kaggle_road_csv,0,May,Saturday,Unknown,Truck,Unidentified,2,31-50,18-30,Drunk/Drug Driving,Dry,Daylight,0,0,1,Minor,Clear
1229,KAG_001230,Kaggle_road_csv,0,October,Tuesday,Unknown,Truck,Unidentified,2,Unknown,18-30,Lane Violation,Dry,Daylight,0,0,1,Minor,Clear
1230,KAG_001231,Kaggle_road_csv,0,October,Friday,Unknown,Truck,Unidentified,2,31-50,18-30,Drunk/Drug Driving,Dry,Daylight,0,0,1,Minor,Clear
1231,KAG_001232,Kaggle_road_csv,0,May,Saturday,Unknown,Truck,Unidentified,2,31-50,18-30,Reckless Driving,Dry,Dark,0,0,1,Minor,Clear
1232,KAG_001233,Kaggle_road_csv,0,April,Saturday,Unknown,Truck,Unidentified,2,Unknown,Unknown,No Distancing/Rear End,Dry,Dark,0,0,1,Minor,Clear
1233,KAG_001234,Kaggle_road_csv,0,May,Wednesday,Unknown,Truck,Unidentified,2,Under 18,18-30,Lane Violation,Dry,Daylight,0,0,1,Minor,Clear
1234,KAG_001235,Kaggle_road_csv,0,May,Tuesday,Unknown,Truck,Unidentified,1,31-50,31-50,Lane Violation,Dry,Daylight,0,0,1,Minor,Clear
1235,KAG_001236,Kaggle_road_csv,0,March,Monday,Unknown,Truck,Unidentified,2,Unknown,Over 51,No Distancing/Rear End,Dry,Daylight,0,0,1,Minor,Clear
1236,KAG_001237,Kaggle_road_csv,0,April,Thursday,Unknown,Truck,Unidentified,2,31-50,18-30,Reckless Driving,Dry,Daylight,0,0,1,Serious,Clear
1237,KAG_001238,Kaggle_road_csv,0,April,Friday,Unknown,Truck,Unidentified,2,31-50,Unknown,No Distancing/Rear End,Dry,Daylight,0,0,1,Minor,Clear
1238,KAG_001239,Kaggle_road_csv,0,May,Friday,Unknown,Truck,Unidentified,2,31-50,Unknown,Lane Violation,Dry,Dark,0,0,1,Minor,Clear
1239,KAG_001240,Kaggle_road_csv,0,March,Sunday,Unknown,Truck,Unidentified,2,31-50,Unknown,Reckless Driving,Dry,Daylight,0,0,2,Minor,Clear
1240,KAG_001241,Kaggle_road_csv,0,March,Friday,Unknown,Truck,Unidentified,2,18-30,Unknown,Reckless Driving,Dry,Daylight,0,0,1,Minor,Clear
1241,KAG_001242,Kaggle_road_csv,0,March,Friday,Unknown,Truck,Unidentified,2,Unknown,31-50,Reckless Driving,Dry,Daylight,0,0,1,Minor,Clear
1242,KAG_001243,Kaggle_road_csv,0,October,Friday,Unknown,Truck,Unidentified,2,Unknown,31-50,No Distancing/Rear End,Dry,Daylight,0,0,1,Minor,Clear
1243,KAG_001244,Kaggle_road_csv,0,October,Saturday,Unknown,Truck,Unidentified,2,18-30,18-30,Reckless Driving,Dry,Daylight,0,0,1,Minor,Clear
1244,KAG_001245,Kaggle_road_csv,0,May,Thursday,Unknown,Truck,Unidentified,1,Unknown,18-30,Lane Violation,Dry,Daylight,0,0,1,Minor,Clear
1245,KAG_001246,Kaggle_road_csv,0,March,Monday,Unknown,Truck,Unidentified,3,18-30,Unknown,Lane Violation,Dry,Daylight,0,0,1,Minor,Clear
1246,KAG_001247,Kaggle_road_csv,0,May,Tuesday,Unknown,Truck,Unidentified,1,Over 51,Unknown,Lane Violation,Dry,Daylight,0,0,1,Minor,Clear
1247,KAG_001248,Kaggle_road_csv,0,October,Wednesday,Unknown,Truck,Unidentified,2,18-30,Unknown,No Distancing/Rear End,Dry,Daylight,0,0,2,Minor,Clear
1248,KAG_001249,Kaggle_road_csv,0,October,Wednesday,Unknown,Truck,Unidentified,2,Unknown,Unknown,Reckless Driving,Dry,Dark,0,0,2,Minor,Clear
1249,KAG_001250,Kaggle_road_csv,0,May,Monday,Unknown,Truck,Unidentified,1,Over 51,Unknown,No Distancing/Rear End,Dry,Daylight,0,0,1,Serious,Clear
1250,KAG_001251,Kaggle_road_csv,0,May,Saturday,Unknown,Truck,Unidentified,2,18-30,18-30,Lane Violation,Dry,Dark,0,0,1,Minor,Clear
1251,KAG_001252,Kaggle_road_csv,0,October,Saturday,Unknown,Truck,Unidentified,2,Unknown,Unknown,No Distancing/Rear End,Dry,Dark,0,0,1,Minor,Clear
1252,KAG_001253,Kaggle_road_csv,0,October,Thursday,Unknown,Truck,Unidentified,1,18-30,18-30,Reckless Driving,Dry,Daylight,0,0,1,Minor,Clear
1253,KAG_001254,Kaggle_road_csv,0,October,Thursday,Unknown,Truck,Unidentified,2,18-30,Unknown,Lane Violation,Dry,Daylight,0,0,1,Minor,Clear
1254,KAG_001255,Kaggle_road_csv,0,April,Wednesday,Unknown,Truck,Unidentified,2,Over 51,Unknown,Reckless Driving,Dry,Daylight,0,0,1,Minor,Clear
1255,KAG_001256,Kaggle_road_csv,0,April,Saturday,Unknown,Truck,Unidentified,2,Unknown,18-30,Lane Violation,Wet,Dark,0,0,1,Minor,Clear
1256,KAG_001257,Kaggle_road_csv,0,April,Saturday,Unknown,Truck,Unidentified,2,18-30,31-50,Lane Violation,Wet,Dark,0,0,1,Minor,Clear
1257,KAG_001258,Kaggle_road_csv,0,March,Saturday,Unknown,Truck,Unidentified,2,31-50,31-50,Lane Violation,Dry,Daylight,0,0,8,Minor,Clear
1258,KAG_001259,Kaggle_road_csv,0,April,Saturday,Unknown,Truck,Unidentified,2,31-50,18-30,No Distancing/Rear End,Dry,Daylight,0,0,8,Minor,Clear
1259,KAG_001260,Kaggle_road_csv,0,April,Saturday,Unknown,Truck,Unidentified,2,31-50,Under 18,No Distancing/Rear End,Dry,Daylight,0,0,8,Minor,Clear
1260,KAG_001261,Kaggle_road_csv,0,March,Thursday,Unknown,Truck,Unidentified,2,18-30,18-30,No Distancing/Rear End,Dry,Dark,0,0,1,Minor,Clear
1261,KAG_001262,Kaggle_road_csv,0,May,Thursday,Unknown,Truck,Unidentified,2,Over 51,18-30,Reckless Driving,Dry,Daylight,0,0,2,Serious,Clear
1262,KAG_001263,Kaggle_road_csv,0,April,Monday,Unknown,Truck,Unidentified,1,31-50,Unknown,Loss of Control,Dry,Daylight,0,0,1,Minor,Clear
1263,KAG_001264,Kaggle_road_csv,0,April,Saturday,Unknown,Truck,Unidentified,2,18-30,Unknown,Lane Violation,Dry,Dark,0,0,1,Minor,Clear
1264,KAG_001265,Kaggle_road_csv,0,June,Wednesday,Unknown,Truck,Unidentified,2,18-30,31-50,Reckless Driving,Wet,Daylight,0,0,1,Minor,Rainy
1265,KAG_001266,Kaggle_road_csv,0,July,Wednesday,Unknown,Truck,Unidentified,2,18-30,31-50,Reckless Driving,Wet,Daylight,0,0,1,Minor,Rainy
1266,KAG_001267,Kaggle_road_csv,0,March,Saturday,Unknown,Truck,Unidentified,2,18-30,Unknown,Drunk/Drug Driving,Dry,Daylight,0,0,1,Serious,Clear
1267,KAG_001268,Kaggle_road_csv,0,March,Saturday,Unknown,Truck,Unidentified,2,18-30,31-50,Reckless Driving,Dry,Daylight,0,0,1,Serious,Clear
1268,KAG_001269,Kaggle_road_csv,0,April,Monday,Unknown,Truck,Unidentified,1,31-50,Unknown,No Distancing/Rear End,Dry,Dark,0,0,1,Minor,Clear
1269,KAG_001270,Kaggle_road_csv,0,June,Sunday,Unknown,Truck,Unidentified,2,Under 18,Unknown,No Distancing/Rear End,Wet,Dark,0,0,1,Minor,Rainy
1270,KAG_001271,Kaggle_road_csv,0,August,Sunday,Unknown,Truck,Unidentified,2,18-30,31-50,No Distancing/Rear End,Wet,Dark,0,0,1,Minor,Rainy
1271,KAG_001272,Kaggle_road_csv,0,October,Saturday,Unknown,Truck,Unidentified,2,18-30,18-30,No Distancing/Rear End,Dry,Dark,0,0,2,Minor,Clear
1272,KAG_001273,Kaggle_road_csv,0,August,Thursday,Unknown,Truck,Unidentified,2,18-30,18-30,No Distancing/Rear End,Wet,Daylight,0,0,3,Minor,Rainy
1273,KAG_001274,Kaggle_road_csv,0,August,Thursday,Unknown,Truck,Unidentified,2,18-30,Unknown,Lane Violation,Wet,Daylight,0,0,3,Minor,Rainy
1274,KAG_001275,Kaggle_road_csv,0,June,Tuesday,Unknown,Truck,Unidentified,1,31-50,Unknown,No Distancing/Rear End,Wet,Dark,0,0,1,Serious,Rainy
1275,KAG_001276,Kaggle_road_csv,0,August,Tuesday,Unknown,Truck,Unidentified,3,Over 51,18-30,Speeding,Wet,Daylight,0,0,1,Minor,Rainy
1276,KAG_001277,Kaggle_road_csv,0,April,Monday,Unknown,Truck,Unidentified,2,18-30,Unknown,Loss of Control,Dry,Dark,0,0,3,Minor,Clear
1277,KAG_001278,Kaggle_road_csv,0,March,Saturday,Unknown,Truck,Unidentified,3,18-30,Unknown,No Distancing/Rear End,Dry,Dark,0,0,3,Serious,Clear
1278,KAG_001279,Kaggle_road_csv,0,October,Saturday,Unknown,Truck,Unidentified,3,18-30,18-30,Loss of Control,Dry,Dark,0,0,3,Serious,Clear
1279,KAG_001280,Kaggle_road_csv,0,May,Saturday,Unknown,Truck,Unidentified,3,31-50,Unknown,Reckless Driving,Dry,Dark,0,0,3,Serious,Clear
1280,KAG_001281,Kaggle_road_csv,0,April,Saturday,Unknown,Truck,Unidentified,3,31-50,18-30,Lane Violation,Wet,Daylight,0,0,5,Minor,Clear
1281,KAG_001282,Kaggle_road_csv,0,April,Thursday,Unknown,Truck,Unidentified,2,18-30,Under 18,Drunk/Drug Driving,Dry,Daylight,0,0,1,Minor,Clear
1282,KAG_001283,Kaggle_road_csv,0,April,Wednesday,Unknown,Truck,Unidentified,2,18-30,Unknown,No Distancing/Rear End,Wet,Dark,0,0,1,Minor,Clear
1283,KAG_001284,Kaggle_road_csv,0,March,Tuesday,Unknown,Truck,Unidentified,2,18-30,Unknown,Reckless Driving,Wet,Daylight,0,0,1,Minor,Clear
1284,KAG_001285,Kaggle_road_csv,0,October,Tuesday,Unknown,Truck,Unidentified,2,Unknown,18-30,Reckless Driving,Wet,Daylight,0,0,1,Minor,Clear
1285,KAG_001286,Kaggle_road_csv,0,March,Saturday,Unknown,Truck,Unidentified,2,31-50,Unknown,No Distancing/Rear End,Dry,Daylight,0,0,1,Minor,Clear
1286,KAG_001287,Kaggle_road_csv,0,August,Saturday,Unknown,Truck,Unidentified,2,31-50,Unknown,Loss of Control,Wet,Daylight,0,0,1,Minor,Rainy
1287,KAG_001288,Kaggle_road_csv,0,April,Saturday,Unknown,Truck,Unidentified,2,18-30,31-50,Lane Violation,Wet,Dark,0,0,1,Serious,Clear
1288,KAG_001289,Kaggle_road_csv,0,March,Saturday,Unknown,Truck,Unidentified,2,18-30,Unknown,Reckless Driving,Wet,Dark,0,0,1,Minor,Clear
1289,KAG_001290,Kaggle_road_csv,0,October,Monday,Unknown,Truck,Unidentified,1,Unknown,31-50,No Distancing/Rear End,Dry,Daylight,0,0,1,Minor,Clear
1290,KAG_001291,Kaggle_road_csv,0,March,Tuesday,Unknown,Truck,Unidentified,2,31-50,18-30,Reckless Driving,Dry,Daylight,0,0,2,Minor,Clear
1291,KAG_001292,Kaggle_road_csv,0,April,Wednesday,Unknown,Truck,Unidentified,1,Over 51,31-50,Reckless Driving,Dry,Daylight,0,0,1,Minor,Clear
1292,KAG_001293,Kaggle_road_csv,0,March,Wednesday,Unknown,Truck,Unidentified,2,31-50,Unknown,Reckless Driving,Dry,Daylight,0,0,2,Minor,Clear
1293,KAG_001294,Kaggle_road_csv,0,April,Sunday,Unknown,Truck,Unidentified,2,Unknown,31-50,Lane Violation,Dry,Daylight,0,0,1,Minor,Clear
1294,KAG_001295,Kaggle_road_csv,0,May,Monday,Unknown,Truck,Unidentified,1,18-30,Unknown,Lane Violation,Dry,Daylight,0,0,1,Minor,Clear
1295,KAG_001296,Kaggle_road_csv,0,March,Saturday,Unknown,Truck,Unidentified,2,Unknown,18-30,No Distancing/Rear End,Wet,Dark,0,0,1,Minor,Clear
1296,KAG_001297,Kaggle_road_csv,0,October,Tuesday,Unknown,Truck,Unidentified,1,18-30,18-30,No Distancing/Rear End,Dry,Daylight,0,0,1,Minor,Clear
1297,KAG_001298,Kaggle_road_csv,0,March,Tuesday,Unknown,Truck,Unidentified,2,Over 51,18-30,Reckless Driving,Wet,Daylight,0,0,1,Minor,Clear
1298,KAG_001299,Kaggle_road_csv,0,March,Monday,Unknown,Truck,Unidentified,2,Unknown,Under 18,Reckless Driving,Dry,Dark,0,0,1,Minor,Clear
1299,KAG_001300,Kaggle_road_csv,0,March,Monday,Unknown,Truck,Unidentified,2,18-30,18-30,Lane Violation,Dry,Dark,0,0,1,Minor,Clear
1300,KAG_001301,Kaggle_road_csv,0,April,Saturday,Unknown,Truck,Unidentified,2,Over 51,18-30,Lane Violation,Dry,Dark,0,0,1,Minor,Clear
1301,KAG_001302,Kaggle_road_csv,0,October,Wednesday,Unknown,Truck,Unidentified,2,31-50,18-30,Reckless Driving,Dry,Daylight,0,0,1,Minor,Clear
1302,KAG_001303,Kaggle_road_csv,0,May,Friday,Unknown,Truck,Unidentified,2,Unknown,Unknown,No Distancing/Rear End,Dry,Dark,0,0,2,Minor,Clear
1303,KAG_001304,Kaggle_road_csv,0,April,Friday,Unknown,Truck,Unidentified,2,31-50,31-50,Lane Violation,Dry,Dark,0,0,2,Minor,Clear
1304,KAG_001305,Kaggle_road_csv,0,July,Friday,Unknown,Truck,Unidentified,1,Unknown,31-50,No Distancing/Rear End,Wet,Daylight,0,0,1,Minor,Rainy
1305,KAG_001306,Kaggle_road_csv,0,May,Friday,Unknown,Truck,Unidentified,2,31-50,Unknown,Drunk/Drug Driving,Wet,Daylight,0,0,1,Minor,Clear
1306,KAG_001307,Kaggle_road_csv,0,April,Tuesday,Unknown,Truck,Unidentified,2,31-50,Over 51,No Distancing/Rear End,Wet,Daylight,0,0,2,Minor,Clear
1307,KAG_001308,Kaggle_road_csv,0,July,Friday,Unknown,Truck,Unidentified,2,Unknown,Unknown,Lane Violation,Wet,Daylight,0,0,1,Minor,Rainy
1308,KAG_001309,Kaggle_road_csv,0,May,Wednesday,Unknown,Truck,Unidentified,1,31-50,18-30,Reckless Driving,Wet,Dark,0,0,1,Minor,Clear
1309,KAG_001310,Kaggle_road_csv,0,April,Tuesday,Unknown,Truck,Unidentified,3,Unknown,Unknown,Drunk/Drug Driving,Dry,Dark,0,0,1,Serious,Clear
1310,KAG_001311,Kaggle_road_csv,0,July,Monday,Unknown,Truck,Unidentified,2,31-50,Unknown,Lane Violation,Wet,Dark,0,0,1,Minor,Rainy
1311,KAG_001312,Kaggle_road_csv,0,September,Monday,Unknown,Truck,Unidentified,2,Under 18,Unknown,No Distancing/Rear End,Wet,Dark,0,0,1,Minor,Rainy
1312,KAG_001313,Kaggle_road_csv,0,May,Wednesday,Unknown,Truck,Unidentified,2,31-50,Unknown,No Distancing/Rear End,Dry,Daylight,0,0,2,Minor,Clear
1313,KAG_001314,Kaggle_road_csv,0,March,Friday,Unknown,Truck,Unidentified,2,Over 51,Unknown,Lane Violation,Dry,Daylight,0,0,2,Serious,Clear
1314,KAG_001315,Kaggle_road_csv,0,October,Tuesday,Unknown,Truck,Unidentified,2,Unknown,Unknown,Lane Violation,Dry,Daylight,0,0,2,Minor,Clear
1315,KAG_001316,Kaggle_road_csv,0,March,Sunday,Unknown,Truck,Unidentified,2,31-50,Unknown,Lane Violation,Dry,Daylight,0,0,2,Minor,Clear
1316,KAG_001317,Kaggle_road_csv,0,May,Monday,Unknown,Truck,Unidentified,3,31-50,Unknown,Reckless Driving,Dry,Daylight,0,0,2,Minor,Clear
1317,KAG_001318,Kaggle_road_csv,0,March,Monday,Unknown,Truck,Unidentified,3,31-50,Unknown,Lane Violation,Dry,Daylight,0,0,2,Minor,Clear
1318,KAG_001319,Kaggle_road_csv,0,May,Monday,Unknown,Truck,Unidentified,1,31-50,18-30,Lane Violation,Dry,Dark,0,0,1,Fatal,Clear
1319,KAG_001320,Kaggle_road_csv,0,April,Thursday,Unknown,Truck,Unidentified,2,18-30,31-50,Lane Violation,Dry,Dark,0,0,1,Minor,Clear
1320,KAG_001321,Kaggle_road_csv,0,May,Wednesday,Unknown,Truck,Unidentified,2,18-30,18-30,No Distancing/Rear End,Dry,Daylight,0,0,1,Serious,Clear
1321,KAG_001322,Kaggle_road_csv,0,April,Thursday,Unknown,Truck,Unidentified,1,18-30,Over 51,Reckless Driving,Dry,Daylight,0,0,1,Minor,Clear
1322,KAG_001323,Kaggle_road_csv,0,April,Tuesday,Unknown,Truck,Unidentified,2,Over 51,Over 51,No Distancing/Rear End,Wet,Daylight,0,0,2,Minor,Clear
1323,KAG_001324,Kaggle_road_csv,0,September,Saturday,Unknown,Truck,Unidentified,2,18-30,Unknown,No Distancing/Rear End,Wet,Dark,0,0,1,Minor,Rainy
1324,KAG_001325,Kaggle_road_csv,0,March,Tuesday,Unknown,Truck,Unidentified,2,31-50,Unknown,Lane Violation,Dry,Daylight,0,0,1,Minor,Clear
1325,KAG_001326,Kaggle_road_csv,0,April,Friday,Unknown,Truck,Unidentified,2,Unknown,Unknown,Reckless Driving,Dry,Daylight,0,0,1,Minor,Clear
1326,KAG_001327,Kaggle_road_csv,0,March,Tuesday,Unknown,Truck,Unidentified,2,18-30,Unknown,Lane Violation,Dry,Daylight,0,0,1,Minor,Clear
1327,KAG_001328,Kaggle_road_csv,0,October,Tuesday,Unknown,Truck,Unidentified,2,31-50,18-30,Drunk/Drug Driving,Dry,Daylight,0,0,1,Minor,Clear
1328,KAG_001329,Kaggle_road_csv,0,April,Sunday,Unknown,Truck,Unidentified,2,31-50,18-30,Reckless Driving,Dry,Dark,0,0,1,Serious,Clear
1329,KAG_001330,Kaggle_road_csv,0,April,Sunday,Unknown,Truck,Unidentified,2,Under 18,Unknown,No Distancing/Rear End,Dry,Dark,0,0,1,Serious,Clear
1330,KAG_001331,Kaggle_road_csv,0,May,Friday,Unknown,Truck,Unidentified,2,18-30,31-50,Reckless Driving,Dry,Daylight,0,0,1,Minor,Clear
1331,KAG_001332,Kaggle_road_csv,0,April,Sunday,Unknown,Truck,Unidentified,2,Unknown,Unknown,Reckless Driving,Dry,Daylight,0,0,2,Minor,Clear
1332,KAG_001333,Kaggle_road_csv,0,October,Thursday,Unknown,Truck,Unidentified,1,18-30,Unknown,Reckless Driving,Dry,Daylight,0,0,1,Minor,Clear
1333,KAG_001334,Kaggle_road_csv,0,April,Friday,Unknown,Truck,Unidentified,2,18-30,Over 51,Lane Violation,Dry,Daylight,0,0,1,Minor,Clear
1334,KAG_001335,Kaggle_road_csv,0,October,Monday,Unknown,Truck,Unidentified,1,31-50,18-30,Lane Violation,Dry,Daylight,0,0,1,Minor,Clear
1335,KAG_001336,Kaggle_road_csv,0,May,Sunday,Unknown,Truck,Unidentified,2,Unknown,Unknown,No Distancing/Rear End,Dry,Dark,0,0,1,Minor,Clear
1336,KAG_001337,Kaggle_road_csv,0,May,Monday,Unknown,Truck,Unidentified,4,18-30,31-50,No Distancing/Rear End,Wet,Dark,0,0,1,Minor,Clear
1337,KAG_001338,Kaggle_road_csv,0,May,Sunday,Unknown,Truck,Unidentified,1,18-30,Unknown,Drunk/Drug Driving,Dry,Daylight,0,0,1,Serious,Clear
1338,KAG_001339,Kaggle_road_csv,0,May,Tuesday,Unknown,Truck,Unidentified,2,31-50,Unknown,Reckless Driving,Dry,Daylight,0,0,1,Minor,Clear
1339,KAG_001340,Kaggle_road_csv,0,April,Tuesday,Unknown,Truck,Unidentified,2,18-30,31-50,Lane Violation,Dry,Daylight,0,0,1,Minor,Clear
1340,KAG_001341,Kaggle_road_csv,0,October,Friday,Unknown,Truck,Unidentified,2,Under 18,31-50,Lane Violation,Dry,Daylight,0,0,1,Minor,Clear
1341,KAG_001342,Kaggle_road_csv,0,July,Thursday,Unknown,Truck,Unidentified,1,Over 51,31-50,Loss of Control,Wet,Daylight,0,0,1,Minor,Rainy
1342,KAG_001343,Kaggle_road_csv,0,October,Friday,Unknown,Truck,Unidentified,2,31-50,Unknown,Lane Violation,Dry,Dark,0,0,4,Minor,Clear
1343,KAG_001344,Kaggle_road_csv,0,April,Friday,Unknown,Truck,Unidentified,2,18-30,Unknown,No Distancing/Rear End,Dry,Dark,0,0,4,Minor,Clear
1344,KAG_001345,Kaggle_road_csv,0,October,Friday,Unknown,Truck,Unidentified,2,18-30,31-50,Reckless Driving,Dry,Dark,0,0,4,Minor,Clear
1345,KAG_001346,Kaggle_road_csv,0,March,Sunday,Unknown,Truck,Unidentified,2,18-30,18-30,No Distancing/Rear End,Dry,Daylight,0,0,4,Minor,Clear
1346,KAG_001347,Kaggle_road_csv,0,July,Thursday,Unknown,Truck,Unidentified,2,18-30,Under 18,Reckless Driving,Wet,Dark,0,0,5,Minor,Rainy
1347,KAG_001348,Kaggle_road_csv,0,April,Friday,Unknown,Truck,Unidentified,2,18-30,Unknown,Lane Violation,Dry,Daylight,0,0,1,Minor,Clear