,accident_id,source,year,month,day_of_week,state,vehicle_1,vehicle_2,vehicles_involved,party_age_group,victim_age_group,cause_of_accident,road_condition,lighting_condition,fatalities,injuries,casualties,severity,weather_group
1348,KAG_001349,Kaggle_road_csv,0,October,Tuesday,Unknown,Truck,Unidentified,4,Unknown,Under 18,No Distancing/Rear End,Dry,Daylight,0,0,1,Minor,Clear
1349,KAG_001350,Kaggle_road_csv,0,April,Tuesday,Unknown,Truck,Unidentified,4,Unknown,Unknown,Lane Violation,Dry,Daylight,0,0,1,Minor,Clear
1350,KAG_001351,Kaggle_road_csv,0,June,Friday,Unknown,Truck,Unidentified,3,18-30,18-30,Lane Violation,Wet,Daylight,0,0,1,Minor,Rainy
1351,KAG_001352,Kaggle_road_csv,0,March,Thursday,Unknown,Truck,Unidentified,2,31-50,31-50,Lane Violation,Dry,Daylight,0,0,2,Minor,Clear
1352,KAG_001353,Kaggle_road_csv,0,October,Thursday,Unknown,Truck,Unidentified,2,Under 18,Unknown,Reckless Driving,Dry,Daylight,0,0,2,Minor,Clear
1353,KAG_001354,Kaggle_road_csv,0,May,Friday,Unknown,Truck,Unidentified,3,Unknown,Under 18,Lane Violation,Dry,Daylight,0,0,1,Minor,Clear
1354,KAG_001355,Kaggle_road_csv,0,October,Saturday,Unknown,Truck,Unidentified,3,18-30,Unknown,Reckless Driving,Dry,Daylight,0,0,4,Minor,Clear
1355,KAG_001356,Kaggle_road_csv,0,April,Monday,Unknown,Truck,Unidentified,2,Under 18,Unknown,Lane Violation,Dry,Daylight,0,0,1,Minor,Clear
1356,KAG_001357,Kaggle_road_csv,0,March,Saturday,Unknown,Truck,Unidentified,2,Unknown,Over 51,Reckless Driving,Dry,Daylight,0,0,2,Minor,Clear
1357,KAG_001358,Kaggle_road_csv,0,May,Sunday,Unknown,Truck,Unidentified,2,18-30,18-30,Reckless Driving,Dry,Daylight,0,0,1,Serious,Clear
1358,KAG_001359,Kaggle_road_csv,0,March,Saturday,Unknown,Truck,Unidentified,2,18-30,18-30,No Distancing/Rear End,Dry,Daylight,0,0,2,Minor,Clear
1359,KAG_001360,Kaggle_road_csv,0,March,Saturday,Unknown,Truck,Unidentified,2,31-50,Unknown,No Distancing/Rear End,Dry,Daylight,0,0,2,Minor,Clear
1360,KAG_001361,Kaggle_road_csv,0,March,Thursday,Unknown,Truck,Unidentified,1,Under 18,18-30,No Distancing/Rear End,Dry,Dark,0,0,2,Minor,Clear
1361,KAG_001362,Kaggle_road_csv,0,March,Monday,Unknown,Truck,Unidentified,2,Under 18,Unknown,No Distancing/Rear End,Dry,Daylight,0,0,1,Minor,Clear
1362,KAG_001363,Kaggle_road_csv,0,May,Tuesday,Unknown,Truck,Unidentified,2,Unknown,Unknown,Lane Violation,Dry,Daylight,0,0,1,Minor,Clear
1363,KAG_001364,Kaggle_road_csv,0,October,Sunday,Unknown,Truck,Unidentified,2,Over 51,Unknown,Reckless Driving,Dry,Daylight,0,0,1,Minor,Clear
1364,KAG_001365,Kaggle_road_csv,0,May,Saturday,Unknown,Truck,Unidentified,2,18-30,18-30,Lane Violation,Dry,Dark,0,0,3,Minor,Clear
1365,KAG_001366,Kaggle_road_csv,0,April,Wednesday,Unknown,Truck,Unidentified,1,31-50,18-30,Lane Violation,Dry,Daylight,0,0,1,Minor,Clear
1366,KAG_001367,Kaggle_road_csv,0,October,Tuesday,Unknown,Truck,Unidentified,2,18-30,18-30,Reckless Driving,Dry,Daylight,0,0,3,Minor,Clear
1367,KAG_001368,Kaggle_road_csv,0,March,Saturday,Unknown,Truck,Unidentified,2,Unknown,Over 51,Lane Violation,Dry,Daylight,0,0,2,Minor,Clear
1368,KAG_001369,Kaggle_road_csv,0,October,Thursday,Unknown,Truck,Unidentified,2,18-30,18-30,Lane Violation,Dry,Daylight,0,0,3,Serious,Clear
1369,KAG_001370,Kaggle_road_csv,0,October,Thursday,Unknown,Truck,Unidentified,2,18-30,Unknown,Lane Violation,Dry,Daylight,0,0,3,Serious,Clear
1370,KAG_001371,Kaggle_road_csv,0,March,Monday,Unknown,Truck,Unidentified,2,31-50,Under 18,Lane Violation,Dry,Daylight,0,0,1,Minor,Clear
1371,KAG_001372,Kaggle_road_csv,0,April,Monday,Unknown,Truck,Unidentified,2,31-50,Unknown,Unknown/Other,Dry,Daylight,0,0,1,Minor,Clear
1372,KAG_001373,Kaggle_road_csv,0,May,Friday,Unknown,Truck,Unidentified,2,Over 51,Unknown,Lane Violation,Dry,Daylight,0,0,2,Serious,Clear
1373,KAG_001374,Kaggle_road_csv,0,September,Sunday,Unknown,Truck,Unidentified,1,18-30,Unknown,Speeding,Wet,Daylight,0,0,1,Serious,Rainy
1374,KAG_001375,Kaggle_road_csv,0,April,Saturday,Unknown,Truck,Unidentified,2,Over 51,Unknown,Lane Violation,Dry,Daylight,0,0,2,Minor,Clear
1375,KAG_001376,Kaggle_road_csv,0,April,Friday,Unknown,Truck,Unidentified,2,Under 18,31-50,No Distancing/Rear End,Dry,Daylight,0,0,2,Minor,Clear
1376,KAG_001377,Kaggle_road_csv,0,October,Tuesday,Unknown,Truck,Unidentified,2,18-30,18-30,No Distancing/Rear End,Dry,Daylight,0,0,2,Serious,Clear
1377,KAG_001378,Kaggle_road_csv,0,April,Friday,Unknown,Truck,Unidentified,2,31-50,Unknown,Reckless Driving,Dry,Dark,0,0,1,Minor,Clear
1378,KAG_001379,Kaggle_road_csv,0,May,Friday,Unknown,Truck,Unidentified,2,18-30,31-50,Lane Violation,Dry,Dark,0,0,1,Minor,Clear
1379,KAG_001380,Kaggle_road_csv,0,May,Monday,Unknown,Truck,Unidentified,2,Unknown,31-50,No Distancing/Rear End,Dry,Daylight,0,0,1,Minor,Clear
1380,KAG_001381,Kaggle_road_csv,0,September,Sunday,Unknown,Truck,Unidentified,2,31-50,Unknown,Reckless Driving,Wet,Daylight,0,0,1,Minor,Rainy
1381,KAG_001382,Kaggle_road_csv,0,August,Friday,Unknown,Truck,Unidentified,1,Under 18,Under 18,No Distancing/Rear End,Wet,Dark,0,0,2,Minor,Rainy
1382,KAG_001383,Kaggle_road_csv,0,October,Monday,Unknown,Truck,Unidentified,2,31-50,18-30,No Distancing/Rear End,Wet,Daylight,0,0,1,Minor,Clear
1383,KAG_001384,Kaggle_road_csv,0,April,Friday,Unknown,Truck,Unidentified,2,Unknown,Unknown,Lane Violation,Dry,Daylight,0,0,2,Minor,Clear
1384,KAG_001385,Kaggle_road_csv,0,April,Saturday,Unknown,Truck,Unidentified,2,31-50,Unknown,Reckless Driving,Dry,Daylight,0,0,2,Minor,Clear
1385,KAG_001386,Kaggle_road_csv,0,August,Wednesday,Unknown,Truck,Unidentified,2,Unknown,Unknown,No Distancing/Rear End,Wet,Dark,0,0,4,Minor,Rainy
1386,KAG_001387,Kaggle_road_csv,0,July,Wednesday,Unknown,Truck,Unidentified,2,Under 18,Unknown,Reckless Driving,Wet,Dark,0,0,4,Minor,Rainy
1387,KAG_001388,Kaggle_road_csv,0,March,Thursday,Unknown,Truck,Unidentified,2,18-30,31-50,Lane Violation,Dry,Daylight,0,0,1,Minor,Clear
1388,KAG_001389,Kaggle_road_csv,0,March,Friday,Unknown,Truck,Unidentified,4,18-30,18-30,No Distancing/Rear End,Dry,Dark,0,0,1,Minor,Clear
1389,KAG_001390,Kaggle_road_csv,0,May,Monday,Unknown,Truck,Unidentified,2,Over 51,18-30,Reckless Driving,Dry,Daylight,0,0,1,Minor,Clear
1390,KAG_001391,Kaggle_road_csv,0,April,Wednesday,Unknown,Truck,Unidentified,2,18-30,Unknown,Reckless Driving,Dry,Daylight,0,0,1,Minor,Clear
1391,KAG_001392,Kaggle_road_csv,0,June,Friday,Unknown,Truck,Unidentified,2,Unknown,Unknown,Reckless Driving,Wet,Daylight,0,0,1,Minor,Rainy
1392,KAG_001393,Kaggle_road_csv,0,October,Monday,Unknown,Truck,Unidentified,2,18-30,18-30,Reckless Driving,Dry,Daylight,0,0,2,Minor,Clear
1393,KAG_001394,Kaggle_road_csv,0,July,Wednesday,Unknown,Truck,Unidentified,3,31-50,18-30,No Distancing/Rear End,Wet,Daylight,0,0,1,Minor,Rainy
1394,KAG_001395,Kaggle_road_csv,0,May,Wednesday,Unknown,Truck,Unidentified,2,18-30,31-50,Lane Violation,Dry,Daylight,0,0,4,Minor,Clear
1395,KAG_001396,Kaggle_road_csv,0,March,Wednesday,Unknown,Truck,Unidentified,1,18-30,18-30,Lane Violation,Dry,Daylight,0,0,1,Serious,Clear
1396,KAG_001397,Kaggle_road_csv,0,May,Sunday,Unknown,Truck,Unidentified,2,Over 51,Unknown,Unknown/Other,Dry,Dark,0,0,2,Minor,Clear
1397,KAG_001398,Kaggle_road_csv,0,March,Sunday,Unknown,Truck,Unidentified,1,Under 18,Unknown,Reckless Driving,Wet,Dark,0,0,1,Minor,Clear
1398,KAG_001399,Kaggle_road_csv,0,May,Saturday,Unknown,Truck,Unidentified,3,Over 51,Unknown,Lane Violation,Dry,Daylight,0,0,1,Minor,Clear
1399,KAG_001400,Kaggle_road_csv,0,October,Thursday,Unknown,Truck,Unidentified,4,Unknown,31-50,Reckless Driving,Wet,Daylight,0,0,1,Minor,Clear
1400,KAG_001401,Kaggle_road_csv,0,May,Wednesday,Unknown,Truck,Unidentified,2,Unknown,Unknown,Reckless Driving,Wet,Daylight,0,0,1,Minor,Clear
1401,KAG_001402,Kaggle_road_csv,0,April,Wednesday,Unknown,Truck,Unidentified,3,31-50,18-30,Lane Violation,Dry,Daylight,0,0,1,Minor,Clear
1402,KAG_001403,Kaggle_road_csv,0,March,Monday,Unknown,Truck,Unidentified,2,Unknown,Over 51,No Distancing/Rear End,Dry,Dark,0,0,1,Minor,Clear
1403,KAG_001404,Kaggle_road_csv,0,May,Monday,Unknown,Truck,Unidentified,2,Under 18,18-30,Lane Violation,Dry,Dark,0,0,1,Minor,Clear
1404,KAG_001405,Kaggle_road_csv,0,May,Sunday,Unknown,Truck,Unidentified,2,Over 51,Unknown,Drunk/Drug Driving,Dry,Daylight,0,0,1,Minor,Clear
1405,KAG_001406,Kaggle_road_csv,0,March,Tuesday,Unknown,Truck,Unidentified,3,Under 18,31-50,Reckless Driving,Dry,Daylight,0,0,2,Minor,Clear
1406,KAG_001407,Kaggle_road_csv,0,August,Wednesday,Unknown,Truck,Unidentified,1,Over 51,Unknown,No Distancing/Rear End,Dry,Daylight,0,0,1,Serious,Rainy
1407,KAG_001408,Kaggle_road_csv,0,April,Tuesday,Unknown,Truck,Unidentified,1,31-50,31-50,Reckless Driving,Wet,Dark,0,0,1,Serious,Clear
1408,KAG_001409,Kaggle_road_csv,0,April,Thursday,Unknown,Truck,Unidentified,3,31-50,Over 51,No Distancing/Rear End,Dry,Daylight,0,0,1,Minor,Clear
1409,KAG_001410,Kaggle_road_csv,0,October,Sunday,Unknown,Truck,Unidentified,2,31-50,Unknown,Lane Violation,Dry,Daylight,0,0,1,Minor,Clear
1410,KAG_001411,Kaggle_road_csv,0,October,Sunday,Unknown,Truck,Unidentified,4,Unknown,18-30,Lane Violation,Dry,Dark,0,0,2,Minor,Clear
1411,KAG_001412,Kaggle_road_csv,0,March,Friday,Unknown,Truck,Unidentified,2,18-30,Unknown,Lane Violation,Dry,Dark,0,0,2,Minor,Clear
1412,KAG_001413,Kaggle_road_csv,0,October,Sunday,Unknown,Truck,Unidentified,2,Unknown,Unknown,Lane Violation,Dry,Daylight,0,0,1,Minor,Clear
1413,KAG_001414,Kaggle_road_csv,0,April,Sunday,Unknown,Truck,Unidentified,1,Under 18,Under 18,No Distancing/Rear End,Wet,Daylight,0,0,4,Serious,Clear
1414,KAG_001415,Kaggle_road_csv,0,October,Sunday,Unknown,Truck,Unidentified,1,Under 18,Unknown,Reckless Driving,Wet,Daylight,0,0,4,Serious,Clear
1415,KAG_001416,Kaggle_road_csv,0,March,Sunday,Unknown,Truck,Unidentified,1,Under 18,Unknown,Reckless Driving,Wet,Daylight,0,0,4,Serious,Clear
1416,KAG_001417,Kaggle_road_csv,0,April,Friday,Unknown,Truck,Unidentified,2,Unknown,18-30,No Distancing/Rear End,Dry,Dark,0,0,1,Minor,Clear
1417,KAG_001418,Kaggle_road_csv,0,May,Friday,Unknown,Truck,Unidentified,2,Unknown,31-50,No Distancing/Rear End,Dry,Dark,0,0,1,Minor,Clear
1418,KAG_001419,Kaggle_road_csv,0,April,Thursday,Unknown,Truck,Unidentified,2,Under 18,18-30,Reckless Driving,Dry,Daylight,0,0,2,Minor,Clear
1419,KAG_001420,Kaggle_road_csv,0,April,Thursday,Unknown,Truck,Unidentified,2,18-30,Unknown,Drunk/Drug Driving,Dry,Daylight,0,0,1,Minor,Clear
1420,KAG_001421,Kaggle_road_csv,0,April,Friday,Unknown,Truck,Unidentified,2,Unknown,31-50,No Distancing/Rear End,Dry,Dark,0,0,2,Minor,Clear
1421,KAG_001422,Kaggle_road_csv,0,October,Thursday,Unknown,Truck,Unidentified,1,31-50,Unknown,No Distancing/Rear End,Dry,Daylight,0,0,1,Minor,Clear
1422,KAG_001423,Kaggle_road_csv,0,March,Tuesday,Unknown,Truck,Unidentified,2,18-30,18-30,Reckless Driving,Dry,Dark,0,0,2,Serious,Clear
1423,KAG_001424,Kaggle_road_csv,0,October,Friday,Unknown,Truck,Unidentified,2,31-50,Over 51,No Distancing/Rear End,Dry,Daylight,0,0,3,Minor,Clear
1424,KAG_001425,Kaggle_road_csv,0,April,Saturday,Unknown,Truck,Unidentified,1,18-30,18-30,Lane Violation,Dry,Dark,0,0,3,Serious,Clear
1425,KAG_001426,Kaggle_road_csv,0,October,Thursday,Unknown,Truck,Unidentified,1,18-30,Unknown,Reckless Driving,Dry,Dark,0,0,2,Serious,Clear
1426,KAG_001427,Kaggle_road_csv,0,May,Thursday,Unknown,Truck,Unidentified,2,Unknown,31-50,Reckless Driving,Wet,Dark,0,0,1,Minor,Clear
1427,KAG_001428,Kaggle_road_csv,0,March,Thursday,Unknown,Truck,Unidentified,2,31-50,Unknown,Reckless Driving,Wet,Dark,0,0,1,Minor,Clear
1428,KAG_001429,Kaggle_road_csv,0,April,Tuesday,Unknown,Truck,Unidentified,1,18-30,31-50,Drunk/Drug Driving,Wet,Daylight,0,0,1,Minor,Clear
1429,KAG_001430,Kaggle_road_csv,0,March,Saturday,Unknown,Truck,Unidentified,2,31-50,31-50,Lane Violation,Dry,Daylight,0,0,1,Minor,Clear
1430,KAG_001431,Kaggle_road_csv,0,April,Friday,Unknown,Truck,Unidentified,2,Unknown,31-50,Reckless Driving,Dry,Daylight,0,0,1,Minor,Clear
1431,KAG_001432,Kaggle_road_csv,0,July,Sunday,Unknown,Truck,Unidentified,2,Under 18,Unknown,Reckless Driving,Wet,Dark,0,0,1,Minor,Rainy
1432,KAG_001433,Kaggle_road_csv,0,August,Sunday,Unknown,Truck,Unidentified,2,31-50,18-30,Lane Violation,Wet,Dark,0,0,1,Minor,Rainy
1433,KAG_001434,Kaggle_road_csv,0,April,Tuesday,Unknown,Truck,Unidentified,2,18-30,Unknown,Lane Violation,Wet,Dark,0,0,1,Minor,Clear
1434,KAG_001435,Kaggle_road_csv,0,March,Monday,Unknown,Truck,Unidentified,2,31-50,Unknown,Reckless Driving,Dry,Daylight,0,0,2,Minor,Clear
1435,KAG_001436,Kaggle_road_csv,0,May,Saturday,Unknown,Truck,Unidentified,2,31-50,31-50,Reckless Driving,Dry,Daylight,0,0,3,Minor,Clear
1436,KAG_001437,Kaggle_road_csv,0,March,Saturday,Unknown,Truck,Unidentified,2,31-50,31-50,Reckless Driving,Wet,Daylight,0,0,1,Minor,Clear
1437,KAG_001438,Kaggle_road_csv,0,March,Sunday,Unknown,Truck,Unidentified,3,18-30,18-30,Lane Violation,Wet,Dark,0,0,3,Serious,Clear
1438,KAG_001439,Kaggle_road_csv,0,May,Tuesday,Unknown,Truck,Unidentified,2,31-50,Unknown,Reckless Driving,Dry,Daylight,0,0,1,Minor,Clear
1439,KAG_001440,Kaggle_road_csv,0,May,Tuesday,Unknown,Truck,Unidentified,2,18-30,31-50,No Distancing/Rear End,Dry,Daylight,0,0,1,Serious,Clear
1440,KAG_001441,Kaggle_road_csv,0,August,Monday,Unknown,Truck,Unidentified,1,Unknown,31-50,No Distancing/Rear End,Wet,Dark,0,0,1,Minor,Rainy
1441,KAG_001442,Kaggle_road_csv,0,August,Monday,Unknown,Truck,Unidentified,2,31-50,Unknown,Lane Violation,Wet,Dark,0,0,3,Minor,Rainy
1442,KAG_001443,Kaggle_road_csv,0,November,Tuesday,Unknown,Truck,Unidentified,1,Over 51,Unknown,Lane Violation,Wet,Dark,0,0,1,Serious,Cold
1443,KAG_001444,Kaggle_road_csv,0,March,Sunday,Unknown,Truck,Unidentified,2,31-50,Unknown,No Distancing/Rear End,Dry,Daylight,0,0,1,Minor,Clear
1444,KAG_001445,Kaggle_road_csv,0,March,Saturday,Unknown,Truck,Unidentified,3,Over 51,18-30,No Distancing/Rear End,Wet,Daylight,0,0,3,Minor,Clear
1445,KAG_001446,Kaggle_road_csv,0,March,Saturday,Unknown,Truck,Unidentified,3,31-50,31-50,Lane Violation,Wet,Daylight,0,0,3,Minor,Clear
1446,KAG_001447,Kaggle_road_csv,0,October,Tuesday,Unknown,Truck,Unidentified,3,Unknown,Over 51,No Distancing/Rear End,Wet,Dark,0,0,1,Serious,Clear
1447,KAG_001448,Kaggle_road_csv,0,May,Tuesday,Unknown,Truck,Unidentified,3,18-30,Unknown,Lane Violation,Wet,Dark,0,0,1,Serious,Clear
1448,KAG_001449,Kaggle_road_csv,0,March,Saturday,Unknown,Truck,Unidentified,2,Over 51,18-30,No Distancing/Rear End,Wet,Dark,0,0,1,Minor,Clear
1449,KAG_001450,Kaggle_road_csv,0,October,Saturday,Unknown,Truck,Unidentified,2,Unknown,18-30,No Distancing/Rear End,Wet,Dark,0,0,1,Minor,Clear
1450,KAG_001451,Kaggle_road_csv,0,October,Thursday,Unknown,Truck,Unidentified,2,31-50,Unknown,Lane Violation,Dry,Daylight,0,0,1,Minor,Clear
1451,KAG_001452,Kaggle_road_csv,0,September,Tuesday,Unknown,Truck,Unidentified,1,Unknown,Unknown,No Distancing/Rear End,Wet,Daylight,0,0,1,Minor,Rainy
1452,KAG_001453,Kaggle_road_csv,0,October,Friday,Unknown,Truck,Unidentified,2,18-30,31-50,No Distancing/Rear End,Dry,Daylight,0,0,1,Minor,Clear
1453,KAG_001454,Kaggle_road_csv,0,April,Friday,Unknown,Truck,Unidentified,2,31-50,Under 18,Loss of Control,Dry,Daylight,0,0,1,Minor,Clear
1454,KAG_001455,Kaggle_road_csv,0,March,Thursday,Unknown,Truck,Unidentified,2,Over 51,18-30,Reckless Driving,Dry,Daylight,0,0,1,Minor,Clear
1455,KAG_001456,Kaggle_road_csv,0,October,Wednesday,Unknown,Truck,Unidentified,2,31-50,18-30,Drunk/Drug Driving,Dry,Daylight,0,0,2,Minor,Clear
1456,KAG_001457,Kaggle_road_csv,0,May,Saturday,Unknown,Truck,Unidentified,2,18-30,18-30,Lane Violation,Dry,Dark,0,0,1,Serious,Clear
1457,KAG_001458,Kaggle_road_csv,0,October,Wednesday,Unknown,Truck,Unidentified,2,Over 51,Unknown,Speeding,Dry,Dark,0,0,1,Serious,Clear
1458,KAG_001459,Kaggle_road_csv,0,April,Tuesday,Unknown,Truck,Unidentified,2,Unknown,18-30,No Distancing/Rear End,Dry,Daylight,0,0,1,Minor,Clear
1459,KAG_001460,Kaggle_road_csv,0,October,Saturday,Unknown,Truck,Unidentified,1,Unknown,Under 18,Reckless Driving,Dry,Dark,0,0,1,Minor,Clear
1460,KAG_001461,Kaggle_road_csv,0,May,Tuesday,Unknown,Truck,Unidentified,2,18-30,Unknown,No Distancing/Rear End,Dry,Dark,0,0,1,Minor,Clear
1461,KAG_001462,Kaggle_road_csv,0,May,Friday,Unknown,Truck,Unidentified,2,18-30,31-50,Lane Violation,Wet,Daylight,0,0,4,Minor,Clear
1462,KAG_001463,Kaggle_road_csv,0,March,Thursday,Unknown,Truck,Unidentified,3,31-50,Unknown,Lane Violation,Wet,Dark,0,0,2,Serious,Clear
1463,KAG_001464,Kaggle_road_csv,0,March,Thursday,Unknown,Truck,Unidentified,2,18-30,31-50,Reckless Driving,Dry,Dark,0,0,1,Minor,Clear
1464,KAG_001465,Kaggle_road_csv,0,May,Tuesday,Unknown,Truck,Unidentified,2,31-50,18-30,Loss of Control,Dry,Daylight,0,0,1,Minor,Clear
1465,KAG_001466,Kaggle_road_csv,0,May,Thursday,Unknown,Truck,Unidentified,2,Unknown,18-30,Reckless Driving,Dry,Daylight,0,0,1,Minor,Clear
1466,KAG_001467,Kaggle_road_csv,0,February,Tuesday,Unknown,Truck,Unidentified,1,31-50,Under 18,No Distancing/Rear End,Wet,Dark,0,0,1,Minor,Cold
1467,KAG_001468,Kaggle_road_csv,0,April,Monday,Unknown,Truck,Unidentified,1,18-30,Unknown,No Distancing/Rear End,Dry,Daylight,0,0,1,Minor,Clear
1468,KAG_001469,Kaggle_road_csv,0,May,Thursday,Unknown,Truck,Unidentified,1,31-50,18-30,Reckless Driving,Dry,Dark,0,0,1,Minor,Clear
1469,KAG_001470,Kaggle_road_csv,0,October,Tuesday,Unknown,Truck,Unidentified,2,31-50,Unknown,Drunk/Drug Driving,Dry,Dark,0,0,1,Minor,Clear
1470,KAG_001471,Kaggle_road_csv,0,May,Tuesday,Unknown,Truck,Unidentified,2,31-50,18-30,No Distancing/Rear End,Dry,Dark,0,0,1,Minor,Clear
1471,KAG_001472,Kaggle_road_csv,0,April,Monday,Unknown,Truck,Unidentified,2,18-30,Unknown,No Distancing/Rear End,Dry,Daylight,0,0,1,Serious,Clear
1472,KAG_001473,Kaggle_road_csv,0,March,Friday,Unknown,Truck,Unidentified,2,Unknown,31-50,Lane Violation,Dry,Dark,0,0,1,Minor,Clear
1473,KAG_001474,Kaggle_road_csv,0,April,Wednesday,Unknown,Truck,Unidentified,2,31-50,31-50,Reckless Driving,Dry,Daylight,0,0,1,Minor,Clear
1474,KAG_001475,Kaggle_road_csv,0,April,Friday,Unknown,Truck,Unidentified,4,18-30,Unknown,Reckless Driving,Dry,Dark,0,0,1,Minor,Clear
1475,KAG_001476,Kaggle_road_csv,0,May,Saturday,Unknown,Truck,Unidentified,1,Unknown,31-50,No Distancing/Rear End,Dry,Daylight,0,0,1,Minor,Clear
1476,KAG_001477,Kaggle_road_csv,0,March,Wednesday,Unknown,Truck,Unidentified,3,Over 51,Over 51,Lane Violation,Dry,Daylight,0,0,1,Minor,Clear
1477,KAG_001478,Kaggle_road_csv,0,May,Wednesday,Unknown,Truck,Unidentified,3,18-30,Under 18,Reckless Driving,Dry,Daylight,0,0,1,Minor,Clear
1478,KAG_001479,Kaggle_road_csv,0,March,Wednesday,Unknown,Truck,Unidentified,3,Unknown,31-50,Lane Violation,Dry,Daylight,0,0,1,Minor,Clear
1479,KAG_001480,Kaggle_road_csv,0,May,Tuesday,Unknown,Truck,Unidentified,2,18-30,31-50,No Distancing/Rear End,Dry,Daylight,0,0,1,Minor,Clear
1480,KAG_001481,Kaggle_road_csv,0,June,Monday,Unknown,Truck,Unidentified,3,18-30,18-30,Reckless Driving,Wet,Daylight,0,0,1,Minor,Rainy
1481,KAG_001482,Kaggle_road_csv,0,October,Tuesday,Unknown,Truck,Unidentified,1,Unknown,31-50,No Distancing/Rear End,Dry,Dark,0,0,2,Minor,Clear
1482,KAG_001483,Kaggle_road_csv,0,April,Saturday,Unknown,Truck,Unidentified,2,31-50,18-30,Reckless Driving,Dry,Daylight,0,0,1,Minor,Clear
1483,KAG_001484,Kaggle_road_csv,0,May,Sunday,Unknown,Truck,Unidentified,2,31-50,Unknown,Reckless Driving,Dry,Daylight,0,0,1,Minor,Clear
1484,KAG_001485,Kaggle_road_csv,0,September,Sunday,Unknown,Truck,Unidentified,2,Unknown,Unknown,Lane Violation,Wet,Daylight,0,0,1,Minor,Rainy
1485,KAG_001486,Kaggle_road_csv,0,June,Monday,Unknown,Truck,Unidentified,3,Unknown,18-30,Drunk/Drug Driving,Wet,Dark,0,0,1,Minor,Rainy
1486,KAG_001487,Kaggle_road_csv,0,June,Monday,Unknown,Truck,Unidentified,3,31-50,Unknown,No Distancing/Rear End,Wet,Dark,0,0,1,Minor,Rainy
1487,KAG_001488,Kaggle_road_csv,0,April,Tuesday,Unknown,Truck,Unidentified,1,18-30,Over 51,Lane Violation,Dry,Daylight,0,0,1,Minor,Clear
1488,KAG_001489,Kaggle_road_csv,0,October,Friday,Unknown,Truck,Unidentified,1,18-30,Over 51,Lane Violation,Dry,Dark,0,0,1,Serious,Clear
1489,KAG_001490,Kaggle_road_csv,0,April,Friday,Unknown,Truck,Unidentified,1,Over 51,Under 18,No Distancing/Rear End,Dry,Daylight,0,0,1,Minor,Clear
1490,KAG_001491,Kaggle_road_csv,0,March,Thursday,Unknown,Truck,Unidentified,3,Unknown,Under 18,No Distancing/Rear End,Wet,Dark,0,0,1,Fatal,Clear
1491,KAG_001492,Kaggle_road_csv,0,April,Sunday,Unknown,Truck,Unidentified,2,18-30,31-50,Lane Violation,Dry,Dark,0,0,1,Serious,Clear
1492,KAG_001493,Kaggle_road_csv,0,April,Friday,Unknown,Truck,Unidentified,2,Unknown,31-50,Lane Violation,Dry,Daylight,0,0,1,Minor,Clear
1493,KAG_001494,Kaggle_road_csv,0,September,Saturday,Unknown,Truck,Unidentified,2,18-30,Unknown,No Distancing/Rear End,Wet,Dark,0,0,1,Serious,Rainy
1494,KAG_001495,Kaggle_road_csv,0,March,Friday,Unknown,Truck,Unidentified,1,Unknown,Unknown,Lane Violation,Dry,Daylight,0,0,1,Minor,Clear
1495,KAG_001496,Kaggle_road_csv,0,May,Sunday,Unknown,Truck,Unidentified,1,18-30,Unknown,Lane Violation,Dry,Dark,0,0,2,Serious,Clear
1496,KAG_001497,Kaggle_road_csv,0,April,Sunday,Unknown,Truck,Unidentified,1,18-30,18-30,Lane Violation,Dry,Dark,0,0,2,Serious,Clear
1497,KAG_001498,Kaggle_road_csv,0,May,Friday,Unknown,Truck,Unidentified,2,Under 18,18-30,Reckless Driving,Dry,Dark,0,0,3,Minor,Clear
1498,KAG_001499,Kaggle_road_csv,0,April,Friday,Unknown,Truck,Unidentified,2,18-30,Unknown,Reckless Driving,Dry,Dark,0,0,3,Minor,Clear
1499,KAG_001500,Kaggle_road_csv,0,April,Wednesday,Unknown,Truck,Unidentified,2,31-50,18-30,No Distancing/Rear End,Dry,Daylight,0,0,1,Minor,Clear
1500,KAG_001501,Kaggle_road_csv,0,March,Wednesday,Unknown,Truck,Unidentified,2,31-50,18-30,Lane Violation,Dry,Daylight,0,0,1,Minor,Clear
1501,KAG_001502,Kaggle_road_csv,0,October,Friday,Unknown,Truck,Unidentified,2,Over 51,Under 18,Reckless Driving,Dry,Daylight,0,0,1,Serious,Clear
1502,KAG_001503,Kaggle_road_csv,0,April,Saturday,Unknown,Truck,Unidentified,2,Under 18,Under 18,No Distancing/Rear End,Dry,Daylight,0,0,1,Minor,Clear
1503,KAG_001504,Kaggle_road_csv,0,March,Saturday,Unknown,Truck,Unidentified,2,Unknown,31-50,Reckless Driving,Dry,Daylight,0,0,1,Minor,Clear
1504,KAG_001505,Kaggle_road_csv,0,May,Monday,Unknown,Truck,Unidentified,1,18-30,31-50,Lane Violation,Dry,Daylight,0,0,1,Minor,Clear