,accident_id,source,year,month,day_of_week,state,vehicle_1,vehicle_2,vehicles_involved,party_age_group,victim_age_group,cause_of_accident,road_condition,lighting_condition,fatalities,injuries,casualties,severity,weather_group
1505,KAG_001506,Kaggle_road_csv,0,May,Wednesday,Unknown,Truck,Unidentified,2,Unknown,Unknown,Drunk/Drug Driving,Wet,Daylight,0,0,1,Minor,Clear
1506,KAG_001507,Kaggle_road_csv,0,March,Tuesday,Unknown,Truck,Unidentified,2,Unknown,18-30,No Distancing/Rear End,Wet,Dark,0,0,1,Minor,Clear
1507,KAG_001508,Kaggle_road_csv,0,September,Saturday,Unknown,Truck,Unidentified,3,31-50,Unknown,Reckless Driving,Wet,Dark,0,0,1,Minor,Rainy
1508,KAG_001509,Kaggle_road_csv,0,April,Monday,Unknown,Truck,Unidentified,3,Over 51,Over 51,No Distancing/Rear End,Dry,Dark,0,0,1,Minor,Clear
1509,KAG_001510,Kaggle_road_csv,0,March,Monday,Unknown,Truck,Unidentified,2,18-30,18-30,Reckless Driving,Dry,Daylight,0,0,4,Serious,Clear
1510,KAG_001511,Kaggle_road_csv,0,April,Monday,Unknown,Truck,Unidentified,2,Under 18,Unknown,Reckless Driving,Dry,Daylight,0,0,4,Serious,Clear
1511,KAG_001512,Kaggle_road_csv,0,June,Thursday,Unknown,Truck,Unidentified,2,18-30,31-50,Loss of Control,Wet,Daylight,0,0,1,Serious,Rainy
1512,KAG_001513,Kaggle_road_csv,0,August,Thursday,Unknown,Truck,Unidentified,2,Under 18,31-50,Reckless Driving,Wet,Daylight,0,0,1,Serious,Rainy
1513,KAG_001514,Kaggle_road_csv,0,March,Thursday,Unknown,Truck,Unidentified,2,18-30,Unknown,Reckless Driving,Dry,Daylight,0,0,2,Minor,Clear
1514,KAG_001515,Kaggle_road_csv,0,May,Sunday,Unknown,Truck,Unidentified,2,18-30,18-30,Lane Violation,Dry,Dark,0,0,1,Minor,Clear
1515,KAG_001516,Kaggle_road_csv,0,March,Sunday,Unknown,Truck,Unidentified,2,31-50,Under 18,No Distancing/Rear End,Dry,Dark,0,0,1,Minor,Clear
1516,KAG_001517,Kaggle_road_csv,0,March,Tuesday,Unknown,Truck,Unidentified,2,Unknown,Unknown,Lane Violation,Dry,Daylight,0,0,1,Minor,Clear
1517,KAG_001518,Kaggle_road_csv,0,March,Wednesday,Unknown,Truck,Unidentified,3,Unknown,Unknown,No Distancing/Rear End,Dry,Daylight,0,0,1,Minor,Clear
1518,KAG_001519,Kaggle_road_csv,0,October,Wednesday,Unknown,Truck,Unidentified,2,18-30,Under 18,Drunk/Drug Driving,Dry,Daylight,0,0,4,Fatal,Clear
1519,KAG_001520,Kaggle_road_csv,0,March,Wednesday,Unknown,Truck,Unidentified,2,31-50,31-50,Reckless Driving,Dry,Daylight,0,0,4,Fatal,Clear
1520,KAG_001521,Kaggle_road_csv,0,March,Wednesday,Unknown,Truck,Unidentified,2,31-50,Under 18,Lane Violation,Dry,Daylight,0,0,4,Fatal,Clear
1521,KAG_001522,Kaggle_road_csv,0,October,Monday,Unknown,Truck,Unidentified,2,31-50,Under 18,Reckless Driving,Dry,Daylight,0,0,1,Minor,Clear
1522,KAG_001523,Kaggle_road_csv,0,July,Tuesday,Unknown,Truck,Unidentified,2,18-30,18-30,No Distancing/Rear End,Wet,Dark,0,0,1,Minor,Rainy
1523,KAG_001524,Kaggle_road_csv,0,September,Tuesday,Unknown,Truck,Unidentified,2,Under 18,Unknown,Lane Violation,Wet,Dark,0,0,1,Minor,Rainy
1524,KAG_001525,Kaggle_road_csv,0,October,Monday,Unknown,Truck,Unidentified,2,Unknown,Unknown,Reckless Driving,Dry,Dark,0,0,2,Minor,Clear
1525,KAG_001526,Kaggle_road_csv,0,April,Tuesday,Unknown,Truck,Unidentified,2,18-30,31-50,No Distancing/Rear End,Dry,Daylight,0,0,3,Minor,Clear
1526,KAG_001527,Kaggle_road_csv,0,May,Wednesday,Unknown,Truck,Unidentified,2,31-50,31-50,Loss of Control,Dry,Daylight,0,0,1,Minor,Clear
1527,KAG_001528,Kaggle_road_csv,0,March,Sunday,Unknown,Truck,Unidentified,2,31-50,18-30,Reckless Driving,Dry,Daylight,0,0,2,Minor,Clear
1528,KAG_001529,Kaggle_road_csv,0,May,Tuesday,Unknown,Truck,Unidentified,2,Unknown,Unknown,Lane Violation,Dry,Daylight,0,0,1,Serious,Clear
1529,KAG_001530,Kaggle_road_csv,0,March,Tuesday,Unknown,Truck,Unidentified,2,Over 51,Under 18,Reckless Driving,Dry,Daylight,0,0,1,Serious,Clear
1530,KAG_001531,Kaggle_road_csv,0,May,Wednesday,Unknown,Truck,Unidentified,2,Unknown,31-50,Lane Violation,Dry,Daylight,0,0,1,Minor,Clear
1531,KAG_001532,Kaggle_road_csv,0,May,Thursday,Unknown,Truck,Unidentified,2,Over 51,Unknown,Reckless Driving,Dry,Daylight,0,0,1,Minor,Clear
1532,KAG_001533,Kaggle_road_csv,0,May,Tuesday,Unknown,Truck,Unidentified,2,Unknown,Under 18,Unknown/Other,Dry,Daylight,0,0,1,Minor,Clear
1533,KAG_001534,Kaggle_road_csv,0,March,Tuesday,Unknown,Truck,Unidentified,2,31-50,31-50,No Distancing/Rear End,Dry,Daylight,0,0,1,Minor,Clear
1534,KAG_001535,Kaggle_road_csv,0,March,Wednesday,Unknown,Truck,Unidentified,4,Unknown,18-30,Reckless Driving,Dry,Daylight,0,0,2,Minor,Clear
1535,KAG_001536,Kaggle_road_csv,0,October,Thursday,Unknown,Truck,Unidentified,2,Unknown,18-30,Lane Violation,Dry,Daylight,0,0,1,Minor,Clear
1536,KAG_001537,Kaggle_road_csv,0,April,Thursday,Unknown,Truck,Unidentified,2,Under 18,18-30,Speeding,Dry,Daylight,0,0,1,Minor,Clear
1537,KAG_001538,Kaggle_road_csv,0,March,Tuesday,Unknown,Truck,Unidentified,1,31-50,Over 51,No Distancing/Rear End,Dry,Daylight,0,0,1,Minor,Clear
1538,KAG_001539,Kaggle_road_csv,0,April,Friday,Unknown,Truck,Unidentified,2,Unknown,Unknown,Reckless Driving,Dry,Daylight,0,0,1,Minor,Clear
1539,KAG_001540,Kaggle_road_csv,0,October,Thursday,Unknown,Truck,Unidentified,2,18-30,Unknown,Lane Violation,Dry,Daylight,0,0,1,Minor,Clear
1540,KAG_001541,Kaggle_road_csv,0,May,Monday,Unknown,Truck,Unidentified,2,18-30,18-30,Lane Violation,Dry,Daylight,0,0,1,Minor,Clear
1541,KAG_001542,Kaggle_road_csv,0,March,Friday,Unknown,Truck,Unidentified,2,31-50,Over 51,Reckless Driving,Dry,Daylight,0,0,1,Minor,Clear
1542,KAG_001543,Kaggle_road_csv,0,October,Tuesday,Unknown,Truck,Unidentified,2,Unknown,Under 18,No Distancing/Rear End,Dry,Daylight,0,0,1,Minor,Clear
1543,KAG_001544,Kaggle_road_csv,0,May,Thursday,Unknown,Truck,Unidentified,2,Under 18,31-50,Lane Violation,Dry,Daylight,0,0,1,Minor,Clear
1544,KAG_001545,Kaggle_road_csv,0,October,Thursday,Unknown,Truck,Unidentified,2,31-50,18-30,No Distancing/Rear End,Dry,Daylight,0,0,1,Minor,Clear
1545,KAG_001546,Kaggle_road_csv,0,March,Tuesday,Unknown,Truck,Unidentified,2,Unknown,31-50,No Distancing/Rear End,Dry,Daylight,0,0,1,Minor,Clear
1546,KAG_001547,Kaggle_road_csv,0,May,Tuesday,Unknown,Truck,Unidentified,2,31-50,18-30,Reckless Driving,Dry,Daylight,0,0,1,Minor,Clear
1547,KAG_001548,Kaggle_road_csv,0,April,Thursday,Unknown,Truck,Unidentified,2,18-30,Unknown,No Distancing/Rear End,Dry,Daylight,0,0,1,Serious,Clear
1548,KAG_001549,Kaggle_road_csv,0,May,Friday,Unknown,Truck,Unidentified,2,18-30,18-30,Loss of Control,Dry,Daylight,0,0,1,Serious,Clear
1549,KAG_001550,Kaggle_road_csv,0,March,Saturday,Unknown,Truck,Unidentified,2,18-30,Unknown,Reckless Driving,Dry,Dark,0,0,1,Minor,Clear
1550,KAG_001551,Kaggle_road_csv,0,April,Thursday,Unknown,Truck,Unidentified,2,31-50,Unknown,No Distancing/Rear End,Dry,Daylight,0,0,2,Minor,Clear
1551,KAG_001552,Kaggle_road_csv,0,March,Monday,Unknown,Truck,Unidentified,2,Unknown,18-30,Reckless Driving,Dry,Daylight,0,0,1,Minor,Clear
1552,KAG_001553,Kaggle_road_csv,0,April,Saturday,Unknown,Truck,Unidentified,2,31-50,31-50,Reckless Driving,Dry,Daylight,0,0,2,Minor,Clear
1553,KAG_001554,Kaggle_road_csv,0,October,Monday,Unknown,Truck,Unidentified,2,Under 18,Over 51,Lane Violation,Dry,Daylight,0,0,1,Minor,Clear
1554,KAG_001555,Kaggle_road_csv,0,April,Thursday,Unknown,Truck,Unidentified,2,31-50,18-30,Reckless Driving,Dry,Daylight,0,0,1,Minor,Clear
1555,KAG_001556,Kaggle_road_csv,0,August,Wednesday,Unknown,Truck,Unidentified,2,18-30,Unknown,Lane Violation,Wet,Daylight,0,0,2,Minor,Rainy
1556,KAG_001557,Kaggle_road_csv,0,April,Friday,Unknown,Truck,Unidentified,2,Unknown,Unknown,Reckless Driving,Wet,Daylight,0,0,1,Minor,Clear
1557,KAG_001558,Kaggle_road_csv,0,March,Thursday,Unknown,Truck,Unidentified,3,Under 18,Unknown,Lane Violation,Dry,Daylight,0,0,4,Serious,Clear
1558,KAG_001559,Kaggle_road_csv,0,May,Thursday,Unknown,Truck,Unidentified,3,31-50,31-50,Lane Violation,Dry,Daylight,0,0,4,Serious,Clear
1559,KAG_001560,Kaggle_road_csv,0,October,Saturday,Unknown,Truck,Unidentified,4,31-50,Unknown,Lane Violation,Dry,Daylight,0,0,1,Minor,Clear
1560,KAG_001561,Kaggle_road_csv,0,April,Tuesday,Unknown,Truck,Unidentified,2,18-30,Unknown,Unknown/Other,Dry,Daylight,0,0,2,Minor,Clear
1561,KAG_001562,Kaggle_road_csv,0,October,Thursday,Unknown,Truck,Unidentified,3,Unknown,Unknown,Reckless Driving,Dry,Daylight,0,0,1,Minor,Clear
1562,KAG_001563,Kaggle_road_csv,0,March,Sunday,Unknown,Truck,Unidentified,2,31-50,18-30,Lane Violation,Dry,Dark,0,0,5,Minor,Clear
1563,KAG_001564,Kaggle_road_csv,0,October,Sunday,Unknown,Truck,Unidentified,2,31-50,Unknown,Lane Violation,Dry,Dark,0,0,5,Minor,Clear
1564,KAG_001565,Kaggle_road_csv,0,April,Thursday,Unknown,Truck,Unidentified,1,18-30,18-30,Speeding,Dry,Dark,0,0,1,Minor,Clear
1565,KAG_001566,Kaggle_road_csv,0,March,Thursday,Unknown,Truck,Unidentified,2,Unknown,Over 51,No Distancing/Rear End,Dry,Dark,0,0,1,Serious,Clear
1566,KAG_001567,Kaggle_road_csv,0,October,Monday,Unknown,Truck,Unidentified,1,31-50,Unknown,Unknown/Other,Dry,Dark,0,0,1,Minor,Clear
1567,KAG_001568,Kaggle_road_csv,0,May,Thursday,Unknown,Truck,Unidentified,2,18-30,Unknown,No Distancing/Rear End,Dry,Daylight,0,0,2,Minor,Clear
1568,KAG_001569,Kaggle_road_csv,0,April,Friday,Unknown,Truck,Unidentified,4,18-30,18-30,Reckless Driving,Dry,Daylight,0,0,1,Minor,Clear
1569,KAG_001570,Kaggle_road_csv,0,March,Friday,Unknown,Truck,Unidentified,4,18-30,Unknown,No Distancing/Rear End,Dry,Daylight,0,0,1,Minor,Clear
1570,KAG_001571,Kaggle_road_csv,0,May,Friday,Unknown,Truck,Unidentified,4,18-30,Over 51,No Distancing/Rear End,Dry,Daylight,0,0,1,Minor,Clear
1571,KAG_001572,Kaggle_road_csv,0,March,Sunday,Unknown,Truck,Unidentified,2,31-50,Unknown,Reckless Driving,Dry,Daylight,0,0,1,Minor,Clear
1572,KAG_001573,Kaggle_road_csv,0,March,Wednesday,Unknown,Truck,Unidentified,2,Unknown,Unknown,Lane Violation,Dry,Daylight,0,0,1,Minor,Clear
1573,KAG_001574,Kaggle_road_csv,0,May,Monday,Unknown,Truck,Unidentified,2,31-50,18-30,Lane Violation,Dry,Daylight,0,0,6,Serious,Clear
1574,KAG_001575,Kaggle_road_csv,0,October,Monday,Unknown,Truck,Unidentified,2,31-50,18-30,Reckless Driving,Dry,Daylight,0,0,6,Serious,Clear
1575,KAG_001576,Kaggle_road_csv,0,October,Monday,Unknown,Truck,Unidentified,2,31-50,Unknown,No Distancing/Rear End,Dry,Daylight,0,0,6,Serious,Clear
1576,KAG_001577,Kaggle_road_csv,0,April,Monday,Unknown,Truck,Unidentified,2,Unknown,18-30,Unknown/Other,Dry,Daylight,0,0,1,Minor,Clear
1577,KAG_001578,Kaggle_road_csv,0,May,Monday,Unknown,Truck,Unidentified,1,Over 51,Unknown,Lane Violation,Dry,Daylight,0,0,1,Serious,Clear
1578,KAG_001579,Kaggle_road_csv,0,March,Monday,Unknown,Truck,Unidentified,1,18-30,31-50,Reckless Driving,Dry,Dark,0,0,1,Minor,Clear
1579,KAG_001580,Kaggle_road_csv,0,June,Monday,Unknown,Truck,Unidentified,1,Under 18,Unknown,Lane Violation,Wet,Daylight,0,0,1,Minor,Rainy
1580,KAG_001581,Kaggle_road_csv,0,April,Monday,Unknown,Truck,Unidentified,2,Unknown,18-30,Reckless Driving,Dry,Daylight,0,0,1,Minor,Clear
1581,KAG_001582,Kaggle_road_csv,0,April,Sunday,Unknown,Truck,Unidentified,2,Unknown,Over 51,Lane Violation,Dry,Daylight,0,0,1,Minor,Clear
1582,KAG_001583,Kaggle_road_csv,0,April,Monday,Unknown,Truck,Unidentified,2,18-30,Unknown,Reckless Driving,Dry,Daylight,0,0,2,Minor,Clear
1583,KAG_001584,Kaggle_road_csv,0,May,Monday,Unknown,Truck,Unidentified,1,31-50,Unknown,Reckless Driving,Dry,Daylight,0,0,1,Serious,Clear
1584,KAG_001585,Kaggle_road_csv,0,March,Tuesday,Unknown,Truck,Unidentified,1,18-30,31-50,Lane Violation,Dry,Daylight,0,0,1,Serious,Clear
1585,KAG_001586,Kaggle_road_csv,0,April,Sunday,Unknown,Truck,Unidentified,4,31-50,Unknown,Lane Violation,Dry,Daylight,0,0,3,Serious,Clear
1586,KAG_001587,Kaggle_road_csv,0,October,Sunday,Unknown,Truck,Unidentified,4,31-50,Over 51,Loss of Control,Dry,Daylight,0,0,3,Serious,Clear
1587,KAG_001588,Kaggle_road_csv,0,October,Wednesday,Unknown,Truck,Unidentified,1,Unknown,Unknown,No Distancing/Rear End,Dry,Daylight,0,0,1,Minor,Clear
1588,KAG_001589,Kaggle_road_csv,0,April,Saturday,Unknown,Truck,Unidentified,2,31-50,Over 51,Lane Violation,Dry,Daylight,0,0,1,Minor,Clear
1589,KAG_001590,Kaggle_road_csv,0,June,Wednesday,Unknown,Truck,Unidentified,2,18-30,Unknown,Lane Violation,Wet,Daylight,0,0,2,Minor,Rainy
1590,KAG_001591,Kaggle_road_csv,0,October,Tuesday,Unknown,Truck,Unidentified,2,18-30,18-30,No Distancing/Rear End,Dry,Daylight,0,0,2,Minor,Clear
1591,KAG_001592,Kaggle_road_csv,0,October,Friday,Unknown,Truck,Unidentified,2,18-30,18-30,Reckless Driving,Dry,Daylight,0,0,1,Minor,Clear
1592,KAG_001593,Kaggle_road_csv,0,October,Thursday,Unknown,Truck,Unidentified,1,Unknown,31-50,No Distancing/Rear End,Dry,Dark,0,0,1,Fatal,Clear
1593,KAG_001594,Kaggle_road_csv,0,May,Tuesday,Unknown,Truck,Unidentified,2,Unknown,Under 18,No Distancing/Rear End,Dry,Daylight,0,0,3,Minor,Clear
1594,KAG_001595,Kaggle_road_csv,0,May,Tuesday,Unknown,Truck,Unidentified,2,18-30,31-50,No Distancing/Rear End,Dry,Daylight,0,0,3,Minor,Clear
1595,KAG_001596,Kaggle_road_csv,0,May,Monday,Unknown,Truck,Unidentified,1,18-30,31-50,Loss of Control,Dry,Daylight,0,0,1,Minor,Clear
1596,KAG_001597,Kaggle_road_csv,0,March,Sunday,Unknown,Truck,Unidentified,2,Unknown,Unknown,Lane Violation,Dry,Dark,0,0,1,Serious,Clear
1597,KAG_001598,Kaggle_road_csv,0,April,Sunday,Unknown,Truck,Unidentified,2,18-30,Over 51,No Distancing/Rear End,Dry,Dark,0,0,1,Serious,Clear
1598,KAG_001599,Kaggle_road_csv,0,April,Saturday,Unknown,Truck,Unidentified,2,Unknown,Unknown,Lane Violation,Dry,Daylight,0,0,1,Serious,Clear
1599,KAG_001600,Kaggle_road_csv,0,August,Friday,Unknown,Truck,Unidentified,2,31-50,31-50,Lane Violation,Wet,Daylight,0,0,4,Minor,Rainy
1600,KAG_001601,Kaggle_road_csv,0,March,Monday,Unknown,Truck,Unidentified,2,31-50,18-30,Speeding,Dry,Daylight,0,0,1,Minor,Clear
1601,KAG_001602,Kaggle_road_csv,0,April,Wednesday,Unknown,Truck,Unidentified,1,Unknown,31-50,Reckless Driving,Dry,Daylight,0,0,1,Serious,Clear
1602,KAG_001603,Kaggle_road_csv,0,July,Friday,Unknown,Truck,Unidentified,2,31-50,18-30,Reckless Driving,Wet,Daylight,0,0,3,Minor,Rainy
1603,KAG_001604,Kaggle_road_csv,0,June,Sunday,Unknown,Truck,Unidentified,3,18-30,31-50,Lane Violation,Wet,Daylight,0,0,1,Minor,Rainy
1604,KAG_001605,Kaggle_road_csv,0,August,Sunday,Unknown,Truck,Unidentified,3,18-30,Unknown,Reckless Driving,Wet,Daylight,0,0,1,Minor,Rainy
1605,KAG_001606,Kaggle_road_csv,0,July,Sunday,Unknown,Truck,Unidentified,3,Over 51,31-50,No Distancing/Rear End,Wet,Daylight,0,0,1,Minor,Rainy
1606,KAG_001607,Kaggle_road_csv,0,October,Friday,Unknown,Truck,Unidentified,2,18-30,31-50,Reckless Driving,Dry,Daylight,0,0,2,Minor,Clear
1607,KAG_001608,Kaggle_road_csv,0,April,Thursday,Unknown,Truck,Unidentified,2,Unknown,18-30,No Distancing/Rear End,Dry,Daylight,0,0,1,Minor,Clear
1608,KAG_001609,Kaggle_road_csv,0,October,Wednesday,Unknown,Truck,Unidentified,2,18-30,Unknown,Lane Violation,Dry,Daylight,0,0,2,Minor,Clear
1609,KAG_001610,Kaggle_road_csv,0,March,Tuesday,Unknown,Truck,Unidentified,2,Over 51,18-30,Lane Violation,Dry,Daylight,0,0,1,Minor,Clear
1610,KAG_001611,Kaggle_road_csv,0,September,Monday,Unknown,Truck,Unidentified,2,18-30,Under 18,No Distancing/Rear End,Wet,Daylight,0,0,1,Minor,Rainy
1611,KAG_001612,Kaggle_road_csv,0,October,Thursday,Unknown,Truck,Unidentified,2,18-30,Unknown,No Distancing/Rear End,Dry,Daylight,0,0,1,Minor,Clear
1612,KAG_001613,Kaggle_road_csv,0,March,Wednesday,Unknown,Truck,Unidentified,2,18-30,31-50,Lane Violation,Dry,Dark,0,0,2,Minor,Clear
1613,KAG_001614,Kaggle_road_csv,0,July,Monday,Unknown,Truck,Unidentified,2,18-30,31-50,Unknown/Other,Wet,Daylight,0,0,1,Minor,Rainy
1614,KAG_001615,Kaggle_road_csv,0,August,Monday,Unknown,Truck,Unidentified,2,31-50,Under 18,Lane Violation,Wet,Daylight,0,0,1,Minor,Rainy
1615,KAG_001616,Kaggle_road_csv,0,October,Friday,Unknown,Truck,Unidentified,3,18-30,18-30,No Distancing/Rear End,Dry,Daylight,0,0,2,Minor,Clear
1616,KAG_001617,Kaggle_road_csv,0,April,Friday,Unknown,Truck,Unidentified,2,18-30,31-50,Reckless Driving,Dry,Daylight,0,0,1,Minor,Clear
1617,KAG_001618,Kaggle_road_csv,0,October,Friday,Unknown,Truck,Unidentified,2,31-50,31-50,Unknown/Other,Dry,Daylight,0,0,1,Minor,Clear
1618,KAG_001619,Kaggle_road_csv,0,May,Friday,Unknown,Truck,Unidentified,2,18-30,18-30,No Distancing/Rear End,Dry,Daylight,0,0,3,Minor,Clear
1619,KAG_001620,Kaggle_road_csv,0,May,Wednesday,Unknown,Truck,Unidentified,1,Over 51,Unknown,Reckless Driving,Dry,Daylight,0,0,1,Minor,Clear
1620,KAG_001621,Kaggle_road_csv,0,May,Monday,Unknown,Truck,Unidentified,3,18-30,18-30,Lane Violation,Dry,Dark,0,0,3,Minor,Clear
1621,KAG_001622,Kaggle_road_csv,0,April,Monday,Unknown,Truck,Unidentified,1,Unknown,Unknown,Reckless Driving,Dry,Daylight,0,0,1,Serious,Clear
1622,KAG_001623,Kaggle_road_csv,0,October,Thursday,Unknown,Truck,Unidentified,3,18-30,Unknown,Reckless Driving,Dry,Dark,0,0,3,Minor,Clear
1623,KAG_001624,Kaggle_road_csv,0,March,Thursday,Unknown,Truck,Unidentified,2,18-30,Unknown,Reckless Driving,Dry,Daylight,0,0,1,Minor,Clear
1624,KAG_001625,Kaggle_road_csv,0,October,Thursday,Unknown,Truck,Unidentified,2,18-30,Unknown,No Distancing/Rear End,Dry,Daylight,0,0,2,Minor,Clear
1625,KAG_001626,Kaggle_road_csv,0,May,Thursday,Unknown,Truck,Unidentified,2,31-50,Unknown,Lane Violation,Dry,Daylight,0,0,1,Minor,Clear
1626,KAG_001627,Kaggle_road_csv,0,October,Wednesday,Unknown,Truck,Unidentified,2,18-30,18-30,No Distancing/Rear End,Dry,Daylight,0,0,3,Minor,Clear
1627,KAG_001628,Kaggle_road_csv,0,April,Wednesday,Unknown,Truck,Unidentified,2,31-50,Unknown,Unknown/Other,Dry,Daylight,0,0,3,Minor,Clear
1628,KAG_001629,Kaggle_road_csv,0,October,Monday,Unknown,Truck,Unidentified,1,18-30,Unknown,Lane Violation,Dry,Daylight,0,0,2,Serious,Clear
1629,KAG_001630,Kaggle_road_csv,0,May,Tuesday,Unknown,Truck,Unidentified,1,Over 51,Unknown,No Distancing/Rear End,Wet,Daylight,0,0,1,Minor,Clear
1630,KAG_001631,Kaggle_road_csv,0,October,Sunday,Unknown,Truck,Unidentified,2,Unknown,Under 18,Speeding,Dry,Dark,0,0,3,Minor,Clear
1631,KAG_001632,Kaggle_road_csv,0,March,Saturday,Unknown,Truck,Unidentified,2,18-30,Unknown,Lane Violation,Dry,Daylight,0,0,1,Minor,Clear
1632,KAG_001633,Kaggle_road_csv,0,October,Wednesday,Unknown,Truck,Unidentified,2,18-30,18-30,Reckless Driving,Dry,Daylight,0,0,1,Minor,Clear
1633,KAG_001634,Kaggle_road_csv,0,May,Wednesday,Unknown,Truck,Unidentified,2,Unknown,Unknown,No Distancing/Rear End,Dry,Daylight,0,0,1,Minor,Clear
1634,KAG_001635,Kaggle_road_csv,0,March,Tuesday,Unknown,Truck,Unidentified,1,Over 51,18-30,No Distancing/Rear End,Dry,Daylight,0,0,1,Minor,Clear
1635,KAG_001636,Kaggle_road_csv,0,May,Thursday,Unknown,Truck,Unidentified,2,Under 18,31-50,Reckless Driving,Dry,Daylight,0,0,1,Minor,Clear
1636,KAG_001637,Kaggle_road_csv,0,April,Monday,Unknown,Truck,Unidentified,2,31-50,18-30,Reckless Driving,Dry,Daylight,0,0,1,Minor,Clear
1637,KAG_001638,Kaggle_road_csv,0,May,Sunday,Unknown,Truck,Unidentified,1,18-30,Under 18,Reckless Driving,Dry,Dark,0,0,2,Minor,Clear
1638,KAG_001639,Kaggle_road_csv,0,March,Monday,Unknown,Truck,Unidentified,2,Unknown,31-50,No Distancing/Rear End,Dry,Daylight,0,0,1,Minor,Clear
1639,KAG_001640,Kaggle_road_csv,0,October,Saturday,Unknown,Truck,Unidentified,2,18-30,Under 18,Unknown/Other,Dry,Daylight,0,0,1,Minor,Clear
1640,KAG_001641,Kaggle_road_csv,0,September,Monday,Unknown,Truck,Unidentified,2,18-30,31-50,No Distancing/Rear End,Wet,Daylight,0,0,1,Minor,Rainy
1641,KAG_001642,Kaggle_road_csv,0,April,Sunday,Unknown,Truck,Unidentified,2,18-30,Unknown,No Distancing/Rear End,Dry,Daylight,0,0,2,Minor,Clear
1642,KAG_001643,Kaggle_road_csv,0,May,Sunday,Unknown,Truck,Unidentified,2,18-30,31-50,Lane Violation,Dry,Daylight,0,0,2,Minor,Clear
1643,KAG_001644,Kaggle_road_csv,0,May,Tuesday,Unknown,Truck,Unidentified,2,31-50,Under 18,Lane Violation,Dry,Daylight,0,0,5,Minor,Clear
1644,KAG_001645,Kaggle_road_csv,0,March,Tuesday,Unknown,Truck,Unidentified,2,31-50,31-50,Reckless Driving,Dry,Daylight,0,0,5,Minor,Clear
1645,KAG_001646,Kaggle_road_csv,0,May,Friday,Unknown,Truck,Unidentified,2,Over 51,18-30,No Distancing/Rear End,Dry,Daylight,0,0,1,Minor,Clear
1646,KAG_001647,Kaggle_road_csv,0,April,Friday,Unknown,Truck,Unidentified,2,18-30,Unknown,Reckless Driving,Dry,Daylight,0,0,1,Minor,Clear
1647,KAG_001648,Kaggle_road_csv,0,March,Saturday,Unknown,Truck,Unidentified,2,Unknown,31-50,Lane Violation,Dry,Daylight,0,0,1,Serious,Clear
1648,KAG_001649,Kaggle_road_csv,0,March,Wednesday,Unknown,Truck,Unidentified,2,31-50,Under 18,Reckless Driving,Dry,Daylight,0,0,2,Minor,Clear
1649,KAG_001650,Kaggle_road_csv,0,May,Wednesday,Unknown,Truck,Unidentified,2,18-30,Unknown,Lane Violation,Dry,Daylight,0,0,2,Minor,Clear
1650,KAG_001651,Kaggle_road_csv,0,March,Tuesday,Unknown,Truck,Unidentified,2,31-50,18-30,Lane Violation,Dry,Daylight,0,0,2,Minor,Clear
1651,KAG_001652,Kaggle_road_csv,0,October,Wednesday,Unknown,Truck,Unidentified,2,31-50,31-50,No Distancing/Rear End,Dry,Daylight,0,0,2,Minor,Clear
1652,KAG_001653,Kaggle_road_csv,0,September,Wednesday,Unknown,Truck,Unidentified,3,18-30,Unknown,No Distancing/Rear End,Wet,Daylight,0,0,4,Minor,Rainy
1653,KAG_001654,Kaggle_road_csv,0,July,Wednesday,Unknown,Truck,Unidentified,3,Unknown,18-30,No Distancing/Rear End,Wet,Daylight,0,0,4,Minor,Rainy
1654,KAG_001655,Kaggle_road_csv,0,July,Wednesday,Unknown,Truck,Unidentified,3,Unknown,18-30,Lane Violation,Wet,Daylight,0,0,4,Minor,Rainy
1655,KAG_001656,Kaggle_road_csv,0,April,Thursday,Unknown,Truck,Unidentified,1,Over 51,Over 51,Lane Violation,Dry,Daylight,0,0,4,Minor,Clear
1656,KAG_001657,Kaggle_road_csv,0,March,Saturday,Unknown,Truck,Unidentified,3,31-50,Unknown,Lane Violation,Dry,Daylight,0,0,2,Minor,Clear
1657,KAG_001658,Kaggle_road_csv,0,May,Sunday,Unknown,Truck,Unidentified,3,18-30,Unknown,No Distancing/Rear End,Dry,Dark,0,0,2,Minor,Clear
1658,KAG_001659,Kaggle_road_csv,0,October,Sunday,Unknown,Truck,Unidentified,3,18-30,Under 18,Reckless Driving,Dry,Dark,0,0,2,Minor,Clear
1659,KAG_001660,Kaggle_road_csv,0,October,Sunday,Unknown,Truck,Unidentified,3,31-50,Over 51,Lane Violation,Dry,Dark,0,0,2,Minor,Clear
1660,KAG_001661,Kaggle_road_csv,0,April,Tuesday,Unknown,Truck,Unidentified,2,Unknown,18-30,No Distancing/Rear End,Dry,Daylight,0,0,1,Minor,Clear
1661,KAG_001662,Kaggle_road_csv,0,June,Friday,Unknown,Truck,Unidentified,1,18-30,18-30,No Distancing/Rear End,Wet,Daylight,0,0,1,Minor,Rainy