,accident_id,source,year,month,day_of_week,state,vehicle_1,vehicle_2,vehicles_involved,party_age_group,victim_age_group,cause_of_accident,road_condition,lighting_condition,fatalities,injuries,casualties,severity,weather_group
1662,KAG_001663,Kaggle_road_csv,0,April,Friday,Unknown,Truck,Unidentified,4,18-30,Unknown,No Distancing/Rear End,Wet,Dark,0,0,4,Minor,Clear
1663,KAG_001664,Kaggle_road_csv,0,April,Tuesday,Unknown,Truck,Unidentified,2,31-50,Unknown,Reckless Driving,Dry,Daylight,0,0,1,Minor,Clear
1664,KAG_001665,Kaggle_road_csv,0,May,Friday,Unknown,Truck,Unidentified,3,31-50,Unknown,Reckless Driving,Dry,Daylight,0,0,3,Minor,Clear
1665,KAG_001666,Kaggle_road_csv,0,July,Wednesday,Unknown,Truck,Unidentified,3,31-50,Over 51,No Distancing/Rear End,Wet,Daylight,0,0,1,Minor,Rainy
1666,KAG_001667,Kaggle_road_csv,0,April,Thursday,Unknown,Truck,Unidentified,1,Over 51,18-30,Unknown/Other,Dry,Daylight,0,0,1,Serious,Clear
1667,KAG_001668,Kaggle_road_csv,0,September,Monday,Unknown,Truck,Unidentified,2,18-30,Under 18,Lane Violation,Wet,Dark,0,0,2,Minor,Rainy
1668,KAG_001669,Kaggle_road_csv,0,March,Thursday,Unknown,Truck,Unidentified,2,31-50,18-30,Parking Issue,Dry,Daylight,0,0,2,Minor,Clear
1669,KAG_001670,Kaggle_road_csv,0,March,Tuesday,Unknown,Truck,Unidentified,2,31-50,Unknown,Lane Violation,Wet,Dark,0,0,1,Serious,Clear
1670,KAG_001671,Kaggle_road_csv,0,April,Wednesday,Unknown,Truck,Unidentified,2,Over 51,18-30,Lane Violation,Wet,Dark,0,0,1,Fatal,Clear
1671,KAG_001672,Kaggle_road_csv,0,March,Wednesday,Unknown,Truck,Unidentified,2,18-30,Unknown,No Distancing/Rear End,Wet,Dark,0,0,1,Fatal,Clear
1672,KAG_001673,Kaggle_road_csv,0,April,Tuesday,Unknown,Truck,Unidentified,2,Over 51,18-30,Reckless Driving,Dry,Daylight,0,0,1,Minor,Clear
1673,KAG_001674,Kaggle_road_csv,0,October,Friday,Unknown,Truck,Unidentified,1,18-30,Unknown,Reckless Driving,Wet,Dark,0,0,1,Minor,Clear
1674,KAG_001675,Kaggle_road_csv,0,May,Monday,Unknown,Truck,Unidentified,3,31-50,31-50,Lane Violation,Dry,Daylight,0,0,1,Minor,Clear
1675,KAG_001676,Kaggle_road_csv,0,October,Monday,Unknown,Truck,Unidentified,2,18-30,31-50,Speeding,Dry,Daylight,0,0,1,Minor,Clear
1676,KAG_001677,Kaggle_road_csv,0,March,Monday,Unknown,Truck,Unidentified,2,31-50,18-30,Lane Violation,Dry,Daylight,0,0,1,Minor,Clear
1677,KAG_001678,Kaggle_road_csv,0,March,Saturday,Unknown,Truck,Unidentified,2,18-30,18-30,Unknown/Other,Dry,Daylight,0,0,1,Minor,Clear
1678,KAG_001679,Kaggle_road_csv,0,April,Friday,Unknown,Truck,Unidentified,2,Under 18,Over 51,Lane Violation,Dry,Daylight,0,0,2,Minor,Clear
1679,KAG_001680,Kaggle_road_csv,0,April,Monday,Unknown,Truck,Unidentified,2,18-30,18-30,No Distancing/Rear End,Dry,Dark,0,0,1,Minor,Clear
1680,KAG_001681,Kaggle_road_csv,0,October,Monday,Unknown,Truck,Unidentified,2,31-50,Under 18,Unknown/Other,Dry,Dark,0,0,1,Minor,Clear
1681,KAG_001682,Kaggle_road_csv,0,April,Friday,Unknown,Truck,Unidentified,1,Unknown,31-50,Reckless Driving,Wet,Daylight,0,0,1,Minor,Clear
1682,KAG_001683,Kaggle_road_csv,0,October,Friday,Unknown,Truck,Unidentified,2,Unknown,31-50,Reckless Driving,Dry,Dark,0,0,1,Minor,Clear
1683,KAG_001684,Kaggle_road_csv,0,May,Tuesday,Unknown,Truck,Unidentified,2,Unknown,18-30,Reckless Driving,Dry,Daylight,0,0,1,Minor,Clear
1684,KAG_001685,Kaggle_road_csv,0,April,Sunday,Unknown,Truck,Unidentified,2,31-50,Unknown,Lane Violation,Dry,Daylight,0,0,1,Minor,Clear
1685,KAG_001686,Kaggle_road_csv,0,May,Monday,Unknown,Truck,Unidentified,2,18-30,18-30,No Distancing/Rear End,Wet,Daylight,0,0,1,Minor,Clear
1686,KAG_001687,Kaggle_road_csv,0,October,Tuesday,Unknown,Truck,Unidentified,1,Unknown,Under 18,Lane Violation,Dry,Daylight,0,0,1,Minor,Clear
1687,KAG_001688,Kaggle_road_csv,0,May,Monday,Unknown,Truck,Unidentified,2,Over 51,31-50,Loss of Control,Dry,Dark,0,0,1,Minor,Clear
1688,KAG_001689,Kaggle_road_csv,0,March,Wednesday,Unknown,Truck,Unidentified,2,18-30,Unknown,Lane Violation,Dry,Daylight,0,0,1,Serious,Clear
1689,KAG_001690,Kaggle_road_csv,0,July,Friday,Unknown,Truck,Unidentified,2,Unknown,Over 51,No Distancing/Rear End,Wet,Daylight,0,0,1,Minor,Rainy
1690,KAG_001691,Kaggle_road_csv,0,May,Sunday,Unknown,Truck,Unidentified,2,31-50,Unknown,No Distancing/Rear End,Dry,Dark,0,0,2,Minor,Clear
1691,KAG_001692,Kaggle_road_csv,0,April,Thursday,Unknown,Truck,Unidentified,2,Over 51,31-50,Lane Violation,Dry,Daylight,0,0,1,Serious,Clear
1692,KAG_001693,Kaggle_road_csv,0,October,Sunday,Unknown,Truck,Unidentified,3,31-50,Over 51,Reckless Driving,Dry,Daylight,0,0,2,Minor,Clear
1693,KAG_001694,Kaggle_road_csv,0,March,Saturday,Unknown,Truck,Unidentified,3,18-30,Unknown,Reckless Driving,Dry,Daylight,0,0,1,Minor,Clear
1694,KAG_001695,Kaggle_road_csv,0,April,Saturday,Unknown,Truck,Unidentified,1,Unknown,18-30,Unknown/Other,Dry,Daylight,0,0,1,Serious,Clear
1695,KAG_001696,Kaggle_road_csv,0,March,Tuesday,Unknown,Truck,Unidentified,2,18-30,31-50,Speeding,Dry,Daylight,0,0,1,Minor,Clear
1696,KAG_001697,Kaggle_road_csv,0,October,Tuesday,Unknown,Truck,Unidentified,2,Over 51,18-30,Unknown/Other,Dry,Daylight,0,0,1,Minor,Clear
1697,KAG_001698,Kaggle_road_csv,0,May,Monday,Unknown,Truck,Unidentified,1,Under 18,Unknown,Lane Violation,Dry,Daylight,0,0,1,Minor,Clear
1698,KAG_001699,Kaggle_road_csv,0,October,Monday,Unknown,Truck,Unidentified,2,Under 18,Unknown,Reckless Driving,Dry,Daylight,0,0,2,Minor,Clear
1699,KAG_001700,Kaggle_road_csv,0,March,Monday,Unknown,Truck,Unidentified,2,18-30,Under 18,Lane Violation,Dry,Daylight,0,0,2,Minor,Clear
1700,KAG_001701,Kaggle_road_csv,0,October,Thursday,Unknown,Truck,Unidentified,2,Unknown,18-30,Reckless Driving,Dry,Daylight,0,0,1,Minor,Clear
1701,KAG_001702,Kaggle_road_csv,0,March,Thursday,Unknown,Truck,Unidentified,3,Over 51,31-50,Loss of Control,Dry,Daylight,0,0,2,Minor,Clear
1702,KAG_001703,Kaggle_road_csv,0,May,Thursday,Unknown,Truck,Unidentified,2,Unknown,Unknown,Reckless Driving,Dry,Daylight,0,0,5,Minor,Clear
1703,KAG_001704,Kaggle_road_csv,0,October,Thursday,Unknown,Truck,Unidentified,2,31-50,Unknown,Reckless Driving,Dry,Daylight,0,0,5,Minor,Clear
1704,KAG_001705,Kaggle_road_csv,0,May,Thursday,Unknown,Truck,Unidentified,2,31-50,Unknown,Lane Violation,Dry,Daylight,0,0,5,Minor,Clear
1705,KAG_001706,Kaggle_road_csv,0,October,Thursday,Unknown,Truck,Unidentified,2,31-50,18-30,No Distancing/Rear End,Dry,Daylight,0,0,5,Minor,Clear
1706,KAG_001707,Kaggle_road_csv,0,October,Thursday,Unknown,Truck,Unidentified,2,Unknown,31-50,No Distancing/Rear End,Dry,Dark,0,0,1,Minor,Clear
1707,KAG_001708,Kaggle_road_csv,0,May,Tuesday,Unknown,Truck,Unidentified,2,31-50,Unknown,No Distancing/Rear End,Dry,Dark,0,0,5,Minor,Clear
1708,KAG_001709,Kaggle_road_csv,0,October,Tuesday,Unknown,Truck,Unidentified,2,18-30,18-30,Lane Violation,Dry,Dark,0,0,5,Minor,Clear
1709,KAG_001710,Kaggle_road_csv,0,April,Wednesday,Unknown,Truck,Unidentified,2,31-50,18-30,No Distancing/Rear End,Dry,Daylight,0,0,1,Minor,Clear
1710,KAG_001711,Kaggle_road_csv,0,May,Wednesday,Unknown,Truck,Unidentified,2,31-50,Over 51,Reckless Driving,Dry,Daylight,0,0,1,Minor,Clear
1711,KAG_001712,Kaggle_road_csv,0,May,Saturday,Unknown,Truck,Unidentified,2,18-30,Unknown,Reckless Driving,Dry,Daylight,0,0,1,Minor,Clear
1712,KAG_001713,Kaggle_road_csv,0,October,Sunday,Unknown,Truck,Unidentified,2,Under 18,Unknown,No Distancing/Rear End,Wet,Dark,0,0,3,Minor,Clear
1713,KAG_001714,Kaggle_road_csv,0,April,Sunday,Unknown,Truck,Unidentified,2,Under 18,31-50,Unknown/Other,Wet,Dark,0,0,3,Minor,Clear
1714,KAG_001715,Kaggle_road_csv,0,March,Sunday,Unknown,Truck,Unidentified,2,Unknown,Unknown,No Distancing/Rear End,Wet,Dark,0,0,3,Minor,Clear
1715,KAG_001716,Kaggle_road_csv,0,May,Thursday,Unknown,Truck,Unidentified,1,31-50,31-50,Reckless Driving,Dry,Daylight,0,0,1,Minor,Clear
1716,KAG_001717,Kaggle_road_csv,0,May,Friday,Unknown,Truck,Unidentified,2,Unknown,31-50,Reckless Driving,Dry,Daylight,0,0,1,Minor,Clear
1717,KAG_001718,Kaggle_road_csv,0,March,Saturday,Unknown,Truck,Unidentified,2,18-30,31-50,Reckless Driving,Dry,Daylight,0,0,1,Minor,Clear
1718,KAG_001719,Kaggle_road_csv,0,May,Wednesday,Unknown,Truck,Unidentified,2,Unknown,Unknown,Lane Violation,Dry,Daylight,0,0,1,Minor,Clear
1719,KAG_001720,Kaggle_road_csv,0,May,Wednesday,Unknown,Truck,Unidentified,2,Unknown,Under 18,Lane Violation,Dry,Daylight,0,0,1,Minor,Clear
1720,KAG_001721,Kaggle_road_csv,0,March,Monday,Unknown,Truck,Unidentified,4,31-50,31-50,Lane Violation,Dry,Daylight,0,0,1,Minor,Clear
1721,KAG_001722,Kaggle_road_csv,0,October,Tuesday,Unknown,Truck,Unidentified,2,31-50,31-50,Lane Violation,Dry,Daylight,0,0,1,Minor,Clear
1722,KAG_001723,Kaggle_road_csv,0,August,Saturday,Unknown,Truck,Unidentified,2,18-30,Unknown,Reckless Driving,Wet,Daylight,0,0,1,Serious,Rainy
1723,KAG_001724,Kaggle_road_csv,0,April,Thursday,Unknown,Truck,Unidentified,2,31-50,31-50,Lane Violation,Dry,Daylight,0,0,1,Minor,Clear
1724,KAG_001725,Kaggle_road_csv,0,April,Thursday,Unknown,Truck,Unidentified,2,31-50,31-50,Unknown/Other,Dry,Daylight,0,0,1,Minor,Clear
1725,KAG_001726,Kaggle_road_csv,0,April,Monday,Unknown,Truck,Unidentified,2,Over 51,31-50,Reckless Driving,Dry,Daylight,0,0,1,Minor,Clear
1726,KAG_001727,Kaggle_road_csv,0,March,Wednesday,Unknown,Truck,Unidentified,2,18-30,Unknown,No Distancing/Rear End,Dry,Daylight,0,0,1,Minor,Clear
1727,KAG_001728,Kaggle_road_csv,0,March,Wednesday,Unknown,Truck,Unidentified,2,Unknown,Unknown,Reckless Driving,Dry,Daylight,0,0,1,Minor,Clear
1728,KAG_001729,Kaggle_road_csv,0,October,Friday,Unknown,Truck,Unidentified,2,18-30,18-30,No Distancing/Rear End,Dry,Daylight,0,0,1,Serious,Clear
1729,KAG_001730,Kaggle_road_csv,0,May,Monday,Unknown,Truck,Unidentified,1,31-50,31-50,Lane Violation,Dry,Daylight,0,0,1,Minor,Clear
1730,KAG_001731,Kaggle_road_csv,0,October,Saturday,Unknown,Truck,Unidentified,2,18-30,Unknown,Lane Violation,Dry,Daylight,0,0,1,Minor,Clear
1731,KAG_001732,Kaggle_road_csv,0,March,Saturday,Unknown,Truck,Unidentified,2,Over 51,31-50,No Distancing/Rear End,Dry,Daylight,0,0,1,Minor,Clear
1732,KAG_001733,Kaggle_road_csv,0,July,Sunday,Unknown,Truck,Unidentified,1,31-50,31-50,No Distancing/Rear End,Wet,Dark,0,0,1,Minor,Rainy
1733,KAG_001734,Kaggle_road_csv,0,August,Tuesday,Unknown,Truck,Unidentified,2,Over 51,18-30,Unknown/Other,Wet,Daylight,0,0,2,Minor,Rainy
1734,KAG_001735,Kaggle_road_csv,0,May,Thursday,Unknown,Truck,Unidentified,2,Under 18,18-30,Reckless Driving,Dry,Daylight,0,0,2,Serious,Clear
1735,KAG_001736,Kaggle_road_csv,0,May,Sunday,Unknown,Truck,Unidentified,2,Over 51,Unknown,Lane Violation,Dry,Daylight,0,0,1,Minor,Clear
1736,KAG_001737,Kaggle_road_csv,0,March,Wednesday,Unknown,Truck,Unidentified,3,Under 18,31-50,Lane Violation,Dry,Daylight,0,0,2,Minor,Clear
1737,KAG_001738,Kaggle_road_csv,0,October,Wednesday,Unknown,Truck,Unidentified,3,Over 51,Unknown,Reckless Driving,Dry,Daylight,0,0,2,Minor,Clear
1738,KAG_001739,Kaggle_road_csv,0,March,Tuesday,Unknown,Truck,Unidentified,2,18-30,18-30,Reckless Driving,Dry,Daylight,0,0,1,Minor,Clear
1739,KAG_001740,Kaggle_road_csv,0,March,Tuesday,Unknown,Truck,Unidentified,2,18-30,Unknown,Lane Violation,Dry,Daylight,0,0,1,Minor,Clear
1740,KAG_001741,Kaggle_road_csv,0,May,Monday,Unknown,Truck,Unidentified,2,Over 51,Unknown,Loss of Control,Dry,Daylight,0,0,1,Minor,Clear
1741,KAG_001742,Kaggle_road_csv,0,October,Wednesday,Unknown,Truck,Unidentified,2,31-50,Unknown,Reckless Driving,Dry,Daylight,0,0,1,Serious,Clear
1742,KAG_001743,Kaggle_road_csv,0,March,Wednesday,Unknown,Truck,Unidentified,2,31-50,Unknown,Reckless Driving,Dry,Daylight,0,0,1,Serious,Clear
1743,KAG_001744,Kaggle_road_csv,0,May,Saturday,Unknown,Truck,Unidentified,2,Unknown,18-30,Lane Violation,Dry,Daylight,0,0,1,Minor,Clear
1744,KAG_001745,Kaggle_road_csv,0,October,Thursday,Unknown,Truck,Unidentified,2,31-50,Unknown,Lane Violation,Dry,Daylight,0,0,2,Minor,Clear
1745,KAG_001746,Kaggle_road_csv,0,March,Saturday,Unknown,Truck,Unidentified,2,Over 51,31-50,No Distancing/Rear End,Dry,Daylight,0,0,2,Minor,Clear
1746,KAG_001747,Kaggle_road_csv,0,March,Saturday,Unknown,Truck,Unidentified,2,31-50,31-50,Unknown/Other,Dry,Daylight,0,0,2,Minor,Clear
1747,KAG_001748,Kaggle_road_csv,0,April,Thursday,Unknown,Truck,Unidentified,1,18-30,Unknown,Unknown/Other,Dry,Daylight,0,0,1,Minor,Clear
1748,KAG_001749,Kaggle_road_csv,0,March,Saturday,Unknown,Truck,Unidentified,1,18-30,Over 51,No Distancing/Rear End,Dry,Dark,0,0,1,Minor,Clear
1749,KAG_001750,Kaggle_road_csv,0,April,Saturday,Unknown,Truck,Unidentified,2,18-30,31-50,Reckless Driving,Dry,Daylight,0,0,1,Minor,Clear
1750,KAG_001751,Kaggle_road_csv,0,March,Saturday,Unknown,Truck,Unidentified,2,31-50,31-50,No Distancing/Rear End,Dry,Daylight,0,0,1,Minor,Clear
1751,KAG_001752,Kaggle_road_csv,0,March,Sunday,Unknown,Truck,Unidentified,2,31-50,Unknown,No Distancing/Rear End,Dry,Daylight,0,0,1,Minor,Clear
1752,KAG_001753,Kaggle_road_csv,0,October,Sunday,Unknown,Truck,Unidentified,2,31-50,Under 18,Reckless Driving,Dry,Dark,0,0,2,Minor,Clear
1753,KAG_001754,Kaggle_road_csv,0,July,Monday,Unknown,Truck,Unidentified,2,18-30,31-50,No Distancing/Rear End,Wet,Dark,0,0,1,Minor,Rainy
1754,KAG_001755,Kaggle_road_csv,0,March,Thursday,Unknown,Truck,Unidentified,2,Over 51,18-30,Lane Violation,Dry,Daylight,0,0,1,Minor,Clear
1755,KAG_001756,Kaggle_road_csv,0,March,Friday,Unknown,Truck,Unidentified,3,31-50,Unknown,Lane Violation,Dry,Daylight,0,0,2,Minor,Clear
1756,KAG_001757,Kaggle_road_csv,0,May,Friday,Unknown,Truck,Unidentified,3,31-50,Unknown,Lane Violation,Dry,Daylight,0,0,2,Minor,Clear
1757,KAG_001758,Kaggle_road_csv,0,May,Friday,Unknown,Truck,Unidentified,3,31-50,Unknown,Drunk/Drug Driving,Dry,Daylight,0,0,2,Minor,Clear
1758,KAG_001759,Kaggle_road_csv,0,May,Wednesday,Unknown,Truck,Unidentified,2,31-50,Under 18,Lane Violation,Dry,Daylight,0,0,1,Serious,Clear
1759,KAG_001760,Kaggle_road_csv,0,March,Wednesday,Unknown,Truck,Unidentified,2,Over 51,31-50,Drunk/Drug Driving,Dry,Daylight,0,0,1,Minor,Clear
1760,KAG_001761,Kaggle_road_csv,0,May,Wednesday,Unknown,Truck,Unidentified,2,Over 51,18-30,Reckless Driving,Dry,Daylight,0,0,1,Minor,Clear
1761,KAG_001762,Kaggle_road_csv,0,June,Thursday,Unknown,Truck,Unidentified,2,18-30,Unknown,No Distancing/Rear End,Wet,Daylight,0,0,2,Minor,Rainy
1762,KAG_001763,Kaggle_road_csv,0,March,Sunday,Unknown,Truck,Unidentified,2,18-30,18-30,Reckless Driving,Dry,Daylight,0,0,1,Minor,Clear
1763,KAG_001764,Kaggle_road_csv,0,May,Wednesday,Unknown,Truck,Unidentified,2,31-50,Over 51,No Distancing/Rear End,Dry,Dark,0,0,1,Minor,Clear
1764,KAG_001765,Kaggle_road_csv,0,May,Monday,Unknown,Truck,Unidentified,3,31-50,18-30,Lane Violation,Dry,Daylight,0,0,1,Serious,Clear
1765,KAG_001766,Kaggle_road_csv,0,October,Tuesday,Unknown,Truck,Unidentified,2,Unknown,Under 18,Speeding,Dry,Daylight,0,0,1,Minor,Clear
1766,KAG_001767,Kaggle_road_csv,0,April,Tuesday,Unknown,Truck,Unidentified,2,Under 18,Unknown,No Distancing/Rear End,Wet,Dark,0,0,1,Minor,Clear
1767,KAG_001768,Kaggle_road_csv,0,October,Friday,Unknown,Truck,Unidentified,2,18-30,31-50,No Distancing/Rear End,Wet,Daylight,0,0,1,Minor,Clear
1768,KAG_001769,Kaggle_road_csv,0,May,Tuesday,Unknown,Truck,Unidentified,4,18-30,31-50,Reckless Driving,Wet,Dark,0,0,1,Minor,Clear
1769,KAG_001770,Kaggle_road_csv,0,April,Tuesday,Unknown,Truck,Unidentified,4,31-50,Unknown,Lane Violation,Wet,Dark,0,0,1,Minor,Clear
1770,KAG_001771,Kaggle_road_csv,0,April,Wednesday,Unknown,Truck,Unidentified,2,Under 18,Unknown,Loss of Control,Wet,Daylight,0,0,1,Minor,Clear
1771,KAG_001772,Kaggle_road_csv,0,May,Wednesday,Unknown,Truck,Unidentified,2,18-30,Under 18,Drunk/Drug Driving,Wet,Daylight,0,0,1,Minor,Clear
1772,KAG_001773,Kaggle_road_csv,0,April,Sunday,Unknown,Truck,Unidentified,2,18-30,Over 51,Reckless Driving,Dry,Daylight,0,0,1,Serious,Clear
1773,KAG_001774,Kaggle_road_csv,0,May,Wednesday,Unknown,Truck,Unidentified,2,31-50,18-30,Reckless Driving,Dry,Daylight,0,0,3,Minor,Clear
1774,KAG_001775,Kaggle_road_csv,0,August,Saturday,Unknown,Truck,Unidentified,2,18-30,Unknown,Drunk/Drug Driving,Wet,Daylight,0,0,3,Minor,Rainy
1775,KAG_001776,Kaggle_road_csv,0,September,Saturday,Unknown,Truck,Unidentified,2,18-30,18-30,Reckless Driving,Wet,Daylight,0,0,3,Minor,Rainy
1776,KAG_001777,Kaggle_road_csv,0,March,Tuesday,Unknown,Truck,Unidentified,2,Unknown,Over 51,Reckless Driving,Dry,Dark,0,0,5,Minor,Clear
1777,KAG_001778,Kaggle_road_csv,0,March,Friday,Unknown,Truck,Unidentified,2,Unknown,Unknown,Drunk/Drug Driving,Dry,Daylight,0,0,1,Minor,Clear
1778,KAG_001779,Kaggle_road_csv,0,March,Tuesday,Unknown,Truck,Unidentified,2,Unknown,31-50,Reckless Driving,Dry,Dark,0,0,1,Minor,Clear
1779,KAG_001780,Kaggle_road_csv,0,October,Friday,Unknown,Truck,Unidentified,2,31-50,18-30,Reckless Driving,Dry,Daylight,0,0,2,Minor,Clear
1780,KAG_001781,Kaggle_road_csv,0,May,Tuesday,Unknown,Truck,Unidentified,2,31-50,Unknown,Lane Violation,Dry,Dark,0,0,1,Minor,Clear
1781,KAG_001782,Kaggle_road_csv,0,October,Wednesday,Unknown,Truck,Unidentified,2,Under 18,31-50,Reckless Driving,Wet,Daylight,0,0,1,Minor,Clear
1782,KAG_001783,Kaggle_road_csv,0,April,Sunday,Unknown,Truck,Unidentified,2,18-30,Over 51,Lane Violation,Wet,Daylight,0,0,3,Serious,Clear
1783,KAG_001784,Kaggle_road_csv,0,April,Wednesday,Unknown,Truck,Unidentified,2,18-30,18-30,No Distancing/Rear End,Dry,Daylight,0,0,2,Serious,Clear
1784,KAG_001785,Kaggle_road_csv,0,May,Wednesday,Unknown,Truck,Unidentified,2,31-50,31-50,Reckless Driving,Dry,Daylight,0,0,1,Minor,Clear
1785,KAG_001786,Kaggle_road_csv,0,April,Monday,Unknown,Truck,Unidentified,1,Unknown,31-50,No Distancing/Rear End,Dry,Daylight,0,0,1,Minor,Clear
1786,KAG_001787,Kaggle_road_csv,0,October,Tuesday,Unknown,Truck,Unidentified,2,18-30,31-50,Lane Violation,Dry,Dark,0,0,1,Minor,Clear
1787,KAG_001788,Kaggle_road_csv,0,May,Saturday,Unknown,Truck,Unidentified,3,Unknown,Unknown,No Distancing/Rear End,Dry,Daylight,0,0,2,Minor,Clear
1788,KAG_001789,Kaggle_road_csv,0,October,Tuesday,Unknown,Truck,Unidentified,2,18-30,Unknown,Reckless Driving,Dry,Dark,0,0,1,Minor,Clear
1789,KAG_001790,Kaggle_road_csv,0,March,Tuesday,Unknown,Truck,Unidentified,2,31-50,Over 51,Lane Violation,Wet,Daylight,0,0,1,Serious,Clear
1790,KAG_001791,Kaggle_road_csv,0,May,Tuesday,Unknown,Truck,Unidentified,2,18-30,Unknown,No Distancing/Rear End,Wet,Daylight,0,0,1,Serious,Clear
1791,KAG_001792,Kaggle_road_csv,0,October,Saturday,Unknown,Truck,Unidentified,2,Unknown,18-30,Lane Violation,Wet,Daylight,0,0,1,Minor,Clear
1792,KAG_001793,Kaggle_road_csv,0,May,Thursday,Unknown,Truck,Unidentified,1,Unknown,Unknown,Reckless Driving,Dry,Dark,0,0,1,Minor,Clear
1793,KAG_001794,Kaggle_road_csv,0,March,Thursday,Unknown,Truck,Unidentified,1,18-30,Unknown,Reckless Driving,Dry,Daylight,0,0,1,Minor,Clear
1794,KAG_001795,Kaggle_road_csv,0,March,Wednesday,Unknown,Truck,Unidentified,2,18-30,Unknown,No Distancing/Rear End,Wet,Dark,0,0,1,Minor,Clear
1795,KAG_001796,Kaggle_road_csv,0,March,Friday,Unknown,Truck,Unidentified,3,Under 18,Under 18,No Distancing/Rear End,Wet,Dark,0,0,3,Minor,Clear
1796,KAG_001797,Kaggle_road_csv,0,October,Friday,Unknown,Truck,Unidentified,3,Over 51,Unknown,Lane Violation,Wet,Dark,0,0,3,Minor,Clear
1797,KAG_001798,Kaggle_road_csv,0,March,Wednesday,Unknown,Truck,Unidentified,3,18-30,Unknown,No Distancing/Rear End,Wet,Dark,0,0,1,Serious,Clear
1798,KAG_001799,Kaggle_road_csv,0,May,Thursday,Unknown,Truck,Unidentified,1,31-50,Under 18,No Distancing/Rear End,Dry,Daylight,0,0,1,Minor,Clear
1799,KAG_001800,Kaggle_road_csv,0,May,Wednesday,Unknown,Truck,Unidentified,2,31-50,Unknown,Lane Violation,Dry,Dark,0,0,1,Minor,Clear
1800,KAG_001801,Kaggle_road_csv,0,May,Friday,Unknown,Truck,Unidentified,2,Over 51,31-50,Speeding,Dry,Daylight,0,0,1,Minor,Clear
1801,KAG_001802,Kaggle_road_csv,0,March,Friday,Unknown,Truck,Unidentified,2,18-30,18-30,Lane Violation,Dry,Daylight,0,0,1,Minor,Clear
1802,KAG_001803,Kaggle_road_csv,0,May,Friday,Unknown,Truck,Unidentified,2,31-50,Unknown,Reckless Driving,Dry,Daylight,0,0,1,Minor,Clear
1803,KAG_001804,Kaggle_road_csv,0,October,Saturday,Unknown,Truck,Unidentified,3,31-50,18-30,Reckless Driving,Dry,Daylight,0,0,3,Minor,Clear
1804,KAG_001805,Kaggle_road_csv,0,March,Saturday,Unknown,Truck,Unidentified,3,31-50,Unknown,No Distancing/Rear End,Dry,Daylight,0,0,3,Minor,Clear
1805,KAG_001806,Kaggle_road_csv,0,May,Saturday,Unknown,Truck,Unidentified,2,Unknown,18-30,Reckless Driving,Dry,Dark,0,0,1,Minor,Clear
1806,KAG_001807,Kaggle_road_csv,0,October,Monday,Unknown,Truck,Unidentified,2,Unknown,18-30,Lane Violation,Dry,Daylight,0,0,1,Serious,Clear
1807,KAG_001808,Kaggle_road_csv,0,April,Tuesday,Unknown,Truck,Unidentified,3,31-50,18-30,No Distancing/Rear End,Dry,Daylight,0,0,1,Minor,Clear
1808,KAG_001809,Kaggle_road_csv,0,March,Tuesday,Unknown,Truck,Unidentified,3,Unknown,Unknown,Speeding,Dry,Daylight,0,0,1,Minor,Clear
1809,KAG_001810,Kaggle_road_csv,0,May,Wednesday,Unknown,Truck,Unidentified,2,Under 18,Unknown,Reckless Driving,Dry,Daylight,0,0,1,Serious,Clear
1810,KAG_001811,Kaggle_road_csv,0,April,Monday,Unknown,Truck,Unidentified,2,Under 18,Unknown,Lane Violation,Dry,Dark,0,0,2,Minor,Clear
1811,KAG_001812,Kaggle_road_csv,0,March,Monday,Unknown,Truck,Unidentified,2,31-50,18-30,No Distancing/Rear End,Dry,Dark,0,0,2,Minor,Clear
1812,KAG_001813,Kaggle_road_csv,0,April,Monday,Unknown,Truck,Unidentified,4,31-50,31-50,No Distancing/Rear End,Dry,Daylight,0,0,1,Minor,Clear
1813,KAG_001814,Kaggle_road_csv,0,May,Thursday,Unknown,Truck,Unidentified,1,Unknown,18-30,Loss of Control,Dry,Daylight,0,0,1,Minor,Clear
1814,KAG_001815,Kaggle_road_csv,0,May,Monday,Unknown,Truck,Unidentified,2,31-50,Unknown,Speeding,Wet,Dark,0,0,1,Minor,Clear
1815,KAG_001816,Kaggle_road_csv,0,October,Tuesday,Unknown,Truck,Unidentified,1,Under 18,18-30,Lane Violation,Dry,Dark,0,0,1,Minor,Clear
1816,KAG_001817,Kaggle_road_csv,0,April,Friday,Unknown,Truck,Unidentified,2,Unknown,Unknown,No Distancing/Rear End,Dry,Dark,0,0,1,Minor,Clear
1817,KAG_001818,Kaggle_road_csv,0,May,Saturday,Unknown,Truck,Unidentified,2,18-30,Over 51,Reckless Driving,Wet,Daylight,0,0,2,Minor,Clear
1818,KAG_001819,Kaggle_road_csv,0,October,Tuesday,Unknown,Truck,Unidentified,2,31-50,Unknown,Reckless Driving,Dry,Daylight,0,0,1,Minor,Clear
1819,KAG_001820,Kaggle_road_csv,0,March,Tuesday,Unknown,Truck,Unidentified,2,31-50,18-30,No Distancing/Rear End,Dry,Daylight,0,0,1,Minor,Clear