,accident_id,source,year,month,day_of_week,state,vehicle_1,vehicle_2,vehicles_involved,party_age_group,victim_age_group,cause_of_accident,road_condition,lighting_condition,fatalities,injuries,casualties,severity,weather_group
1820,KAG_001821,Kaggle_road_csv,0,August,Wednesday,Unknown,Truck,Unidentified,2,Over 51,18-30,Lane Violation,Wet,Daylight,0,0,1,Minor,Rainy
1821,KAG_001822,Kaggle_road_csv,0,May,Saturday,Unknown,Truck,Unidentified,2,Unknown,Unknown,Lane Violation,Dry,Dark,0,0,1,Minor,Clear
1822,KAG_001823,Kaggle_road_csv,0,October,Monday,Unknown,Truck,Unidentified,2,31-50,Unknown,Reckless Driving,Dry,Daylight,0,0,5,Minor,Clear
1823,KAG_001824,Kaggle_road_csv,0,March,Thursday,Unknown,Truck,Unidentified,2,18-30,Unknown,No Distancing/Rear End,Wet,Dark,0,0,1,Minor,Clear
1824,KAG_001825,Kaggle_road_csv,0,April,Thursday,Unknown,Truck,Unidentified,2,Over 51,31-50,Lane Violation,Wet,Dark,0,0,1,Minor,Clear
1825,KAG_001826,Kaggle_road_csv,0,October,Wednesday,Unknown,Truck,Unidentified,2,18-30,18-30,Reckless Driving,Dry,Daylight,0,0,1,Serious,Clear
1826,KAG_001827,Kaggle_road_csv,0,April,Saturday,Unknown,Truck,Unidentified,3,Unknown,Under 18,Lane Violation,Dry,Dark,0,0,6,Minor,Clear
1827,KAG_001828,Kaggle_road_csv,0,March,Wednesday,Unknown,Truck,Unidentified,2,Unknown,18-30,No Distancing/Rear End,Dry,Daylight,0,0,1,Minor,Clear
1828,KAG_001829,Kaggle_road_csv,0,March,Monday,Unknown,Truck,Unidentified,1,Unknown,Unknown,Reckless Driving,Dry,Daylight,0,0,1,Minor,Clear
1829,KAG_001830,Kaggle_road_csv,0,April,Friday,Unknown,Truck,Unidentified,2,31-50,31-50,Reckless Driving,Dry,Daylight,0,0,1,Minor,Clear
1830,KAG_001831,Kaggle_road_csv,0,May,Wednesday,Unknown,Truck,Unidentified,4,31-50,Unknown,Lane Violation,Dry,Daylight,0,0,2,Minor,Clear
1831,KAG_001832,Kaggle_road_csv,0,April,Wednesday,Unknown,Truck,Unidentified,4,Under 18,31-50,Speeding,Dry,Daylight,0,0,2,Minor,Clear
1832,KAG_001833,Kaggle_road_csv,0,March,Wednesday,Unknown,Truck,Unidentified,4,Over 51,Unknown,No Distancing/Rear End,Dry,Daylight,0,0,2,Minor,Clear
1833,KAG_001834,Kaggle_road_csv,0,May,Thursday,Unknown,Truck,Unidentified,2,18-30,31-50,Reckless Driving,Dry,Dark,0,0,2,Minor,Clear
1834,KAG_001835,Kaggle_road_csv,0,March,Sunday,Unknown,Truck,Unidentified,2,18-30,Unknown,No Distancing/Rear End,Dry,Daylight,0,0,3,Minor,Clear
1835,KAG_001836,Kaggle_road_csv,0,April,Wednesday,Unknown,Truck,Unidentified,1,31-50,18-30,Lane Violation,Dry,Daylight,0,0,1,Minor,Clear
1836,KAG_001837,Kaggle_road_csv,0,April,Sunday,Unknown,Truck,Unidentified,1,18-30,Unknown,Reckless Driving,Wet,Dark,0,0,2,Serious,Clear
1837,KAG_001838,Kaggle_road_csv,0,April,Friday,Unknown,Truck,Unidentified,2,18-30,18-30,No Distancing/Rear End,Dry,Daylight,0,0,1,Minor,Clear
1838,KAG_001839,Kaggle_road_csv,0,May,Friday,Unknown,Truck,Unidentified,2,Over 51,Unknown,Reckless Driving,Wet,Dark,0,0,1,Minor,Clear
1839,KAG_001840,Kaggle_road_csv,0,October,Thursday,Unknown,Truck,Unidentified,2,Unknown,Unknown,Unknown/Other,Dry,Daylight,0,0,1,Minor,Clear
1840,KAG_001841,Kaggle_road_csv,0,April,Monday,Unknown,Truck,Unidentified,2,31-50,Unknown,No Distancing/Rear End,Wet,Daylight,0,0,3,Serious,Clear
1841,KAG_001842,Kaggle_road_csv,0,October,Thursday,Unknown,Truck,Unidentified,1,31-50,18-30,Loss of Control,Dry,Daylight,0,0,1,Serious,Clear
1842,KAG_001843,Kaggle_road_csv,0,May,Friday,Unknown,Truck,Unidentified,3,Over 51,18-30,Reckless Driving,Wet,Dark,0,0,1,Minor,Clear
1843,KAG_001844,Kaggle_road_csv,0,June,Thursday,Unknown,Truck,Unidentified,2,Unknown,Over 51,Unknown/Other,Wet,Daylight,0,0,1,Minor,Rainy
1844,KAG_001845,Kaggle_road_csv,0,March,Saturday,Unknown,Truck,Unidentified,2,31-50,Under 18,No Distancing/Rear End,Dry,Dark,0,0,2,Minor,Clear
1845,KAG_001846,Kaggle_road_csv,0,March,Saturday,Unknown,Truck,Unidentified,3,18-30,Unknown,Reckless Driving,Dry,Daylight,0,0,5,Serious,Clear
1846,KAG_001847,Kaggle_road_csv,0,April,Saturday,Unknown,Truck,Unidentified,3,18-30,Unknown,Lane Violation,Dry,Daylight,0,0,5,Serious,Clear
1847,KAG_001848,Kaggle_road_csv,0,March,Tuesday,Unknown,Truck,Unidentified,2,Under 18,Unknown,Reckless Driving,Dry,Daylight,0,0,1,Minor,Clear
1848,KAG_001849,Kaggle_road_csv,0,May,Friday,Unknown,Truck,Unidentified,2,Under 18,18-30,Reckless Driving,Dry,Daylight,0,0,1,Serious,Clear
1849,KAG_001850,Kaggle_road_csv,0,April,Friday,Unknown,Truck,Unidentified,2,Unknown,Unknown,Reckless Driving,Wet,Daylight,0,0,1,Minor,Clear
1850,KAG_001851,Kaggle_road_csv,0,April,Monday,Unknown,Truck,Unidentified,3,Under 18,Under 18,Unknown/Other,Dry,Daylight,0,0,3,Minor,Clear
1851,KAG_001852,Kaggle_road_csv,0,March,Friday,Unknown,Truck,Unidentified,2,Over 51,18-30,Lane Violation,Dry,Daylight,0,0,1,Minor,Clear
1852,KAG_001853,Kaggle_road_csv,0,March,Saturday,Unknown,Truck,Unidentified,2,31-50,Unknown,Lane Violation,Dry,Daylight,0,0,1,Minor,Clear
1853,KAG_001854,Kaggle_road_csv,0,March,Wednesday,Unknown,Truck,Unidentified,2,18-30,Unknown,Lane Violation,Dry,Daylight,0,0,1,Minor,Clear
1854,KAG_001855,Kaggle_road_csv,0,April,Friday,Unknown,Truck,Unidentified,1,Over 51,18-30,Lane Violation,Dry,Daylight,0,0,1,Minor,Clear
1855,KAG_001856,Kaggle_road_csv,0,March,Friday,Unknown,Truck,Unidentified,3,31-50,Unknown,No Distancing/Rear End,Dry,Daylight,0,0,1,Minor,Clear
1856,KAG_001857,Kaggle_road_csv,0,October,Monday,Unknown,Truck,Unidentified,2,31-50,Unknown,Unknown/Other,Wet,Dark,0,0,1,Minor,Clear
1857,KAG_001858,Kaggle_road_csv,0,May,Monday,Unknown,Truck,Unidentified,2,31-50,Under 18,Reckless Driving,Wet,Dark,0,0,1,Minor,Clear
1858,KAG_001859,Kaggle_road_csv,0,October,Sunday,Unknown,Truck,Unidentified,2,31-50,Under 18,No Distancing/Rear End,Dry,Daylight,0,0,1,Minor,Clear
1859,KAG_001860,Kaggle_road_csv,0,May,Wednesday,Unknown,Truck,Unidentified,1,Unknown,Under 18,No Distancing/Rear End,Dry,Daylight,0,0,1,Minor,Clear
1860,KAG_001861,Kaggle_road_csv,0,October,Saturday,Unknown,Truck,Unidentified,1,18-30,Under 18,Reckless Driving,Dry,Dark,0,0,1,Minor,Clear
1861,KAG_001862,Kaggle_road_csv,0,May,Saturday,Unknown,Truck,Unidentified,3,Unknown,Under 18,Lane Violation,Dry,Daylight,0,0,2,Minor,Clear
1862,KAG_001863,Kaggle_road_csv,0,May,Wednesday,Unknown,Truck,Unidentified,3,18-30,31-50,Lane Violation,Dry,Daylight,0,0,2,Serious,Clear
1863,KAG_001864,Kaggle_road_csv,0,October,Monday,Unknown,Truck,Unidentified,4,18-30,Unknown,No Distancing/Rear End,Dry,Daylight,0,0,5,Minor,Clear
1864,KAG_001865,Kaggle_road_csv,0,March,Monday,Unknown,Truck,Unidentified,2,Unknown,Unknown,Loss of Control,Dry,Daylight,0,0,1,Minor,Clear
1865,KAG_001866,Kaggle_road_csv,0,March,Friday,Unknown,Truck,Unidentified,2,Unknown,31-50,Lane Violation,Dry,Daylight,0,0,1,Minor,Clear
1866,KAG_001867,Kaggle_road_csv,0,April,Thursday,Unknown,Truck,Unidentified,1,31-50,18-30,Lane Violation,Dry,Daylight,0,0,1,Minor,Clear
1867,KAG_001868,Kaggle_road_csv,0,October,Wednesday,Unknown,Truck,Unidentified,2,Under 18,31-50,Lane Violation,Dry,Daylight,0,0,4,Minor,Clear
1868,KAG_001869,Kaggle_road_csv,0,May,Wednesday,Unknown,Truck,Unidentified,2,Under 18,18-30,Lane Violation,Dry,Daylight,0,0,4,Minor,Clear
1869,KAG_001870,Kaggle_road_csv,0,March,Wednesday,Unknown,Truck,Unidentified,2,18-30,Unknown,Reckless Driving,Dry,Daylight,0,0,4,Minor,Clear
1870,KAG_001871,Kaggle_road_csv,0,March,Tuesday,Unknown,Truck,Unidentified,2,18-30,18-30,Reckless Driving,Wet,Daylight,0,0,1,Minor,Clear
1871,KAG_001872,Kaggle_road_csv,0,March,Tuesday,Unknown,Truck,Unidentified,2,Unknown,Unknown,Reckless Driving,Wet,Daylight,0,0,1,Minor,Clear
1872,KAG_001873,Kaggle_road_csv,0,May,Thursday,Unknown,Truck,Unidentified,2,Unknown,31-50,Reckless Driving,Dry,Dark,0,0,4,Minor,Clear
1873,KAG_001874,Kaggle_road_csv,0,April,Thursday,Unknown,Truck,Unidentified,2,18-30,18-30,Lane Violation,Dry,Dark,0,0,4,Minor,Clear
1874,KAG_001875,Kaggle_road_csv,0,May,Tuesday,Unknown,Truck,Unidentified,3,Unknown,Unknown,Lane Violation,Dry,Daylight,0,0,1,Minor,Clear
1875,KAG_001876,Kaggle_road_csv,0,June,Monday,Unknown,Truck,Unidentified,2,31-50,31-50,Lane Violation,Wet,Dark,0,0,1,Minor,Rainy
1876,KAG_001877,Kaggle_road_csv,0,September,Monday,Unknown,Truck,Unidentified,2,31-50,Under 18,Lane Violation,Wet,Dark,0,0,1,Minor,Rainy
1877,KAG_001878,Kaggle_road_csv,0,May,Thursday,Unknown,Truck,Unidentified,2,31-50,31-50,Lane Violation,Dry,Daylight,0,0,1,Minor,Clear
1878,KAG_001879,Kaggle_road_csv,0,March,Thursday,Unknown,Truck,Unidentified,2,18-30,31-50,Reckless Driving,Dry,Daylight,0,0,1,Serious,Clear
1879,KAG_001880,Kaggle_road_csv,0,March,Wednesday,Unknown,Truck,Unidentified,2,Under 18,31-50,Lane Violation,Dry,Daylight,0,0,1,Minor,Clear
1880,KAG_001881,Kaggle_road_csv,0,April,Friday,Unknown,Truck,Unidentified,2,18-30,18-30,No Distancing/Rear End,Dry,Dark,0,0,3,Minor,Clear
1881,KAG_001882,Kaggle_road_csv,0,May,Friday,Unknown,Truck,Unidentified,2,18-30,Unknown,Lane Violation,Dry,Dark,0,0,3,Minor,Clear
1882,KAG_001883,Kaggle_road_csv,0,May,Wednesday,Unknown,Truck,Unidentified,3,Unknown,Unknown,No Distancing/Rear End,Dry,Daylight,0,0,1,Minor,Clear
1883,KAG_001884,Kaggle_road_csv,0,October,Wednesday,Unknown,Truck,Unidentified,3,31-50,31-50,Lane Violation,Dry,Daylight,0,0,1,Minor,Clear
1884,KAG_001885,Kaggle_road_csv,0,August,Saturday,Unknown,Truck,Unidentified,3,Unknown,Unknown,No Distancing/Rear End,Wet,Dark,0,0,1,Minor,Rainy
1885,KAG_001886,Kaggle_road_csv,0,August,Saturday,Unknown,Truck,Unidentified,3,Unknown,Unknown,Reckless Driving,Wet,Dark,0,0,1,Minor,Rainy
1886,KAG_001887,Kaggle_road_csv,0,August,Saturday,Unknown,Truck,Unidentified,3,Unknown,18-30,Reckless Driving,Wet,Dark,0,0,1,Minor,Rainy
1887,KAG_001888,Kaggle_road_csv,0,June,Saturday,Unknown,Truck,Unidentified,2,31-50,18-30,No Distancing/Rear End,Wet,Dark,0,0,3,Minor,Rainy
1888,KAG_001889,Kaggle_road_csv,0,April,Sunday,Unknown,Truck,Unidentified,2,Unknown,Unknown,No Distancing/Rear End,Wet,Daylight,0,0,2,Minor,Clear
1889,KAG_001890,Kaggle_road_csv,0,April,Wednesday,Unknown,Truck,Unidentified,2,31-50,Under 18,Reckless Driving,Dry,Daylight,0,0,1,Minor,Clear
1890,KAG_001891,Kaggle_road_csv,0,October,Tuesday,Unknown,Truck,Unidentified,2,Unknown,31-50,Reckless Driving,Dry,Daylight,0,0,1,Minor,Clear
1891,KAG_001892,Kaggle_road_csv,0,June,Thursday,Unknown,Truck,Unidentified,2,31-50,18-30,Reckless Driving,Wet,Daylight,0,0,1,Minor,Rainy
1892,KAG_001893,Kaggle_road_csv,0,October,Wednesday,Unknown,Truck,Unidentified,2,31-50,Unknown,Lane Violation,Dry,Daylight,0,0,1,Minor,Clear
1893,KAG_001894,Kaggle_road_csv,0,October,Saturday,Unknown,Truck,Unidentified,2,Unknown,18-30,No Distancing/Rear End,Dry,Daylight,0,0,1,Minor,Clear
1894,KAG_001895,Kaggle_road_csv,0,May,Saturday,Unknown,Truck,Unidentified,2,Over 51,18-30,Drunk/Drug Driving,Dry,Daylight,0,0,1,Minor,Clear
1895,KAG_001896,Kaggle_road_csv,0,October,Thursday,Unknown,Truck,Unidentified,2,18-30,31-50,Reckless Driving,Dry,Daylight,0,0,1,Minor,Clear
1896,KAG_001897,Kaggle_road_csv,0,October,Thursday,Unknown,Truck,Unidentified,3,18-30,Over 51,No Distancing/Rear End,Dry,Daylight,0,0,4,Minor,Clear
1897,KAG_001898,Kaggle_road_csv,0,October,Monday,Unknown,Truck,Unidentified,2,31-50,18-30,Loss of Control,Dry,Daylight,0,0,1,Minor,Clear
1898,KAG_001899,Kaggle_road_csv,0,April,Monday,Unknown,Truck,Unidentified,2,Under 18,Under 18,Lane Violation,Dry,Daylight,0,0,1,Minor,Clear
1899,KAG_001900,Kaggle_road_csv,0,April,Monday,Unknown,Truck,Unidentified,2,Over 51,Unknown,No Distancing/Rear End,Dry,Daylight,0,0,2,Minor,Clear
1900,KAG_001901,Kaggle_road_csv,0,April,Saturday,Unknown,Truck,Unidentified,3,Over 51,18-30,Lane Violation,Dry,Daylight,0,0,1,Minor,Clear
1901,KAG_001902,Kaggle_road_csv,0,April,Wednesday,Unknown,Truck,Unidentified,2,18-30,Unknown,Reckless Driving,Dry,Daylight,0,0,1,Minor,Clear
1902,KAG_001903,Kaggle_road_csv,0,May,Saturday,Unknown,Truck,Unidentified,1,Under 18,18-30,No Distancing/Rear End,Wet,Dark,0,0,2,Minor,Clear
1903,KAG_001904,Kaggle_road_csv,0,March,Thursday,Unknown,Truck,Unidentified,2,Unknown,Unknown,Reckless Driving,Dry,Daylight,0,0,1,Minor,Clear
1904,KAG_001905,Kaggle_road_csv,0,March,Tuesday,Unknown,Truck,Unidentified,2,18-30,Unknown,Lane Violation,Dry,Daylight,0,0,1,Minor,Clear
1905,KAG_001906,Kaggle_road_csv,0,March,Sunday,Unknown,Truck,Unidentified,2,18-30,18-30,No Distancing/Rear End,Dry,Daylight,0,0,3,Minor,Clear
1906,KAG_001907,Kaggle_road_csv,0,May,Thursday,Unknown,Truck,Unidentified,2,31-50,18-30,No Distancing/Rear End,Dry,Daylight,0,0,1,Minor,Clear
1907,KAG_001908,Kaggle_road_csv,0,October,Friday,Unknown,Truck,Unidentified,2,Over 51,18-30,Reckless Driving,Dry,Daylight,0,0,1,Minor,Clear
1908,KAG_001909,Kaggle_road_csv,0,April,Friday,Unknown,Truck,Unidentified,2,31-50,31-50,No Distancing/Rear End,Dry,Daylight,0,0,1,Minor,Clear
1909,KAG_001910,Kaggle_road_csv,0,October,Friday,Unknown,Truck,Unidentified,2,31-50,Unknown,Reckless Driving,Dry,Daylight,0,0,2,Minor,Clear
1910,KAG_001911,Kaggle_road_csv,0,March,Thursday,Unknown,Truck,Unidentified,2,Unknown,Unknown,Reckless Driving,Dry,Daylight,0,0,1,Minor,Clear
1911,KAG_001912,Kaggle_road_csv,0,May,Tuesday,Unknown,Truck,Unidentified,2,18-30,Unknown,No Distancing/Rear End,Dry,Daylight,0,0,1,Minor,Clear
1912,KAG_001913,Kaggle_road_csv,0,May,Friday,Unknown,Truck,Unidentified,2,Over 51,31-50,Reckless Driving,Dry,Daylight,0,0,1,Minor,Clear
1913,KAG_001914,Kaggle_road_csv,0,April,Saturday,Unknown,Truck,Unidentified,2,Unknown,Unknown,Drunk/Drug Driving,Dry,Daylight,0,0,2,Serious,Clear
1914,KAG_001915,Kaggle_road_csv,0,May,Saturday,Unknown,Truck,Unidentified,2,18-30,Unknown,Reckless Driving,Dry,Daylight,0,0,2,Serious,Clear
1915,KAG_001916,Kaggle_road_csv,0,March,Tuesday,Unknown,Truck,Unidentified,3,Over 51,Under 18,No Distancing/Rear End,Dry,Daylight,0,0,1,Minor,Clear
1916,KAG_001917,Kaggle_road_csv,0,March,Saturday,Unknown,Truck,Unidentified,2,31-50,Over 51,No Distancing/Rear End,Dry,Dark,0,0,1,Minor,Clear
1917,KAG_001918,Kaggle_road_csv,0,May,Friday,Unknown,Truck,Unidentified,2,Under 18,Under 18,No Distancing/Rear End,Dry,Daylight,0,0,1,Minor,Clear
1918,KAG_001919,Kaggle_road_csv,0,March,Sunday,Unknown,Truck,Unidentified,2,Over 51,31-50,No Distancing/Rear End,Dry,Dark,0,0,1,Minor,Clear
1919,KAG_001920,Kaggle_road_csv,0,October,Sunday,Unknown,Truck,Unidentified,2,18-30,18-30,Reckless Driving,Dry,Dark,0,0,1,Minor,Clear
1920,KAG_001921,Kaggle_road_csv,0,April,Thursday,Unknown,Truck,Unidentified,2,31-50,Unknown,Reckless Driving,Dry,Daylight,0,0,3,Minor,Clear
1921,KAG_001922,Kaggle_road_csv,0,April,Sunday,Unknown,Truck,Unidentified,4,18-30,18-30,Lane Violation,Dry,Daylight,0,0,1,Minor,Clear
1922,KAG_001923,Kaggle_road_csv,0,May,Thursday,Unknown,Truck,Unidentified,2,18-30,31-50,No Distancing/Rear End,Dry,Daylight,0,0,1,Minor,Clear
1923,KAG_001924,Kaggle_road_csv,0,March,Thursday,Unknown,Truck,Unidentified,2,18-30,Unknown,No Distancing/Rear End,Dry,Daylight,0,0,1,Minor,Clear
1924,KAG_001925,Kaggle_road_csv,0,April,Saturday,Unknown,Truck,Unidentified,4,18-30,Under 18,Lane Violation,Dry,Daylight,0,0,3,Serious,Clear
1925,KAG_001926,Kaggle_road_csv,0,April,Tuesday,Unknown,Truck,Unidentified,2,18-30,Unknown,No Distancing/Rear End,Wet,Daylight,0,0,1,Minor,Clear
1926,KAG_001927,Kaggle_road_csv,0,October,Tuesday,Unknown,Truck,Unidentified,2,31-50,31-50,Lane Violation,Wet,Daylight,0,0,1,Minor,Clear
1927,KAG_001928,Kaggle_road_csv,0,March,Thursday,Unknown,Truck,Unidentified,3,31-50,Unknown,Lane Violation,Dry,Daylight,0,0,1,Minor,Clear
1928,KAG_001929,Kaggle_road_csv,0,March,Saturday,Unknown,Truck,Unidentified,2,18-30,31-50,Lane Violation,Dry,Dark,0,0,4,Minor,Clear
1929,KAG_001930,Kaggle_road_csv,0,October,Friday,Unknown,Truck,Unidentified,4,Unknown,18-30,No Distancing/Rear End,Dry,Dark,0,0,1,Minor,Clear
1930,KAG_001931,Kaggle_road_csv,0,March,Saturday,Unknown,Truck,Unidentified,2,31-50,Over 51,Lane Violation,Dry,Daylight,0,0,1,Minor,Clear
1931,KAG_001932,Kaggle_road_csv,0,March,Saturday,Unknown,Truck,Unidentified,2,Over 51,Unknown,No Distancing/Rear End,Dry,Daylight,0,0,1,Minor,Clear
1932,KAG_001933,Kaggle_road_csv,0,March,Thursday,Unknown,Truck,Unidentified,2,Under 18,Unknown,Speeding,Dry,Dark,0,0,1,Minor,Clear
1933,KAG_001934,Kaggle_road_csv,0,March,Thursday,Unknown,Truck,Unidentified,1,18-30,18-30,Loss of Control,Dry,Daylight,0,0,1,Minor,Clear
1934,KAG_001935,Kaggle_road_csv,0,March,Wednesday,Unknown,Truck,Unidentified,2,18-30,31-50,No Distancing/Rear End,Dry,Daylight,0,0,1,Minor,Clear
1935,KAG_001936,Kaggle_road_csv,0,April,Saturday,Unknown,Truck,Unidentified,2,Unknown,31-50,Reckless Driving,Dry,Daylight,0,0,1,Minor,Clear
1936,KAG_001937,Kaggle_road_csv,0,March,Thursday,Unknown,Truck,Unidentified,2,18-30,Unknown,Lane Violation,Dry,Daylight,0,0,2,Minor,Clear
1937,KAG_001938,Kaggle_road_csv,0,October,Tuesday,Unknown,Truck,Unidentified,1,18-30,31-50,Lane Violation,Dry,Daylight,0,0,1,Minor,Clear
1938,KAG_001939,Kaggle_road_csv,0,May,Saturday,Unknown,Truck,Unidentified,1,31-50,18-30,No Distancing/Rear End,Dry,Dark,0,0,1,Minor,Clear
1939,KAG_001940,Kaggle_road_csv,0,May,Friday,Unknown,Truck,Unidentified,2,18-30,31-50,Lane Violation,Dry,Daylight,0,0,1,Minor,Clear
1940,KAG_001941,Kaggle_road_csv,0,March,Friday,Unknown,Truck,Unidentified,2,18-30,31-50,Speeding,Dry,Daylight,0,0,1,Minor,Clear
1941,KAG_001942,Kaggle_road_csv,0,March,Wednesday,Unknown,Truck,Unidentified,2,31-50,Unknown,Reckless Driving,Dry,Daylight,0,0,1,Minor,Clear
1942,KAG_001943,Kaggle_road_csv,0,July,Saturday,Unknown,Truck,Unidentified,2,31-50,Unknown,No Distancing/Rear End,Wet,Daylight,0,0,4,Minor,Rainy
1943,KAG_001944,Kaggle_road_csv,0,June,Saturday,Unknown,Truck,Unidentified,2,18-30,18-30,Speeding,Wet,Daylight,0,0,4,Minor,Rainy
1944,KAG_001945,Kaggle_road_csv,0,March,Sunday,Unknown,Truck,Unidentified,2,Over 51,18-30,Lane Violation,Dry,Dark,0,0,1,Minor,Clear
1945,KAG_001946,Kaggle_road_csv,0,July,Sunday,Unknown,Truck,Unidentified,2,31-50,31-50,No Distancing/Rear End,Wet,Daylight,0,0,1,Minor,Rainy
1946,KAG_001947,Kaggle_road_csv,0,March,Saturday,Unknown,Truck,Unidentified,2,18-30,Over 51,No Distancing/Rear End,Dry,Daylight,0,0,1,Minor,Clear
1947,KAG_001948,Kaggle_road_csv,0,April,Friday,Unknown,Truck,Unidentified,1,18-30,31-50,No Distancing/Rear End,Dry,Daylight,0,0,1,Minor,Clear
1948,KAG_001949,Kaggle_road_csv,0,October,Saturday,Unknown,Truck,Unidentified,2,31-50,18-30,Lane Violation,Dry,Daylight,0,0,3,Fatal,Clear
1949,KAG_001950,Kaggle_road_csv,0,March,Saturday,Unknown,Truck,Unidentified,2,31-50,Unknown,Loss of Control,Dry,Daylight,0,0,1,Minor,Clear
1950,KAG_001951,Kaggle_road_csv,0,October,Friday,Unknown,Truck,Unidentified,2,18-30,18-30,Lane Violation,Dry,Daylight,0,0,1,Minor,Clear
1951,KAG_001952,Kaggle_road_csv,0,April,Friday,Unknown,Truck,Unidentified,2,18-30,Unknown,No Distancing/Rear End,Dry,Daylight,0,0,1,Minor,Clear
1952,KAG_001953,Kaggle_road_csv,0,May,Sunday,Unknown,Truck,Unidentified,2,Over 51,Unknown,Loss of Control,Dry,Daylight,0,0,3,Minor,Clear
1953,KAG_001954,Kaggle_road_csv,0,March,Wednesday,Unknown,Truck,Unidentified,1,18-30,Unknown,No Distancing/Rear End,Dry,Daylight,0,0,1,Minor,Clear
1954,KAG_001955,Kaggle_road_csv,0,March,Monday,Unknown,Truck,Unidentified,3,18-30,18-30,Lane Violation,Dry,Dark,0,0,2,Minor,Clear
1955,KAG_001956,Kaggle_road_csv,0,October,Monday,Unknown,Truck,Unidentified,3,18-30,Under 18,No Distancing/Rear End,Dry,Dark,0,0,2,Minor,Clear
1956,KAG_001957,Kaggle_road_csv,0,May,Wednesday,Unknown,Truck,Unidentified,2,31-50,Unknown,Reckless Driving,Dry,Daylight,0,0,1,Minor,Clear
1957,KAG_001958,Kaggle_road_csv,0,October,Wednesday,Unknown,Truck,Unidentified,2,31-50,Unknown,Reckless Driving,Dry,Daylight,0,0,1,Minor,Clear
1958,KAG_001959,Kaggle_road_csv,0,May,Wednesday,Unknown,Truck,Unidentified,2,31-50,18-30,Lane Violation,Dry,Daylight,0,0,1,Minor,Clear
1959,KAG_001960,Kaggle_road_csv,0,April,Monday,Unknown,Truck,Unidentified,2,31-50,Unknown,Lane Violation,Dry,Daylight,0,0,1,Minor,Clear
1960,KAG_001961,Kaggle_road_csv,0,March,Wednesday,Unknown,Truck,Unidentified,2,18-30,Under 18,Reckless Driving,Dry,Daylight,0,0,1,Minor,Clear
1961,KAG_001962,Kaggle_road_csv,0,May,Wednesday,Unknown,Truck,Unidentified,2,18-30,Unknown,Reckless Driving,Dry,Daylight,0,0,2,Minor,Clear
1962,KAG_001963,Kaggle_road_csv,0,October,Monday,Unknown,Truck,Unidentified,1,18-30,Unknown,No Distancing/Rear End,Dry,Dark,0,0,1,Fatal,Clear
1963,KAG_001964,Kaggle_road_csv,0,April,Friday,Unknown,Truck,Unidentified,4,31-50,18-30,Drunk/Drug Driving,Dry,Dark,0,0,1,Minor,Clear
1964,KAG_001965,Kaggle_road_csv,0,March,Friday,Unknown,Truck,Unidentified,4,31-50,Unknown,No Distancing/Rear End,Dry,Dark,0,0,1,Minor,Clear
1965,KAG_001966,Kaggle_road_csv,0,May,Wednesday,Unknown,Truck,Unidentified,2,18-30,31-50,Lane Violation,Dry,Daylight,0,0,1,Minor,Clear
1966,KAG_001967,Kaggle_road_csv,0,August,Wednesday,Unknown,Truck,Unidentified,2,18-30,Unknown,Reckless Driving,Wet,Daylight,0,0,1,Minor,Rainy
1967,KAG_001968,Kaggle_road_csv,0,March,Friday,Unknown,Truck,Unidentified,2,31-50,Under 18,Lane Violation,Dry,Daylight,0,0,2,Serious,Clear
1968,KAG_001969,Kaggle_road_csv,0,April,Monday,Unknown,Truck,Unidentified,2,31-50,Unknown,No Distancing/Rear End,Dry,Daylight,0,0,1,Minor,Clear
1969,KAG_001970,Kaggle_road_csv,0,September,Friday,Unknown,Truck,Unidentified,2,18-30,31-50,No Distancing/Rear End,Wet,Daylight,0,0,2,Minor,Rainy
1970,KAG_001971,Kaggle_road_csv,0,August,Monday,Unknown,Truck,Unidentified,2,18-30,Unknown,Reckless Driving,Wet,Dark,0,0,3,Minor,Rainy
1971,KAG_001972,Kaggle_road_csv,0,May,Saturday,Unknown,Truck,Unidentified,2,Over 51,Unknown,No Distancing/Rear End,Dry,Daylight,0,0,4,Minor,Clear
1972,KAG_001973,Kaggle_road_csv,0,April,Wednesday,Unknown,Truck,Unidentified,3,Under 18,18-30,Lane Violation,Dry,Daylight,0,0,1,Minor,Clear
1973,KAG_001974,Kaggle_road_csv,0,March,Wednesday,Unknown,Truck,Unidentified,3,31-50,Over 51,No Distancing/Rear End,Dry,Daylight,0,0,1,Minor,Clear
1974,KAG_001975,Kaggle_road_csv,0,April,Wednesday,Unknown,Truck,Unidentified,3,Unknown,31-50,Lane Violation,Dry,Daylight,0,0,1,Minor,Clear
1975,KAG_001976,Kaggle_road_csv,0,May,Thursday,Unknown,Truck,Unidentified,2,31-50,Unknown,Lane Violation,Dry,Daylight,0,0,1,Minor,Clear
1976,KAG_001977,Kaggle_road_csv,0,October,Monday,Unknown,Truck,Unidentified,2,Unknown,18-30,Lane Violation,Wet,Daylight,0,0,1,Minor,Clear