,accident_id,source,year,month,day_of_week,state,vehicle_1,vehicle_2,vehicles_involved,party_age_group,victim_age_group,cause_of_accident,road_condition,lighting_condition,fatalities,injuries,casualties,severity,weather_group
1977,KAG_001978,Kaggle_road_csv,0,April,Monday,Unknown,Truck,Unidentified,2,31-50,31-50,Lane Violation,Wet,Daylight,0,0,1,Minor,Clear
1978,KAG_001979,Kaggle_road_csv,0,October,Tuesday,Unknown,Truck,Unidentified,2,31-50,Unknown,No Distancing/Rear End,Dry,Daylight,0,0,1,Minor,Clear
1979,KAG_001980,Kaggle_road_csv,0,June,Tuesday,Unknown,Truck,Unidentified,2,Under 18,Over 51,Lane Violation,Wet,Daylight,0,0,4,Minor,Rainy
1980,KAG_001981,Kaggle_road_csv,0,July,Friday,Unknown,Truck,Unidentified,2,Unknown,31-50,No Distancing/Rear End,Wet,Daylight,0,0,1,Minor,Rainy
1981,KAG_001982,Kaggle_road_csv,0,April,Thursday,Unknown,Truck,Unidentified,4,31-50,Unknown,Reckless Driving,Wet,Daylight,0,0,1,Minor,Clear
1982,KAG_001983,Kaggle_road_csv,0,October,Wednesday,Unknown,Truck,Unidentified,2,Under 18,Unknown,Lane Violation,Wet,Dark,0,0,1,Minor,Clear
1983,KAG_001984,Kaggle_road_csv,0,April,Wednesday,Unknown,Truck,Unidentified,2,31-50,Under 18,Lane Violation,Wet,Dark,0,0,1,Minor,Clear
1984,KAG_001985,Kaggle_road_csv,0,October,Monday,Unknown,Truck,Unidentified,2,18-30,Unknown,Drunk/Drug Driving,Wet,Daylight,0,0,1,Minor,Clear
1985,KAG_001986,Kaggle_road_csv,0,April,Saturday,Unknown,Truck,Unidentified,2,Unknown,Over 51,Reckless Driving,Dry,Daylight,0,0,3,Minor,Clear
1986,KAG_001987,Kaggle_road_csv,0,October,Saturday,Unknown,Truck,Unidentified,2,31-50,Unknown,Lane Violation,Dry,Daylight,0,0,3,Minor,Clear
1987,KAG_001988,Kaggle_road_csv,0,April,Saturday,Unknown,Truck,Unidentified,2,31-50,Unknown,No Distancing/Rear End,Dry,Daylight,0,0,3,Minor,Clear
1988,KAG_001989,Kaggle_road_csv,0,May,Friday,Unknown,Truck,Unidentified,3,31-50,31-50,Reckless Driving,Dry,Daylight,0,0,2,Minor,Clear
1989,KAG_001990,Kaggle_road_csv,0,October,Friday,Unknown,Truck,Unidentified,2,18-30,18-30,No Distancing/Rear End,Dry,Daylight,0,0,2,Minor,Clear
1990,KAG_001991,Kaggle_road_csv,0,October,Monday,Unknown,Truck,Unidentified,2,18-30,Unknown,Reckless Driving,Wet,Dark,0,0,1,Minor,Clear
1991,KAG_001992,Kaggle_road_csv,0,April,Wednesday,Unknown,Truck,Unidentified,2,18-30,Under 18,No Distancing/Rear End,Dry,Daylight,0,0,2,Serious,Clear
1992,KAG_001993,Kaggle_road_csv,0,March,Wednesday,Unknown,Truck,Unidentified,3,18-30,18-30,Reckless Driving,Dry,Daylight,0,0,3,Minor,Clear
1993,KAG_001994,Kaggle_road_csv,0,October,Wednesday,Unknown,Truck,Unidentified,2,18-30,Unknown,Reckless Driving,Dry,Dark,0,0,1,Serious,Clear
1994,KAG_001995,Kaggle_road_csv,0,March,Thursday,Unknown,Truck,Unidentified,2,18-30,18-30,No Distancing/Rear End,Dry,Daylight,0,0,1,Minor,Clear
1995,KAG_001996,Kaggle_road_csv,0,May,Tuesday,Unknown,Truck,Unidentified,2,31-50,18-30,Reckless Driving,Wet,Daylight,0,0,1,Minor,Clear
1996,KAG_001997,Kaggle_road_csv,0,October,Tuesday,Unknown,Truck,Unidentified,2,Over 51,18-30,Reckless Driving,Wet,Daylight,0,0,1,Minor,Clear
1997,KAG_001998,Kaggle_road_csv,0,August,Tuesday,Unknown,Truck,Unidentified,1,31-50,18-30,No Distancing/Rear End,Wet,Daylight,0,0,1,Minor,Rainy
1998,KAG_001999,Kaggle_road_csv,0,April,Thursday,Unknown,Truck,Unidentified,2,Unknown,18-30,Reckless Driving,Dry,Daylight,0,0,1,Serious,Clear
1999,KAG_002000,Kaggle_road_csv,0,August,Saturday,Unknown,Truck,Unidentified,1,Under 18,Unknown,No Distancing/Rear End,Wet,Dark,0,0,1,Minor,Rainy
2000,KAG_002001,Kaggle_road_csv,0,May,Wednesday,Unknown,Truck,Unidentified,2,Unknown,Unknown,Reckless Driving,Dry,Daylight,0,0,1,Minor,Clear
2001,KAG_002002,Kaggle_road_csv,0,April,Tuesday,Unknown,Truck,Unidentified,2,31-50,Unknown,Reckless Driving,Dry,Daylight,0,0,5,Minor,Clear
2002,KAG_002003,Kaggle_road_csv,0,March,Tuesday,Unknown,Truck,Unidentified,2,Unknown,31-50,Lane Violation,Dry,Daylight,0,0,2,Minor,Clear
2003,KAG_002004,Kaggle_road_csv,0,May,Tuesday,Unknown,Truck,Unidentified,2,18-30,31-50,No Distancing/Rear End,Dry,Daylight,0,0,2,Minor,Clear
2004,KAG_002005,Kaggle_road_csv,0,March,Wednesday,Unknown,Truck,Unidentified,2,Unknown,18-30,Drunk/Drug Driving,Wet,Daylight,0,0,2,Minor,Clear
2005,KAG_002006,Kaggle_road_csv,0,May,Thursday,Unknown,Truck,Unidentified,3,18-30,18-30,Drunk/Drug Driving,Dry,Daylight,0,0,2,Minor,Clear
2006,KAG_002007,Kaggle_road_csv,0,March,Thursday,Unknown,Truck,Unidentified,3,18-30,Unknown,Lane Violation,Dry,Daylight,0,0,2,Minor,Clear
2007,KAG_002008,Kaggle_road_csv,0,May,Monday,Unknown,Truck,Unidentified,2,18-30,Under 18,Lane Violation,Dry,Daylight,0,0,1,Minor,Clear
2008,KAG_002009,Kaggle_road_csv,0,April,Wednesday,Unknown,Truck,Unidentified,2,31-50,Unknown,Lane Violation,Dry,Daylight,0,0,1,Minor,Clear
2009,KAG_002010,Kaggle_road_csv,0,October,Saturday,Unknown,Truck,Unidentified,2,Under 18,18-30,Unknown/Other,Dry,Daylight,0,0,1,Minor,Clear
2010,KAG_002011,Kaggle_road_csv,0,March,Saturday,Unknown,Truck,Unidentified,2,Over 51,Unknown,Lane Violation,Dry,Daylight,0,0,3,Fatal,Clear
2011,KAG_002012,Kaggle_road_csv,0,March,Friday,Unknown,Truck,Unidentified,3,31-50,18-30,Reckless Driving,Dry,Daylight,0,0,3,Minor,Clear
2012,KAG_002013,Kaggle_road_csv,0,March,Friday,Unknown,Truck,Unidentified,3,31-50,Unknown,No Distancing/Rear End,Dry,Daylight,0,0,3,Minor,Clear
2013,KAG_002014,Kaggle_road_csv,0,March,Wednesday,Unknown,Truck,Unidentified,2,31-50,31-50,No Distancing/Rear End,Wet,Daylight,0,0,1,Minor,Clear
2014,KAG_002015,Kaggle_road_csv,0,March,Monday,Unknown,Truck,Unidentified,2,Under 18,Unknown,Loss of Control,Dry,Daylight,0,0,2,Minor,Clear
2015,KAG_002016,Kaggle_road_csv,0,April,Saturday,Unknown,Truck,Unidentified,2,18-30,Under 18,Unknown/Other,Dry,Dark,0,0,2,Serious,Clear
2016,KAG_002017,Kaggle_road_csv,0,March,Friday,Unknown,Truck,Unidentified,3,18-30,Over 51,Reckless Driving,Dry,Daylight,0,0,1,Minor,Clear
2017,KAG_002018,Kaggle_road_csv,0,March,Friday,Unknown,Truck,Unidentified,2,18-30,18-30,Unknown/Other,Dry,Daylight,0,0,1,Minor,Clear
2018,KAG_002019,Kaggle_road_csv,0,October,Saturday,Unknown,Truck,Unidentified,2,Unknown,18-30,Lane Violation,Dry,Dark,0,0,1,Serious,Clear
2019,KAG_002020,Kaggle_road_csv,0,May,Thursday,Unknown,Truck,Unidentified,1,18-30,Unknown,Lane Violation,Wet,Dark,0,0,1,Serious,Clear
2020,KAG_002021,Kaggle_road_csv,0,April,Friday,Unknown,Truck,Unidentified,2,Unknown,Unknown,Reckless Driving,Dry,Dark,0,0,1,Minor,Clear
2021,KAG_002022,Kaggle_road_csv,0,March,Friday,Unknown,Truck,Unidentified,1,31-50,Unknown,Reckless Driving,Dry,Daylight,0,0,1,Minor,Clear
2022,KAG_002023,Kaggle_road_csv,0,September,Monday,Unknown,Truck,Unidentified,2,Unknown,Under 18,Reckless Driving,Wet,Dark,0,0,2,Minor,Rainy
2023,KAG_002024,Kaggle_road_csv,0,August,Monday,Unknown,Truck,Unidentified,2,31-50,Over 51,Lane Violation,Wet,Dark,0,0,2,Minor,Rainy
2024,KAG_002025,Kaggle_road_csv,0,March,Monday,Unknown,Truck,Unidentified,2,31-50,Under 18,Lane Violation,Dry,Daylight,0,0,1,Minor,Clear
2025,KAG_002026,Kaggle_road_csv,0,March,Sunday,Unknown,Truck,Unidentified,2,31-50,Over 51,No Distancing/Rear End,Dry,Daylight,0,0,1,Minor,Clear
2026,KAG_002027,Kaggle_road_csv,0,August,Sunday,Unknown,Truck,Unidentified,2,18-30,18-30,Lane Violation,Wet,Daylight,0,0,3,Minor,Rainy
2027,KAG_002028,Kaggle_road_csv,0,August,Sunday,Unknown,Truck,Unidentified,2,Over 51,Unknown,No Distancing/Rear End,Wet,Daylight,0,0,3,Minor,Rainy
2028,KAG_002029,Kaggle_road_csv,0,August,Saturday,Unknown,Truck,Unidentified,2,Over 51,Unknown,Lane Violation,Wet,Daylight,0,0,1,Minor,Rainy
2029,KAG_002030,Kaggle_road_csv,0,April,Monday,Unknown,Truck,Unidentified,2,Under 18,Unknown,Loss of Control,Dry,Daylight,0,0,1,Minor,Clear
2030,KAG_002031,Kaggle_road_csv,0,October,Friday,Unknown,Truck,Unidentified,2,Over 51,Unknown,No Distancing/Rear End,Dry,Daylight,0,0,2,Minor,Clear
2031,KAG_002032,Kaggle_road_csv,0,March,Tuesday,Unknown,Truck,Unidentified,1,Under 18,Unknown,Reckless Driving,Dry,Daylight,0,0,1,Minor,Clear
2032,KAG_002033,Kaggle_road_csv,0,April,Saturday,Unknown,Truck,Unidentified,2,18-30,Unknown,Lane Violation,Dry,Daylight,0,0,1,Minor,Clear
2033,KAG_002034,Kaggle_road_csv,0,July,Friday,Unknown,Truck,Unidentified,3,Unknown,31-50,No Distancing/Rear End,Wet,Daylight,0,0,1,Minor,Rainy
2034,KAG_002035,Kaggle_road_csv,0,April,Friday,Unknown,Truck,Unidentified,2,18-30,31-50,Loss of Control,Dry,Dark,0,0,4,Minor,Clear
2035,KAG_002036,Kaggle_road_csv,0,October,Friday,Unknown,Truck,Unidentified,2,31-50,31-50,Lane Violation,Wet,Dark,0,0,1,Minor,Clear
2036,KAG_002037,Kaggle_road_csv,0,June,Thursday,Unknown,Truck,Unidentified,2,Over 51,18-30,Lane Violation,Wet,Daylight,0,0,1,Minor,Rainy
2037,KAG_002038,Kaggle_road_csv,0,March,Friday,Unknown,Truck,Unidentified,1,18-30,Under 18,Reckless Driving,Wet,Daylight,0,0,1,Minor,Clear
2038,KAG_002039,Kaggle_road_csv,0,April,Wednesday,Unknown,Truck,Unidentified,3,18-30,18-30,Lane Violation,Dry,Daylight,0,0,1,Serious,Clear
2039,KAG_002040,Kaggle_road_csv,0,May,Thursday,Unknown,Truck,Unidentified,2,31-50,Unknown,Lane Violation,Dry,Dark,0,0,1,Serious,Clear
2040,KAG_002041,Kaggle_road_csv,0,October,Saturday,Unknown,Truck,Unidentified,2,Under 18,31-50,Lane Violation,Dry,Daylight,0,0,1,Minor,Clear
2041,KAG_002042,Kaggle_road_csv,0,March,Friday,Unknown,Truck,Unidentified,3,Over 51,18-30,No Distancing/Rear End,Dry,Daylight,0,0,1,Minor,Clear
2042,KAG_002043,Kaggle_road_csv,0,April,Friday,Unknown,Truck,Unidentified,3,18-30,Unknown,Unknown/Other,Dry,Daylight,0,0,1,Minor,Clear
2043,KAG_002044,Kaggle_road_csv,0,July,Monday,Unknown,Truck,Unidentified,3,31-50,Under 18,Lane Violation,Wet,Daylight,0,0,5,Minor,Rainy
2044,KAG_002045,Kaggle_road_csv,0,March,Saturday,Unknown,Truck,Unidentified,2,31-50,31-50,No Distancing/Rear End,Wet,Dark,0,0,2,Minor,Clear
2045,KAG_002046,Kaggle_road_csv,0,October,Tuesday,Unknown,Truck,Unidentified,2,18-30,18-30,Unknown/Other,Dry,Dark,0,0,2,Minor,Clear
2046,KAG_002047,Kaggle_road_csv,0,April,Thursday,Unknown,Truck,Unidentified,2,31-50,18-30,Reckless Driving,Wet,Daylight,0,0,1,Minor,Clear
2047,KAG_002048,Kaggle_road_csv,0,October,Monday,Unknown,Truck,Unidentified,2,Under 18,Under 18,Reckless Driving,Wet,Dark,0,0,1,Minor,Clear
2048,KAG_002049,Kaggle_road_csv,0,October,Friday,Unknown,Truck,Unidentified,1,31-50,Unknown,Lane Violation,Wet,Dark,0,0,1,Minor,Clear
2049,KAG_002050,Kaggle_road_csv,0,April,Friday,Unknown,Truck,Unidentified,2,18-30,Over 51,Lane Violation,Dry,Dark,0,0,1,Minor,Clear
2050,KAG_002051,Kaggle_road_csv,0,June,Saturday,Unknown,Truck,Unidentified,2,Unknown,Over 51,Lane Violation,Wet,Daylight,0,0,1,Minor,Rainy
2051,KAG_002052,Kaggle_road_csv,0,August,Saturday,Unknown,Truck,Unidentified,2,18-30,Unknown,No Distancing/Rear End,Wet,Daylight,0,0,1,Minor,Rainy
2052,KAG_002053,Kaggle_road_csv,0,August,Monday,Unknown,Truck,Unidentified,2,Over 51,18-30,No Distancing/Rear End,Wet,Daylight,0,0,2,Minor,Rainy
2053,KAG_002054,Kaggle_road_csv,0,May,Wednesday,Unknown,Truck,Unidentified,2,18-30,31-50,No Distancing/Rear End,Dry,Dark,0,0,1,Minor,Clear
2054,KAG_002055,Kaggle_road_csv,0,October,Sunday,Unknown,Truck,Unidentified,2,31-50,Over 51,Lane Violation,Dry,Daylight,0,0,1,Minor,Clear
2055,KAG_002056,Kaggle_road_csv,0,May,Sunday,Unknown,Truck,Unidentified,2,31-50,18-30,Lane Violation,Dry,Daylight,0,0,1,Serious,Clear
2056,KAG_002057,Kaggle_road_csv,0,April,Sunday,Unknown,Truck,Unidentified,2,Under 18,31-50,Reckless Driving,Dry,Daylight,0,0,1,Serious,Clear
2057,KAG_002058,Kaggle_road_csv,0,June,Wednesday,Unknown,Truck,Unidentified,3,18-30,Unknown,Lane Violation,Dry,Daylight,0,0,2,Serious,Rainy
2058,KAG_002059,Kaggle_road_csv,0,October,Monday,Unknown,Truck,Unidentified,3,31-50,18-30,Lane Violation,Dry,Daylight,0,0,1,Serious,Clear
2059,KAG_002060,Kaggle_road_csv,0,October,Thursday,Unknown,Truck,Unidentified,2,Unknown,Unknown,No Distancing/Rear End,Dry,Daylight,0,0,1,Minor,Clear
2060,KAG_002061,Kaggle_road_csv,0,March,Friday,Unknown,Truck,Unidentified,2,31-50,Over 51,Lane Violation,Dry,Daylight,0,0,4,Minor,Clear
2061,KAG_002062,Kaggle_road_csv,0,March,Friday,Unknown,Truck,Unidentified,2,31-50,Unknown,Reckless Driving,Dry,Daylight,0,0,4,Minor,Clear
2062,KAG_002063,Kaggle_road_csv,0,March,Saturday,Unknown,Truck,Unidentified,2,Unknown,31-50,Lane Violation,Dry,Daylight,0,0,1,Minor,Clear
2063,KAG_002064,Kaggle_road_csv,0,March,Saturday,Unknown,Truck,Unidentified,2,31-50,Unknown,Lane Violation,Wet,Daylight,0,0,2,Minor,Clear
2064,KAG_002065,Kaggle_road_csv,0,March,Thursday,Unknown,Truck,Unidentified,2,31-50,18-30,Reckless Driving,Dry,Dark,0,0,1,Minor,Clear
2065,KAG_002066,Kaggle_road_csv,0,June,Monday,Unknown,Truck,Unidentified,2,Under 18,31-50,Loss of Control,Wet,Daylight,0,0,2,Minor,Rainy
2066,KAG_002067,Kaggle_road_csv,0,June,Monday,Unknown,Truck,Unidentified,2,Under 18,Unknown,No Distancing/Rear End,Wet,Daylight,0,0,2,Minor,Rainy
2067,KAG_002068,Kaggle_road_csv,0,September,Monday,Unknown,Truck,Unidentified,2,31-50,18-30,Reckless Driving,Wet,Daylight,0,0,2,Minor,Rainy
2068,KAG_002069,Kaggle_road_csv,0,March,Tuesday,Unknown,Truck,Unidentified,2,Unknown,31-50,Lane Violation,Dry,Daylight,0,0,1,Minor,Clear
2069,KAG_002070,Kaggle_road_csv,0,October,Saturday,Unknown,Truck,Unidentified,3,Over 51,Unknown,Lane Violation,Wet,Daylight,0,0,4,Minor,Clear
2070,KAG_002071,Kaggle_road_csv,0,March,Monday,Unknown,Truck,Unidentified,2,31-50,Unknown,Lane Violation,Dry,Daylight,0,0,1,Minor,Clear
2071,KAG_002072,Kaggle_road_csv,0,March,Sunday,Unknown,Truck,Unidentified,1,18-30,31-50,No Distancing/Rear End,Wet,Daylight,0,0,1,Minor,Clear
2072,KAG_002073,Kaggle_road_csv,0,May,Sunday,Unknown,Truck,Unidentified,2,Unknown,31-50,Lane Violation,Dry,Dark,0,0,1,Minor,Clear
2073,KAG_002074,Kaggle_road_csv,0,March,Friday,Unknown,Truck,Unidentified,1,Unknown,Over 51,Reckless Driving,Dry,Daylight,0,0,1,Minor,Clear
2074,KAG_002075,Kaggle_road_csv,0,March,Friday,Unknown,Truck,Unidentified,2,Unknown,Unknown,No Distancing/Rear End,Dry,Daylight,0,0,1,Minor,Clear
2075,KAG_002076,Kaggle_road_csv,0,April,Thursday,Unknown,Truck,Unidentified,3,31-50,Under 18,Lane Violation,Dry,Daylight,0,0,1,Minor,Clear
2076,KAG_002077,Kaggle_road_csv,0,March,Friday,Unknown,Truck,Unidentified,2,31-50,18-30,Lane Violation,Dry,Daylight,0,0,3,Minor,Clear
2077,KAG_002078,Kaggle_road_csv,0,April,Friday,Unknown,Truck,Unidentified,2,31-50,Unknown,Lane Violation,Dry,Dark,0,0,4,Minor,Clear
2078,KAG_002079,Kaggle_road_csv,0,May,Friday,Unknown,Truck,Unidentified,2,31-50,Unknown,No Distancing/Rear End,Dry,Daylight,0,0,1,Minor,Clear
2079,KAG_002080,Kaggle_road_csv,0,October,Monday,Unknown,Truck,Unidentified,2,18-30,18-30,Lane Violation,Dry,Daylight,0,0,1,Minor,Clear
2080,KAG_002081,Kaggle_road_csv,0,April,Monday,Unknown,Truck,Unidentified,2,Unknown,31-50,Reckless Driving,Dry,Daylight,0,0,1,Minor,Clear
2081,KAG_002082,Kaggle_road_csv,0,October,Sunday,Unknown,Truck,Unidentified,2,Unknown,31-50,Drunk/Drug Driving,Dry,Daylight,0,0,1,Minor,Clear
2082,KAG_002083,Kaggle_road_csv,0,May,Monday,Unknown,Truck,Unidentified,2,Under 18,18-30,No Distancing/Rear End,Dry,Daylight,0,0,2,Minor,Clear
2083,KAG_002084,Kaggle_road_csv,0,May,Monday,Unknown,Truck,Unidentified,2,18-30,31-50,Lane Violation,Dry,Daylight,0,0,2,Minor,Clear
2084,KAG_002085,Kaggle_road_csv,0,March,Monday,Unknown,Truck,Unidentified,3,Over 51,31-50,Drunk/Drug Driving,Dry,Daylight,0,0,1,Minor,Clear
2085,KAG_002086,Kaggle_road_csv,0,March,Wednesday,Unknown,Truck,Unidentified,3,Unknown,Unknown,Lane Violation,Dry,Daylight,0,0,3,Minor,Clear
2086,KAG_002087,Kaggle_road_csv,0,October,Wednesday,Unknown,Truck,Unidentified,2,18-30,Over 51,Lane Violation,Dry,Daylight,0,0,1,Minor,Clear
2087,KAG_002088,Kaggle_road_csv,0,May,Friday,Unknown,Truck,Unidentified,2,Unknown,Unknown,No Distancing/Rear End,Dry,Daylight,0,0,2,Minor,Clear
2088,KAG_002089,Kaggle_road_csv,0,May,Friday,Unknown,Truck,Unidentified,2,18-30,18-30,Reckless Driving,Dry,Daylight,0,0,2,Minor,Clear
2089,KAG_002090,Kaggle_road_csv,0,October,Friday,Unknown,Truck,Unidentified,2,18-30,18-30,Reckless Driving,Dry,Daylight,0,0,2,Minor,Clear
2090,KAG_002091,Kaggle_road_csv,0,October,Sunday,Unknown,Truck,Unidentified,2,31-50,31-50,No Distancing/Rear End,Dry,Daylight,0,0,1,Minor,Clear
2091,KAG_002092,Kaggle_road_csv,0,April,Monday,Unknown,Truck,Unidentified,2,Under 18,18-30,Reckless Driving,Dry,Daylight,0,0,6,Minor,Clear
2092,KAG_002093,Kaggle_road_csv,0,May,Monday,Unknown,Truck,Unidentified,2,Under 18,18-30,No Distancing/Rear End,Dry,Daylight,0,0,6,Minor,Clear
2093,KAG_002094,Kaggle_road_csv,0,May,Tuesday,Unknown,Truck,Unidentified,2,31-50,Unknown,No Distancing/Rear End,Dry,Daylight,0,0,2,Minor,Clear
2094,KAG_002095,Kaggle_road_csv,0,October,Monday,Unknown,Truck,Unidentified,2,Under 18,31-50,Lane Violation,Dry,Dark,0,0,1,Minor,Clear
2095,KAG_002096,Kaggle_road_csv,0,March,Saturday,Unknown,Truck,Unidentified,2,31-50,31-50,Lane Violation,Dry,Daylight,0,0,1,Minor,Clear
2096,KAG_002097,Kaggle_road_csv,0,May,Wednesday,Unknown,Truck,Unidentified,2,Unknown,31-50,Reckless Driving,Dry,Daylight,0,0,1,Minor,Clear
2097,KAG_002098,Kaggle_road_csv,0,May,Friday,Unknown,Truck,Unidentified,2,18-30,31-50,Lane Violation,Dry,Daylight,0,0,1,Minor,Clear
2098,KAG_002099,Kaggle_road_csv,0,October,Friday,Unknown,Truck,Unidentified,2,18-30,Under 18,Lane Violation,Dry,Dark,0,0,2,Minor,Clear
2099,KAG_002100,Kaggle_road_csv,0,May,Wednesday,Unknown,Truck,Unidentified,3,31-50,31-50,Lane Violation,Dry,Daylight,0,0,1,Minor,Clear
2100,KAG_002101,Kaggle_road_csv,0,March,Saturday,Unknown,Truck,Unidentified,2,31-50,Unknown,Reckless Driving,Dry,Daylight,0,0,2,Minor,Clear
2101,KAG_002102,Kaggle_road_csv,0,October,Wednesday,Unknown,Truck,Unidentified,2,Unknown,Unknown,Lane Violation,Dry,Daylight,0,0,1,Minor,Clear
2102,KAG_002103,Kaggle_road_csv,0,April,Monday,Unknown,Truck,Unidentified,2,31-50,Unknown,Reckless Driving,Wet,Daylight,0,0,2,Minor,Clear
2103,KAG_002104,Kaggle_road_csv,0,May,Wednesday,Unknown,Truck,Unidentified,4,Unknown,18-30,Reckless Driving,Dry,Daylight,0,0,5,Minor,Clear
2104,KAG_002105,Kaggle_road_csv,0,April,Wednesday,Unknown,Truck,Unidentified,4,Unknown,Under 18,No Distancing/Rear End,Dry,Daylight,0,0,5,Minor,Clear
2105,KAG_002106,Kaggle_road_csv,0,March,Wednesday,Unknown,Truck,Unidentified,4,Over 51,Under 18,No Distancing/Rear End,Dry,Daylight,0,0,5,Minor,Clear
2106,KAG_002107,Kaggle_road_csv,0,April,Tuesday,Unknown,Truck,Unidentified,2,Unknown,Unknown,No Distancing/Rear End,Dry,Daylight,0,0,1,Minor,Clear
2107,KAG_002108,Kaggle_road_csv,0,March,Tuesday,Unknown,Truck,Unidentified,2,18-30,18-30,Lane Violation,Dry,Daylight,0,0,1,Minor,Clear
2108,KAG_002109,Kaggle_road_csv,0,March,Thursday,Unknown,Truck,Unidentified,1,Over 51,Unknown,Lane Violation,Dry,Daylight,0,0,1,Minor,Clear
2109,KAG_002110,Kaggle_road_csv,0,October,Thursday,Unknown,Truck,Unidentified,3,18-30,Unknown,No Distancing/Rear End,Dry,Daylight,0,0,1,Minor,Clear
2110,KAG_002111,Kaggle_road_csv,0,October,Friday,Unknown,Truck,Unidentified,2,18-30,18-30,Lane Violation,Dry,Daylight,0,0,1,Minor,Clear
2111,KAG_002112,Kaggle_road_csv,0,April,Thursday,Unknown,Truck,Unidentified,2,31-50,Over 51,Reckless Driving,Dry,Daylight,0,0,3,Minor,Clear
2112,KAG_002113,Kaggle_road_csv,0,October,Thursday,Unknown,Truck,Unidentified,2,31-50,18-30,No Distancing/Rear End,Dry,Daylight,0,0,3,Minor,Clear
2113,KAG_002114,Kaggle_road_csv,0,May,Thursday,Unknown,Truck,Unidentified,2,Over 51,Over 51,No Distancing/Rear End,Dry,Daylight,0,0,1,Minor,Clear
2114,KAG_002115,Kaggle_road_csv,0,May,Sunday,Unknown,Truck,Unidentified,2,18-30,18-30,No Distancing/Rear End,Dry,Daylight,0,0,1,Minor,Clear
2115,KAG_002116,Kaggle_road_csv,0,March,Friday,Unknown,Truck,Unidentified,1,31-50,18-30,Lane Violation,Dry,Daylight,0,0,1,Minor,Clear
2116,KAG_002117,Kaggle_road_csv,0,April,Sunday,Unknown,Truck,Unidentified,2,Unknown,Over 51,No Distancing/Rear End,Dry,Dark,0,0,3,Minor,Clear
2117,KAG_002118,Kaggle_road_csv,0,October,Sunday,Unknown,Truck,Unidentified,2,31-50,Under 18,Lane Violation,Dry,Dark,0,0,3,Minor,Clear
2118,KAG_002119,Kaggle_road_csv,0,May,Friday,Unknown,Truck,Unidentified,1,31-50,18-30,No Distancing/Rear End,Dry,Daylight,0,0,1,Minor,Clear
2119,KAG_002120,Kaggle_road_csv,0,March,Friday,Unknown,Truck,Unidentified,2,Over 51,18-30,Lane Violation,Dry,Daylight,0,0,1,Minor,Clear
2120,KAG_002121,Kaggle_road_csv,0,October,Monday,Unknown,Truck,Unidentified,1,31-50,Unknown,Lane Violation,Dry,Daylight,0,0,1,Minor,Clear
2121,KAG_002122,Kaggle_road_csv,0,October,Monday,Unknown,Truck,Unidentified,3,Unknown,Unknown,No Distancing/Rear End,Dry,Daylight,0,0,1,Minor,Clear
2122,KAG_002123,Kaggle_road_csv,0,October,Monday,Unknown,Truck,Unidentified,3,18-30,31-50,Lane Violation,Dry,Daylight,0,0,1,Minor,Clear
2123,KAG_002124,Kaggle_road_csv,0,June,Saturday,Unknown,Truck,Unidentified,2,Over 51,18-30,Reckless Driving,Wet,Daylight,0,0,1,Minor,Rainy
2124,KAG_002125,Kaggle_road_csv,0,April,Monday,Unknown,Truck,Unidentified,1,31-50,Unknown,Loss of Control,Dry,Daylight,0,0,1,Minor,Clear
2125,KAG_002126,Kaggle_road_csv,0,May,Tuesday,Unknown,Truck,Unidentified,1,18-30,Under 18,No Distancing/Rear End,Dry,Daylight,0,0,1,Minor,Clear
2126,KAG_002127,Kaggle_road_csv,0,October,Monday,Unknown,Truck,Unidentified,3,31-50,18-30,Lane Violation,Wet,Daylight,0,0,1,Minor,Clear
2127,KAG_002128,Kaggle_road_csv,0,May,Saturday,Unknown,Truck,Unidentified,2,31-50,Unknown,Reckless Driving,Dry,Daylight,0,0,1,Minor,Clear
2128,KAG_002129,Kaggle_road_csv,0,March,Monday,Unknown,Truck,Unidentified,2,18-30,Under 18,Speeding,Dry,Daylight,0,0,2,Minor,Clear
2129,KAG_002130,Kaggle_road_csv,0,April,Saturday,Unknown,Truck,Unidentified,3,31-50,18-30,Speeding,Dry,Daylight,0,0,1,Serious,Clear
2130,KAG_002131,Kaggle_road_csv,0,May,Thursday,Unknown,Truck,Unidentified,2,18-30,Over 51,No Distancing/Rear End,Dry,Dark,0,0,1,Minor,Clear
2131,KAG_002132,Kaggle_road_csv,0,April,Thursday,Unknown,Truck,Unidentified,2,18-30,18-30,Reckless Driving,Dry,Dark,0,0,1,Minor,Clear
2132,KAG_002133,Kaggle_road_csv,0,May,Tuesday,Unknown,Truck,Unidentified,2,31-50,18-30,Lane Violation,Dry,Daylight,0,0,1,Minor,Clear
2133,KAG_002134,Kaggle_road_csv,0,April,Friday,Unknown,Truck,Unidentified,2,18-30,18-30,Reckless Driving,Dry,Daylight,0,0,2,Minor,Clear
2134,KAG_002135,Kaggle_road_csv,0,May,Wednesday,Unknown,Truck,Unidentified,2,31-50,Unknown,Reckless Driving,Dry,Daylight,0,0,1,Minor,Clear