,accident_id,source,year,month,day_of_week,state,vehicle_1,vehicle_2,vehicles_involved,party_age_group,victim_age_group,cause_of_accident,road_condition,lighting_condition,fatalities,injuries,casualties,severity,weather_group
2135,KAG_002136,Kaggle_road_csv,0,March,Saturday,Unknown,Truck,Unidentified,2,Over 51,Unknown,Lane Violation,Dry,Daylight,0,0,1,Minor,Clear
2136,KAG_002137,Kaggle_road_csv,0,October,Saturday,Unknown,Truck,Unidentified,2,Over 51,31-50,Lane Violation,Dry,Daylight,0,0,1,Minor,Clear
2137,KAG_002138,Kaggle_road_csv,0,March,Monday,Unknown,Truck,Unidentified,2,Over 51,Unknown,No Distancing/Rear End,Wet,Daylight,0,0,1,Minor,Clear
2138,KAG_002139,Kaggle_road_csv,0,April,Monday,Unknown,Truck,Unidentified,2,18-30,Over 51,Lane Violation,Dry,Daylight,0,0,1,Minor,Clear
2139,KAG_002140,Kaggle_road_csv,0,May,Monday,Unknown,Truck,Unidentified,2,31-50,18-30,Lane Violation,Dry,Daylight,0,0,1,Minor,Clear
2140,KAG_002141,Kaggle_road_csv,0,May,Wednesday,Unknown,Truck,Unidentified,2,18-30,18-30,Loss of Control,Dry,Daylight,0,0,1,Minor,Clear
2141,KAG_002142,Kaggle_road_csv,0,April,Wednesday,Unknown,Truck,Unidentified,2,18-30,Unknown,No Distancing/Rear End,Dry,Daylight,0,0,1,Minor,Clear
2142,KAG_002143,Kaggle_road_csv,0,March,Thursday,Unknown,Truck,Unidentified,2,18-30,31-50,Reckless Driving,Dry,Daylight,0,0,1,Minor,Clear
2143,KAG_002144,Kaggle_road_csv,0,October,Friday,Unknown,Truck,Unidentified,2,31-50,Under 18,Drunk/Drug Driving,Wet,Daylight,0,0,1,Minor,Clear
2144,KAG_002145,Kaggle_road_csv,0,September,Friday,Unknown,Truck,Unidentified,2,Unknown,Under 18,Reckless Driving,Wet,Daylight,0,0,2,Serious,Rainy
2145,KAG_002146,Kaggle_road_csv,0,March,Sunday,Unknown,Truck,Unidentified,2,18-30,18-30,Lane Violation,Dry,Dark,0,0,1,Minor,Clear
2146,KAG_002147,Kaggle_road_csv,0,April,Friday,Unknown,Truck,Unidentified,2,18-30,Unknown,No Distancing/Rear End,Dry,Daylight,0,0,1,Minor,Clear
2147,KAG_002148,Kaggle_road_csv,0,October,Friday,Unknown,Truck,Unidentified,2,18-30,31-50,No Distancing/Rear End,Dry,Daylight,0,0,1,Minor,Clear
2148,KAG_002149,Kaggle_road_csv,0,March,Saturday,Unknown,Truck,Unidentified,3,31-50,Unknown,Lane Violation,Dry,Daylight,0,0,2,Minor,Clear
2149,KAG_002150,Kaggle_road_csv,0,March,Saturday,Unknown,Truck,Unidentified,3,Unknown,18-30,No Distancing/Rear End,Dry,Daylight,0,0,2,Minor,Clear
2150,KAG_002151,Kaggle_road_csv,0,May,Tuesday,Unknown,Truck,Unidentified,1,31-50,31-50,Loss of Control,Dry,Daylight,0,0,1,Serious,Clear
2151,KAG_002152,Kaggle_road_csv,0,October,Friday,Unknown,Truck,Unidentified,1,31-50,18-30,Lane Violation,Dry,Daylight,0,0,1,Minor,Clear
2152,KAG_002153,Kaggle_road_csv,0,October,Wednesday,Unknown,Truck,Unidentified,2,Unknown,Unknown,Lane Violation,Dry,Daylight,0,0,1,Minor,Clear
2153,KAG_002154,Kaggle_road_csv,0,October,Wednesday,Unknown,Truck,Unidentified,2,Over 51,18-30,No Distancing/Rear End,Dry,Daylight,0,0,1,Minor,Clear
2154,KAG_002155,Kaggle_road_csv,0,April,Thursday,Unknown,Truck,Unidentified,3,18-30,Unknown,No Distancing/Rear End,Dry,Daylight,0,0,4,Minor,Clear
2155,KAG_002156,Kaggle_road_csv,0,March,Thursday,Unknown,Truck,Unidentified,3,18-30,31-50,Lane Violation,Dry,Daylight,0,0,4,Minor,Clear
2156,KAG_002157,Kaggle_road_csv,0,May,Saturday,Unknown,Truck,Unidentified,2,18-30,Unknown,No Distancing/Rear End,Dry,Dark,0,0,1,Minor,Clear
2157,KAG_002158,Kaggle_road_csv,0,April,Tuesday,Unknown,Truck,Unidentified,2,31-50,Unknown,Lane Violation,Dry,Daylight,0,0,1,Serious,Clear
2158,KAG_002159,Kaggle_road_csv,0,April,Tuesday,Unknown,Truck,Unidentified,2,Unknown,Unknown,Lane Violation,Dry,Daylight,0,0,1,Serious,Clear
2159,KAG_002160,Kaggle_road_csv,0,April,Friday,Unknown,Truck,Unidentified,2,Over 51,31-50,Reckless Driving,Dry,Daylight,0,0,1,Minor,Clear
2160,KAG_002161,Kaggle_road_csv,0,April,Sunday,Unknown,Truck,Unidentified,3,31-50,Unknown,Lane Violation,Dry,Dark,0,0,1,Minor,Clear
2161,KAG_002162,Kaggle_road_csv,0,April,Monday,Unknown,Truck,Unidentified,2,Unknown,Unknown,No Distancing/Rear End,Dry,Daylight,0,0,1,Minor,Clear
2162,KAG_002163,Kaggle_road_csv,0,April,Wednesday,Unknown,Truck,Unidentified,1,18-30,Unknown,No Distancing/Rear End,Wet,Dark,0,0,1,Minor,Clear
2163,KAG_002164,Kaggle_road_csv,0,September,Monday,Unknown,Truck,Unidentified,2,31-50,Unknown,Reckless Driving,Wet,Daylight,0,0,5,Minor,Rainy
2164,KAG_002165,Kaggle_road_csv,0,June,Monday,Unknown,Truck,Unidentified,2,18-30,Under 18,No Distancing/Rear End,Wet,Daylight,0,0,5,Minor,Rainy
2165,KAG_002166,Kaggle_road_csv,0,May,Friday,Unknown,Truck,Unidentified,2,31-50,Under 18,Reckless Driving,Dry,Daylight,0,0,1,Minor,Clear
2166,KAG_002167,Kaggle_road_csv,0,March,Friday,Unknown,Truck,Unidentified,2,18-30,Under 18,No Distancing/Rear End,Dry,Daylight,0,0,2,Minor,Clear
2167,KAG_002168,Kaggle_road_csv,0,April,Sunday,Unknown,Truck,Unidentified,2,31-50,18-30,Reckless Driving,Dry,Daylight,0,0,1,Minor,Clear
2168,KAG_002169,Kaggle_road_csv,0,May,Sunday,Unknown,Truck,Unidentified,2,Unknown,Under 18,No Distancing/Rear End,Dry,Daylight,0,0,1,Minor,Clear
2169,KAG_002170,Kaggle_road_csv,0,May,Friday,Unknown,Truck,Unidentified,2,18-30,Unknown,Lane Violation,Dry,Daylight,0,0,2,Minor,Clear
2170,KAG_002171,Kaggle_road_csv,0,May,Friday,Unknown,Truck,Unidentified,2,31-50,Over 51,No Distancing/Rear End,Dry,Dark,0,0,2,Minor,Clear
2171,KAG_002172,Kaggle_road_csv,0,May,Saturday,Unknown,Truck,Unidentified,2,31-50,Unknown,No Distancing/Rear End,Dry,Daylight,0,0,1,Minor,Clear
2172,KAG_002173,Kaggle_road_csv,0,May,Sunday,Unknown,Truck,Unidentified,2,31-50,18-30,Lane Violation,Dry,Daylight,0,0,2,Minor,Clear
2173,KAG_002174,Kaggle_road_csv,0,March,Wednesday,Unknown,Truck,Unidentified,2,Unknown,18-30,No Distancing/Rear End,Dry,Daylight,0,0,1,Minor,Clear
2174,KAG_002175,Kaggle_road_csv,0,October,Wednesday,Unknown,Truck,Unidentified,3,18-30,18-30,No Distancing/Rear End,Dry,Daylight,0,0,2,Minor,Clear
2175,KAG_002176,Kaggle_road_csv,0,October,Friday,Unknown,Truck,Unidentified,1,Unknown,Over 51,Reckless Driving,Dry,Dark,0,0,1,Minor,Clear
2176,KAG_002177,Kaggle_road_csv,0,May,Wednesday,Unknown,Truck,Unidentified,2,31-50,Unknown,Reckless Driving,Wet,Dark,0,0,1,Minor,Clear
2177,KAG_002178,Kaggle_road_csv,0,September,Monday,Unknown,Truck,Unidentified,2,18-30,18-30,No Distancing/Rear End,Wet,Daylight,0,0,1,Minor,Rainy
2178,KAG_002179,Kaggle_road_csv,0,July,Tuesday,Unknown,Truck,Unidentified,1,Unknown,31-50,Lane Violation,Wet,Dark,0,0,1,Serious,Rainy
2179,KAG_002180,Kaggle_road_csv,0,March,Wednesday,Unknown,Truck,Unidentified,2,Unknown,Unknown,No Distancing/Rear End,Dry,Daylight,0,0,1,Minor,Clear
2180,KAG_002181,Kaggle_road_csv,0,October,Saturday,Unknown,Truck,Unidentified,2,31-50,Unknown,No Distancing/Rear End,Dry,Dark,0,0,2,Serious,Clear
2181,KAG_002182,Kaggle_road_csv,0,March,Tuesday,Unknown,Truck,Unidentified,2,18-30,Unknown,No Distancing/Rear End,Dry,Daylight,0,0,2,Minor,Clear
2182,KAG_002183,Kaggle_road_csv,0,March,Monday,Unknown,Truck,Unidentified,1,31-50,18-30,Loss of Control,Wet,Dark,0,0,1,Minor,Clear
2183,KAG_002184,Kaggle_road_csv,0,June,Friday,Unknown,Truck,Unidentified,1,18-30,Unknown,Reckless Driving,Wet,Dark,0,0,1,Minor,Rainy
2184,KAG_002185,Kaggle_road_csv,0,March,Wednesday,Unknown,Truck,Unidentified,4,31-50,Unknown,No Distancing/Rear End,Dry,Daylight,0,0,2,Minor,Clear
2185,KAG_002186,Kaggle_road_csv,0,July,Wednesday,Unknown,Truck,Unidentified,2,31-50,Under 18,Reckless Driving,Wet,Daylight,0,0,1,Minor,Rainy
2186,KAG_002187,Kaggle_road_csv,0,April,Sunday,Unknown,Truck,Unidentified,2,18-30,31-50,Reckless Driving,Wet,Daylight,0,0,1,Minor,Clear
2187,KAG_002188,Kaggle_road_csv,0,April,Wednesday,Unknown,Truck,Unidentified,2,31-50,31-50,Lane Violation,Wet,Daylight,0,0,1,Serious,Clear
2188,KAG_002189,Kaggle_road_csv,0,April,Saturday,Unknown,Truck,Unidentified,2,18-30,Over 51,No Distancing/Rear End,Dry,Dark,0,0,3,Minor,Clear
2189,KAG_002190,Kaggle_road_csv,0,April,Saturday,Unknown,Truck,Unidentified,2,18-30,Unknown,No Distancing/Rear End,Dry,Dark,0,0,3,Minor,Clear
2190,KAG_002191,Kaggle_road_csv,0,May,Saturday,Unknown,Truck,Unidentified,1,31-50,Unknown,No Distancing/Rear End,Wet,Dark,0,0,1,Serious,Clear
2191,KAG_002192,Kaggle_road_csv,0,May,Wednesday,Unknown,Truck,Unidentified,3,31-50,Unknown,Reckless Driving,Wet,Dark,0,0,1,Serious,Clear
2192,KAG_002193,Kaggle_road_csv,0,March,Thursday,Unknown,Truck,Unidentified,2,Unknown,Unknown,Lane Violation,Wet,Dark,0,0,1,Minor,Clear
2193,KAG_002194,Kaggle_road_csv,0,October,Wednesday,Unknown,Truck,Unidentified,1,Under 18,Unknown,Lane Violation,Wet,Daylight,0,0,1,Minor,Clear
2194,KAG_002195,Kaggle_road_csv,0,April,Wednesday,Unknown,Truck,Unidentified,2,Over 51,Unknown,Drunk/Drug Driving,Dry,Daylight,0,0,1,Minor,Clear
2195,KAG_002196,Kaggle_road_csv,0,October,Tuesday,Unknown,Truck,Unidentified,1,Under 18,Unknown,Lane Violation,Wet,Dark,0,0,2,Minor,Clear
2196,KAG_002197,Kaggle_road_csv,0,September,Monday,Unknown,Truck,Unidentified,1,Over 51,Under 18,Reckless Driving,Wet,Daylight,0,0,3,Minor,Rainy
2197,KAG_002198,Kaggle_road_csv,0,April,Tuesday,Unknown,Truck,Unidentified,2,31-50,Unknown,No Distancing/Rear End,Dry,Daylight,0,0,1,Serious,Clear
2198,KAG_002199,Kaggle_road_csv,0,October,Tuesday,Unknown,Truck,Unidentified,2,31-50,Unknown,Lane Violation,Dry,Daylight,0,0,1,Serious,Clear
2199,KAG_002200,Kaggle_road_csv,0,May,Wednesday,Unknown,Truck,Unidentified,2,18-30,18-30,Loss of Control,Dry,Dark,0,0,1,Minor,Clear
2200,KAG_002201,Kaggle_road_csv,0,February,Thursday,Unknown,Truck,Unidentified,2,Unknown,Unknown,Unknown/Other,Wet,Daylight,0,0,5,Minor,Cold
2201,KAG_002202,Kaggle_road_csv,0,February,Thursday,Unknown,Truck,Unidentified,2,18-30,Over 51,Reckless Driving,Wet,Daylight,0,0,5,Minor,Cold
2202,KAG_002203,Kaggle_road_csv,0,March,Friday,Unknown,Truck,Unidentified,2,18-30,18-30,Lane Violation,Dry,Daylight,0,0,1,Minor,Clear
2203,KAG_002204,Kaggle_road_csv,0,April,Sunday,Unknown,Truck,Unidentified,2,31-50,Unknown,Lane Violation,Wet,Dark,0,0,1,Minor,Clear
2204,KAG_002205,Kaggle_road_csv,0,May,Sunday,Unknown,Truck,Unidentified,2,18-30,31-50,Lane Violation,Wet,Dark,0,0,1,Minor,Clear
2205,KAG_002206,Kaggle_road_csv,0,March,Tuesday,Unknown,Truck,Unidentified,2,Over 51,Unknown,Unknown/Other,Dry,Daylight,0,0,1,Minor,Clear
2206,KAG_002207,Kaggle_road_csv,0,May,Monday,Unknown,Truck,Unidentified,1,Under 18,Unknown,No Distancing/Rear End,Wet,Dark,0,0,2,Minor,Clear
2207,KAG_002208,Kaggle_road_csv,0,July,Thursday,Unknown,Truck,Unidentified,3,18-30,Under 18,Reckless Driving,Wet,Dark,0,0,1,Serious,Rainy
2208,KAG_002209,Kaggle_road_csv,0,May,Tuesday,Unknown,Truck,Unidentified,2,18-30,18-30,Loss of Control,Dry,Daylight,0,0,1,Minor,Clear
2209,KAG_002210,Kaggle_road_csv,0,March,Tuesday,Unknown,Truck,Unidentified,2,31-50,Unknown,Unknown/Other,Dry,Daylight,0,0,1,Minor,Clear
2210,KAG_002211,Kaggle_road_csv,0,March,Sunday,Unknown,Truck,Unidentified,2,31-50,Unknown,Reckless Driving,Dry,Dark,0,0,1,Minor,Clear
2211,KAG_002212,Kaggle_road_csv,0,October,Saturday,Unknown,Truck,Unidentified,3,31-50,Over 51,No Distancing/Rear End,Dry,Daylight,0,0,1,Minor,Clear
2212,KAG_002213,Kaggle_road_csv,0,October,Saturday,Unknown,Truck,Unidentified,3,31-50,Unknown,Lane Violation,Dry,Daylight,0,0,1,Minor,Clear
2213,KAG_002214,Kaggle_road_csv,0,May,Monday,Unknown,Truck,Unidentified,2,31-50,18-30,Reckless Driving,Dry,Daylight,0,0,1,Minor,Clear
2214,KAG_002215,Kaggle_road_csv,0,October,Thursday,Unknown,Truck,Unidentified,2,31-50,Unknown,Reckless Driving,Dry,Dark,0,0,1,Minor,Clear
2215,KAG_002216,Kaggle_road_csv,0,May,Wednesday,Unknown,Truck,Unidentified,3,31-50,18-30,Reckless Driving,Dry,Daylight,0,0,1,Minor,Clear
2216,KAG_002217,Kaggle_road_csv,0,June,Monday,Unknown,Truck,Unidentified,2,31-50,Unknown,Reckless Driving,Wet,Daylight,0,0,1,Minor,Rainy
2217,KAG_002218,Kaggle_road_csv,0,October,Wednesday,Unknown,Truck,Unidentified,2,18-30,Unknown,Reckless Driving,Dry,Daylight,0,0,3,Minor,Clear
2218,KAG_002219,Kaggle_road_csv,0,October,Wednesday,Unknown,Truck,Unidentified,2,31-50,31-50,Speeding,Dry,Daylight,0,0,1,Minor,Clear
2219,KAG_002220,Kaggle_road_csv,0,March,Sunday,Unknown,Truck,Unidentified,1,18-30,31-50,No Distancing/Rear End,Dry,Daylight,0,0,1,Serious,Clear
2220,KAG_002221,Kaggle_road_csv,0,October,Thursday,Unknown,Truck,Unidentified,2,18-30,31-50,Speeding,Dry,Daylight,0,0,1,Minor,Clear
2221,KAG_002222,Kaggle_road_csv,0,March,Thursday,Unknown,Truck,Unidentified,2,18-30,Unknown,Unknown/Other,Dry,Daylight,0,0,1,Minor,Clear
2222,KAG_002223,Kaggle_road_csv,0,March,Monday,Unknown,Truck,Unidentified,2,18-30,Unknown,Reckless Driving,Dry,Daylight,0,0,1,Minor,Clear
2223,KAG_002224,Kaggle_road_csv,0,May,Wednesday,Unknown,Truck,Unidentified,2,18-30,Under 18,Reckless Driving,Dry,Dark,0,0,1,Minor,Clear
2224,KAG_002225,Kaggle_road_csv,0,May,Wednesday,Unknown,Truck,Unidentified,2,Under 18,18-30,No Distancing/Rear End,Dry,Dark,0,0,1,Minor,Clear
2225,KAG_002226,Kaggle_road_csv,0,October,Wednesday,Unknown,Truck,Unidentified,2,31-50,Under 18,Lane Violation,Wet,Daylight,0,0,1,Minor,Clear
2226,KAG_002227,Kaggle_road_csv,0,May,Saturday,Unknown,Truck,Unidentified,2,31-50,18-30,Reckless Driving,Dry,Dark,0,0,1,Serious,Clear
2227,KAG_002228,Kaggle_road_csv,0,March,Thursday,Unknown,Truck,Unidentified,1,18-30,18-30,No Distancing/Rear End,Dry,Daylight,0,0,1,Minor,Clear
2228,KAG_002229,Kaggle_road_csv,0,October,Monday,Unknown,Truck,Unidentified,2,31-50,Under 18,Unknown/Other,Dry,Daylight,0,0,1,Minor,Clear
2229,KAG_002230,Kaggle_road_csv,0,October,Thursday,Unknown,Truck,Unidentified,2,31-50,Unknown,Reckless Driving,Dry,Daylight,0,0,1,Minor,Clear
2230,KAG_002231,Kaggle_road_csv,0,October,Monday,Unknown,Truck,Unidentified,4,18-30,Over 51,Lane Violation,Dry,Daylight,0,0,1,Minor,Clear
2231,KAG_002232,Kaggle_road_csv,0,May,Sunday,Unknown,Truck,Unidentified,2,31-50,Unknown,Unknown/Other,Dry,Daylight,0,0,1,Minor,Clear
2232,KAG_002233,Kaggle_road_csv,0,October,Sunday,Unknown,Truck,Unidentified,2,31-50,18-30,No Distancing/Rear End,Dry,Daylight,0,0,1,Minor,Clear
2233,KAG_002234,Kaggle_road_csv,0,October,Tuesday,Unknown,Truck,Unidentified,2,18-30,18-30,Reckless Driving,Dry,Daylight,0,0,1,Minor,Clear
2234,KAG_002235,Kaggle_road_csv,0,March,Saturday,Unknown,Truck,Unidentified,2,18-30,18-30,No Distancing/Rear End,Dry,Daylight,0,0,2,Minor,Clear
2235,KAG_002236,Kaggle_road_csv,0,March,Sunday,Unknown,Truck,Unidentified,3,18-30,Under 18,Reckless Driving,Dry,Daylight,0,0,1,Minor,Clear
2236,KAG_002237,Kaggle_road_csv,0,October,Wednesday,Unknown,Truck,Unidentified,1,18-30,31-50,Lane Violation,Dry,Dark,0,0,2,Serious,Clear
2237,KAG_002238,Kaggle_road_csv,0,October,Wednesday,Unknown,Truck,Unidentified,2,Over 51,Unknown,Lane Violation,Dry,Daylight,0,0,1,Minor,Clear
2238,KAG_002239,Kaggle_road_csv,0,April,Thursday,Unknown,Truck,Unidentified,3,18-30,31-50,Lane Violation,Dry,Daylight,0,0,2,Minor,Clear
2239,KAG_002240,Kaggle_road_csv,0,March,Thursday,Unknown,Truck,Unidentified,3,31-50,Unknown,Reckless Driving,Dry,Daylight,0,0,2,Minor,Clear
2240,KAG_002241,Kaggle_road_csv,0,March,Friday,Unknown,Truck,Unidentified,4,Over 51,31-50,Lane Violation,Dry,Daylight,0,0,4,Minor,Clear
2241,KAG_002242,Kaggle_road_csv,0,April,Saturday,Unknown,Truck,Unidentified,1,31-50,18-30,Reckless Driving,Dry,Daylight,0,0,1,Minor,Clear
2242,KAG_002243,Kaggle_road_csv,0,October,Friday,Unknown,Truck,Unidentified,3,31-50,18-30,Lane Violation,Dry,Daylight,0,0,1,Minor,Clear
2243,KAG_002244,Kaggle_road_csv,0,April,Tuesday,Unknown,Truck,Unidentified,2,Over 51,Unknown,Reckless Driving,Dry,Daylight,0,0,1,Minor,Clear
2244,KAG_002245,Kaggle_road_csv,0,October,Sunday,Unknown,Truck,Unidentified,2,31-50,Unknown,Reckless Driving,Dry,Dark,0,0,1,Serious,Clear
2245,KAG_002246,Kaggle_road_csv,0,March,Wednesday,Unknown,Truck,Unidentified,2,31-50,Under 18,Reckless Driving,Dry,Daylight,0,0,2,Serious,Clear
2246,KAG_002247,Kaggle_road_csv,0,April,Wednesday,Unknown,Truck,Unidentified,2,Under 18,Unknown,Reckless Driving,Dry,Daylight,0,0,1,Minor,Clear
2247,KAG_002248,Kaggle_road_csv,0,May,Saturday,Unknown,Truck,Unidentified,2,18-30,Unknown,Reckless Driving,Dry,Daylight,0,0,2,Minor,Clear
2248,KAG_002249,Kaggle_road_csv,0,March,Monday,Unknown,Truck,Unidentified,2,18-30,Unknown,Reckless Driving,Dry,Daylight,0,0,1,Minor,Clear
2249,KAG_002250,Kaggle_road_csv,0,October,Monday,Unknown,Truck,Unidentified,2,18-30,31-50,Lane Violation,Dry,Daylight,0,0,1,Minor,Clear
2250,KAG_002251,Kaggle_road_csv,0,October,Sunday,Unknown,Truck,Unidentified,2,Under 18,Unknown,No Distancing/Rear End,Dry,Daylight,0,0,1,Minor,Clear
2251,KAG_002252,Kaggle_road_csv,0,May,Sunday,Unknown,Truck,Unidentified,2,18-30,Unknown,Lane Violation,Dry,Daylight,0,0,2,Minor,Clear
2252,KAG_002253,Kaggle_road_csv,0,May,Thursday,Unknown,Truck,Unidentified,1,31-50,18-30,Lane Violation,Dry,Daylight,0,0,1,Serious,Clear
2253,KAG_002254,Kaggle_road_csv,0,March,Thursday,Unknown,Truck,Unidentified,2,18-30,18-30,No Distancing/Rear End,Dry,Daylight,0,0,1,Minor,Clear
2254,KAG_002255,Kaggle_road_csv,0,May,Friday,Unknown,Truck,Unidentified,2,Over 51,Unknown,Reckless Driving,Dry,Daylight,0,0,1,Minor,Clear
2255,KAG_002256,Kaggle_road_csv,0,March,Friday,Unknown,Truck,Unidentified,2,31-50,18-30,No Distancing/Rear End,Dry,Daylight,0,0,1,Serious,Clear
2256,KAG_002257,Kaggle_road_csv,0,March,Sunday,Unknown,Truck,Unidentified,2,18-30,Under 18,No Distancing/Rear End,Dry,Daylight,0,0,1,Minor,Clear
2257,KAG_002258,Kaggle_road_csv,0,April,Thursday,Unknown,Truck,Unidentified,2,18-30,18-30,Reckless Driving,Dry,Daylight,0,0,1,Minor,Clear
2258,KAG_002259,Kaggle_road_csv,0,October,Tuesday,Unknown,Truck,Unidentified,3,18-30,Over 51,Reckless Driving,Dry,Dark,0,0,1,Minor,Clear
2259,KAG_002260,Kaggle_road_csv,0,May,Monday,Unknown,Truck,Unidentified,2,18-30,31-50,Reckless Driving,Dry,Daylight,0,0,1,Minor,Clear
2260,KAG_002261,Kaggle_road_csv,0,March,Thursday,Unknown,Truck,Unidentified,2,18-30,31-50,Lane Violation,Dry,Daylight,0,0,1,Minor,Clear
2261,KAG_002262,Kaggle_road_csv,0,April,Thursday,Unknown,Truck,Unidentified,2,Over 51,18-30,Reckless Driving,Dry,Dark,0,0,2,Minor,Clear
2262,KAG_002263,Kaggle_road_csv,0,April,Thursday,Unknown,Truck,Unidentified,2,31-50,Over 51,Lane Violation,Dry,Dark,0,0,2,Minor,Clear
2263,KAG_002264,Kaggle_road_csv,0,October,Tuesday,Unknown,Truck,Unidentified,3,18-30,18-30,No Distancing/Rear End,Dry,Dark,0,0,1,Minor,Clear
2264,KAG_002265,Kaggle_road_csv,0,April,Monday,Unknown,Truck,Unidentified,2,Over 51,Over 51,No Distancing/Rear End,Dry,Daylight,0,0,1,Minor,Clear
2265,KAG_002266,Kaggle_road_csv,0,October,Tuesday,Unknown,Truck,Unidentified,2,Unknown,Under 18,Lane Violation,Dry,Dark,0,0,1,Serious,Clear
2266,KAG_002267,Kaggle_road_csv,0,March,Friday,Unknown,Truck,Unidentified,2,18-30,31-50,Loss of Control,Dry,Dark,0,0,1,Serious,Clear
2267,KAG_002268,Kaggle_road_csv,0,March,Thursday,Unknown,Truck,Unidentified,2,31-50,18-30,Unknown/Other,Dry,Daylight,0,0,2,Minor,Clear
2268,KAG_002269,Kaggle_road_csv,0,April,Monday,Unknown,Truck,Unidentified,1,Unknown,Unknown,Lane Violation,Dry,Dark,0,0,1,Minor,Clear
2269,KAG_002270,Kaggle_road_csv,0,May,Thursday,Unknown,Truck,Unidentified,2,Under 18,18-30,Lane Violation,Dry,Daylight,0,0,2,Minor,Clear
2270,KAG_002271,Kaggle_road_csv,0,March,Thursday,Unknown,Truck,Unidentified,2,18-30,Unknown,Lane Violation,Dry,Daylight,0,0,1,Minor,Clear
2271,KAG_002272,Kaggle_road_csv,0,June,Friday,Unknown,Truck,Unidentified,2,18-30,Unknown,Lane Violation,Wet,Daylight,0,0,1,Minor,Rainy
2272,KAG_002273,Kaggle_road_csv,0,July,Friday,Unknown,Truck,Unidentified,3,18-30,31-50,Unknown/Other,Wet,Daylight,0,0,1,Minor,Rainy
2273,KAG_002274,Kaggle_road_csv,0,October,Wednesday,Unknown,Truck,Unidentified,2,18-30,Unknown,Lane Violation,Wet,Dark,0,0,1,Minor,Clear
2274,KAG_002275,Kaggle_road_csv,0,July,Wednesday,Unknown,Truck,Unidentified,2,31-50,Unknown,Lane Violation,Wet,Daylight,0,0,1,Minor,Rainy
2275,KAG_002276,Kaggle_road_csv,0,July,Wednesday,Unknown,Truck,Unidentified,2,31-50,31-50,Reckless Driving,Wet,Daylight,0,0,1,Minor,Rainy
2276,KAG_002277,Kaggle_road_csv,0,July,Wednesday,Unknown,Truck,Unidentified,2,31-50,18-30,Reckless Driving,Wet,Dark,0,0,1,Minor,Rainy
2277,KAG_002278,Kaggle_road_csv,0,March,Sunday,Unknown,Truck,Unidentified,2,31-50,Unknown,Reckless Driving,Dry,Daylight,0,0,1,Minor,Clear
2278,KAG_002279,Kaggle_road_csv,0,April,Sunday,Unknown,Truck,Unidentified,2,Over 51,Under 18,Reckless Driving,Dry,Daylight,0,0,1,Minor,Clear
2279,KAG_002280,Kaggle_road_csv,0,June,Tuesday,Unknown,Truck,Unidentified,1,31-50,Unknown,Lane Violation,Wet,Dark,0,0,1,Minor,Rainy
2280,KAG_002281,Kaggle_road_csv,0,October,Saturday,Unknown,Truck,Unidentified,2,18-30,18-30,Lane Violation,Dry,Daylight,0,0,2,Minor,Clear
2281,KAG_002282,Kaggle_road_csv,0,May,Friday,Unknown,Truck,Unidentified,2,31-50,Unknown,Lane Violation,Dry,Daylight,0,0,1,Minor,Clear
2282,KAG_002283,Kaggle_road_csv,0,May,Tuesday,Unknown,Truck,Unidentified,2,18-30,18-30,No Distancing/Rear End,Dry,Dark,0,0,1,Minor,Clear
2283,KAG_002284,Kaggle_road_csv,0,May,Tuesday,Unknown,Truck,Unidentified,2,Over 51,31-50,No Distancing/Rear End,Dry,Daylight,0,0,1,Minor,Clear
2284,KAG_002285,Kaggle_road_csv,0,October,Monday,Unknown,Truck,Unidentified,2,31-50,31-50,Reckless Driving,Wet,Dark,0,0,1,Minor,Clear
2285,KAG_002286,Kaggle_road_csv,0,May,Monday,Unknown,Truck,Unidentified,1,Over 51,Unknown,Lane Violation,Wet,Daylight,0,0,2,Minor,Clear
2286,KAG_002287,Kaggle_road_csv,0,March,Saturday,Unknown,Truck,Unidentified,2,18-30,Unknown,Reckless Driving,Wet,Dark,0,0,1,Minor,Clear
2287,KAG_002288,Kaggle_road_csv,0,March,Monday,Unknown,Truck,Unidentified,1,Over 51,Over 51,No Distancing/Rear End,Dry,Daylight,0,0,1,Serious,Clear
2288,KAG_002289,Kaggle_road_csv,0,May,Saturday,Unknown,Truck,Unidentified,3,31-50,31-50,No Distancing/Rear End,Wet,Daylight,0,0,6,Minor,Clear
2289,KAG_002290,Kaggle_road_csv,0,October,Saturday,Unknown,Truck,Unidentified,3,31-50,18-30,Reckless Driving,Wet,Daylight,0,0,6,Minor,Clear
2290,KAG_002291,Kaggle_road_csv,0,March,Saturday,Unknown,Truck,Unidentified,3,31-50,Over 51,Reckless Driving,Wet,Daylight,0,0,6,Minor,Clear
2291,KAG_002292,Kaggle_road_csv,0,September,Thursday,Unknown,Truck,Unidentified,2,31-50,Over 51,Reckless Driving,Wet,Dark,0,0,2,Minor,Rainy