,accident_id,source,year,month,day_of_week,state,vehicle_1,vehicle_2,vehicles_involved,party_age_group,victim_age_group,cause_of_accident,road_condition,lighting_condition,fatalities,injuries,casualties,severity,weather_group
2607,KAG_002608,Kaggle_road_csv,0,May,Tuesday,Unknown,Truck,Unidentified,2,18-30,Unknown,Drunk/Drug Driving,Wet,Dark,0,0,1,Minor,Clear
2608,KAG_002609,Kaggle_road_csv,0,May,Monday,Unknown,Truck,Unidentified,2,18-30,18-30,Reckless Driving,Dry,Daylight,0,0,2,Minor,Clear
2609,KAG_002610,Kaggle_road_csv,0,August,Saturday,Unknown,Truck,Unidentified,2,18-30,31-50,Reckless Driving,Wet,Dark,0,0,1,Minor,Rainy
2610,KAG_002611,Kaggle_road_csv,0,August,Saturday,Unknown,Truck,Unidentified,2,18-30,31-50,No Distancing/Rear End,Wet,Dark,0,0,1,Minor,Rainy
2611,KAG_002612,Kaggle_road_csv,0,August,Wednesday,Unknown,Truck,Unidentified,2,31-50,31-50,Lane Violation,Wet,Daylight,0,0,3,Minor,Rainy
2612,KAG_002613,Kaggle_road_csv,0,July,Wednesday,Unknown,Truck,Unidentified,2,31-50,18-30,Reckless Driving,Wet,Daylight,0,0,3,Minor,Rainy
2613,KAG_002614,Kaggle_road_csv,0,April,Tuesday,Unknown,Truck,Unidentified,2,Over 51,31-50,No Distancing/Rear End,Wet,Dark,0,0,1,Minor,Clear
2614,KAG_002615,Kaggle_road_csv,0,April,Thursday,Unknown,Truck,Unidentified,2,18-30,Unknown,Lane Violation,Wet,Dark,0,0,1,Minor,Clear
2615,KAG_002616,Kaggle_road_csv,0,April,Thursday,Unknown,Truck,Unidentified,2,31-50,Unknown,Lane Violation,Wet,Dark,0,0,1,Minor,Clear
2616,KAG_002617,Kaggle_road_csv,0,June,Thursday,Unknown,Truck,Unidentified,2,31-50,Under 18,No Distancing/Rear End,Wet,Dark,0,0,1,Minor,Rainy
2617,KAG_002618,Kaggle_road_csv,0,September,Friday,Unknown,Truck,Unidentified,2,18-30,18-30,Reckless Driving,Wet,Dark,0,0,3,Serious,Rainy
2618,KAG_002619,Kaggle_road_csv,0,October,Tuesday,Unknown,Truck,Unidentified,6,Unknown,Over 51,No Distancing/Rear End,Dry,Daylight,0,0,1,Minor,Clear
2619,KAG_002620,Kaggle_road_csv,0,April,Tuesday,Unknown,Truck,Unidentified,6,Unknown,31-50,Lane Violation,Dry,Daylight,0,0,1,Minor,Clear
2620,KAG_002621,Kaggle_road_csv,0,September,Tuesday,Unknown,Truck,Unidentified,2,18-30,Unknown,No Distancing/Rear End,Wet,Dark,0,0,1,Minor,Rainy
2621,KAG_002622,Kaggle_road_csv,0,May,Tuesday,Unknown,Truck,Unidentified,2,31-50,18-30,Lane Violation,Wet,Dark,0,0,2,Minor,Clear
2622,KAG_002623,Kaggle_road_csv,0,August,Thursday,Unknown,Truck,Unidentified,2,31-50,Unknown,Speeding,Wet,Daylight,0,0,3,Minor,Rainy
2623,KAG_002624,Kaggle_road_csv,0,April,Thursday,Unknown,Truck,Unidentified,2,18-30,31-50,Loss of Control,Dry,Daylight,0,0,1,Minor,Clear
2624,KAG_002625,Kaggle_road_csv,0,May,Monday,Unknown,Truck,Unidentified,2,18-30,31-50,No Distancing/Rear End,Wet,Dark,0,0,1,Minor,Clear
2625,KAG_002626,Kaggle_road_csv,0,September,Friday,Unknown,Truck,Unidentified,2,18-30,Under 18,No Distancing/Rear End,Wet,Dark,0,0,2,Minor,Rainy
2626,KAG_002627,Kaggle_road_csv,0,September,Saturday,Unknown,Truck,Unidentified,2,Over 51,Unknown,Reckless Driving,Wet,Dark,0,0,2,Minor,Rainy
2627,KAG_002628,Kaggle_road_csv,0,June,Saturday,Unknown,Truck,Unidentified,2,Over 51,18-30,No Distancing/Rear End,Wet,Dark,0,0,2,Minor,Rainy
2628,KAG_002629,Kaggle_road_csv,0,October,Tuesday,Unknown,Truck,Unidentified,2,18-30,Over 51,Drunk/Drug Driving,Dry,Dark,0,0,1,Minor,Clear
2629,KAG_002630,Kaggle_road_csv,0,April,Sunday,Unknown,Truck,Unidentified,2,Under 18,Unknown,Speeding,Wet,Dark,0,0,2,Serious,Clear
2630,KAG_002631,Kaggle_road_csv,0,October,Monday,Unknown,Truck,Unidentified,3,31-50,31-50,Lane Violation,Dry,Daylight,0,0,1,Minor,Clear
2631,KAG_002632,Kaggle_road_csv,0,October,Thursday,Unknown,Truck,Unidentified,2,18-30,Unknown,Lane Violation,Wet,Daylight,0,0,1,Minor,Clear
2632,KAG_002633,Kaggle_road_csv,0,October,Saturday,Unknown,Truck,Unidentified,1,18-30,18-30,No Distancing/Rear End,Dry,Daylight,0,0,1,Minor,Clear
2633,KAG_002634,Kaggle_road_csv,0,March,Thursday,Unknown,Truck,Unidentified,4,18-30,18-30,No Distancing/Rear End,Wet,Dark,0,0,2,Minor,Clear
2634,KAG_002635,Kaggle_road_csv,0,April,Monday,Unknown,Truck,Unidentified,4,18-30,Under 18,No Distancing/Rear End,Dry,Daylight,0,0,1,Minor,Clear
2635,KAG_002636,Kaggle_road_csv,0,November,Saturday,Unknown,Truck,Unidentified,3,31-50,18-30,No Distancing/Rear End,Wet,Daylight,0,0,2,Minor,Cold
2636,KAG_002637,Kaggle_road_csv,0,November,Saturday,Unknown,Truck,Unidentified,3,Over 51,Unknown,Drunk/Drug Driving,Wet,Daylight,0,0,2,Minor,Cold
2637,KAG_002638,Kaggle_road_csv,0,November,Saturday,Unknown,Truck,Unidentified,3,Over 51,Unknown,No Distancing/Rear End,Wet,Daylight,0,0,2,Minor,Cold
2638,KAG_002639,Kaggle_road_csv,0,November,Saturday,Unknown,Truck,Unidentified,3,18-30,Over 51,Lane Violation,Wet,Daylight,0,0,2,Minor,Cold
2639,KAG_002640,Kaggle_road_csv,0,April,Wednesday,Unknown,Truck,Unidentified,4,Unknown,31-50,No Distancing/Rear End,Wet,Daylight,0,0,2,Minor,Clear
2640,KAG_002641,Kaggle_road_csv,0,November,Sunday,Unknown,Truck,Unidentified,2,18-30,31-50,Reckless Driving,Wet,Daylight,0,0,1,Minor,Cold
2641,KAG_002642,Kaggle_road_csv,0,May,Friday,Unknown,Truck,Unidentified,2,18-30,Over 51,Lane Violation,Dry,Dark,0,0,1,Minor,Clear
2642,KAG_002643,Kaggle_road_csv,0,April,Sunday,Unknown,Truck,Unidentified,2,Unknown,Unknown,Lane Violation,Dry,Dark,0,0,1,Serious,Clear
2643,KAG_002644,Kaggle_road_csv,0,May,Sunday,Unknown,Truck,Unidentified,2,18-30,Over 51,Reckless Driving,Dry,Dark,0,0,1,Serious,Clear
2644,KAG_002645,Kaggle_road_csv,0,October,Thursday,Unknown,Truck,Unidentified,2,18-30,18-30,Reckless Driving,Wet,Dark,0,0,2,Minor,Clear
2645,KAG_002646,Kaggle_road_csv,0,October,Monday,Unknown,Truck,Unidentified,2,18-30,18-30,No Distancing/Rear End,Dry,Dark,0,0,2,Minor,Clear
2646,KAG_002647,Kaggle_road_csv,0,May,Monday,Unknown,Truck,Unidentified,2,18-30,Under 18,Lane Violation,Dry,Dark,0,0,2,Minor,Clear
2647,KAG_002648,Kaggle_road_csv,0,September,Sunday,Unknown,Truck,Unidentified,2,31-50,31-50,No Distancing/Rear End,Wet,Daylight,0,0,2,Minor,Rainy
2648,KAG_002649,Kaggle_road_csv,0,April,Tuesday,Unknown,Truck,Unidentified,2,31-50,Unknown,Reckless Driving,Dry,Daylight,0,0,1,Minor,Clear
2649,KAG_002650,Kaggle_road_csv,0,April,Saturday,Unknown,Truck,Unidentified,2,31-50,18-30,Reckless Driving,Dry,Dark,0,0,1,Minor,Clear
2650,KAG_002651,Kaggle_road_csv,0,May,Friday,Unknown,Truck,Unidentified,2,18-30,Unknown,No Distancing/Rear End,Dry,Daylight,0,0,1,Minor,Clear
2651,KAG_002652,Kaggle_road_csv,0,May,Saturday,Unknown,Truck,Unidentified,2,18-30,31-50,Reckless Driving,Dry,Daylight,0,0,1,Minor,Clear
2652,KAG_002653,Kaggle_road_csv,0,April,Saturday,Unknown,Truck,Unidentified,2,31-50,Over 51,No Distancing/Rear End,Dry,Daylight,0,0,1,Minor,Clear
2653,KAG_002654,Kaggle_road_csv,0,October,Tuesday,Unknown,Truck,Unidentified,1,18-30,Unknown,Reckless Driving,Wet,Dark,0,0,1,Serious,Clear
2654,KAG_002655,Kaggle_road_csv,0,May,Tuesday,Unknown,Truck,Unidentified,2,Over 51,Unknown,Reckless Driving,Dry,Daylight,0,0,1,Serious,Clear
2655,KAG_002656,Kaggle_road_csv,0,May,Saturday,Unknown,Truck,Unidentified,2,31-50,31-50,Lane Violation,Dry,Daylight,0,0,2,Minor,Clear
2656,KAG_002657,Kaggle_road_csv,0,May,Monday,Unknown,Truck,Unidentified,2,31-50,18-30,No Distancing/Rear End,Dry,Daylight,0,0,1,Minor,Clear
2657,KAG_002658,Kaggle_road_csv,0,May,Friday,Unknown,Truck,Unidentified,2,31-50,31-50,Drunk/Drug Driving,Dry,Daylight,0,0,1,Minor,Clear
2658,KAG_002659,Kaggle_road_csv,0,October,Friday,Unknown,Truck,Unidentified,2,18-30,18-30,Lane Violation,Dry,Daylight,0,0,1,Minor,Clear
2659,KAG_002660,Kaggle_road_csv,0,April,Friday,Unknown,Truck,Unidentified,3,18-30,18-30,No Distancing/Rear End,Wet,Daylight,0,0,1,Minor,Clear
2660,KAG_002661,Kaggle_road_csv,0,October,Friday,Unknown,Truck,Unidentified,3,31-50,Unknown,No Distancing/Rear End,Wet,Daylight,0,0,1,Minor,Clear
2661,KAG_002662,Kaggle_road_csv,0,October,Friday,Unknown,Truck,Unidentified,3,18-30,Unknown,No Distancing/Rear End,Wet,Daylight,0,0,1,Minor,Clear
2662,KAG_002663,Kaggle_road_csv,0,April,Sunday,Unknown,Truck,Unidentified,1,Unknown,Unknown,Lane Violation,Dry,Dark,0,0,1,Minor,Clear
2663,KAG_002664,Kaggle_road_csv,0,May,Saturday,Unknown,Truck,Unidentified,1,31-50,Over 51,Loss of Control,Dry,Daylight,0,0,1,Minor,Clear
2664,KAG_002665,Kaggle_road_csv,0,April,Sunday,Unknown,Truck,Unidentified,3,18-30,31-50,Speeding,Dry,Daylight,0,0,2,Minor,Clear
2665,KAG_002666,Kaggle_road_csv,0,March,Friday,Unknown,Truck,Unidentified,2,18-30,18-30,No Distancing/Rear End,Dry,Dark,0,0,1,Minor,Clear
2666,KAG_002667,Kaggle_road_csv,0,April,Tuesday,Unknown,Truck,Unidentified,1,18-30,Unknown,Lane Violation,Dry,Daylight,0,0,1,Serious,Clear
2667,KAG_002668,Kaggle_road_csv,0,October,Wednesday,Unknown,Truck,Unidentified,1,31-50,Unknown,Reckless Driving,Dry,Dark,0,0,1,Minor,Clear
2668,KAG_002669,Kaggle_road_csv,0,April,Monday,Unknown,Truck,Unidentified,3,31-50,18-30,Lane Violation,Dry,Daylight,0,0,1,Minor,Clear
2669,KAG_002670,Kaggle_road_csv,0,March,Monday,Unknown,Truck,Unidentified,3,31-50,Unknown,No Distancing/Rear End,Dry,Daylight,0,0,1,Minor,Clear
2670,KAG_002671,Kaggle_road_csv,0,June,Wednesday,Unknown,Truck,Unidentified,1,Over 51,18-30,Lane Violation,Wet,Dark,0,0,1,Fatal,Rainy
2671,KAG_002672,Kaggle_road_csv,0,March,Tuesday,Unknown,Truck,Unidentified,4,18-30,Unknown,Lane Violation,Wet,Daylight,0,0,6,Serious,Clear
2672,KAG_002673,Kaggle_road_csv,0,May,Tuesday,Unknown,Truck,Unidentified,4,Under 18,Unknown,Speeding,Wet,Daylight,0,0,6,Serious,Clear
2673,KAG_002674,Kaggle_road_csv,0,March,Tuesday,Unknown,Truck,Unidentified,4,31-50,Unknown,Lane Violation,Wet,Daylight,0,0,6,Serious,Clear
2674,KAG_002675,Kaggle_road_csv,0,April,Friday,Unknown,Truck,Unidentified,3,18-30,Unknown,Reckless Driving,Dry,Dark,0,0,5,Serious,Clear
2675,KAG_002676,Kaggle_road_csv,0,March,Monday,Unknown,Truck,Unidentified,2,18-30,18-30,Drunk/Drug Driving,Dry,Daylight,0,0,1,Minor,Clear
2676,KAG_002677,Kaggle_road_csv,0,August,Wednesday,Unknown,Truck,Unidentified,1,Over 51,18-30,No Distancing/Rear End,Wet,Daylight,0,0,1,Minor,Rainy
2677,KAG_002678,Kaggle_road_csv,0,May,Monday,Unknown,Truck,Unidentified,3,Over 51,Under 18,Lane Violation,Dry,Daylight,0,0,2,Minor,Clear
2678,KAG_002679,Kaggle_road_csv,0,October,Sunday,Unknown,Truck,Unidentified,4,18-30,31-50,No Distancing/Rear End,Dry,Daylight,0,0,1,Minor,Clear
2679,KAG_002680,Kaggle_road_csv,0,April,Sunday,Unknown,Truck,Unidentified,4,18-30,31-50,Lane Violation,Dry,Daylight,0,0,1,Minor,Clear
2680,KAG_002681,Kaggle_road_csv,0,March,Sunday,Unknown,Truck,Unidentified,4,Unknown,31-50,Lane Violation,Dry,Daylight,0,0,1,Minor,Clear
2681,KAG_002682,Kaggle_road_csv,0,March,Sunday,Unknown,Truck,Unidentified,2,18-30,Over 51,No Distancing/Rear End,Dry,Daylight,0,0,1,Serious,Clear
2682,KAG_002683,Kaggle_road_csv,0,August,Wednesday,Unknown,Truck,Unidentified,3,31-50,18-30,Lane Violation,Wet,Daylight,0,0,1,Minor,Rainy
2683,KAG_002684,Kaggle_road_csv,0,October,Wednesday,Unknown,Truck,Unidentified,2,18-30,18-30,No Distancing/Rear End,Dry,Daylight,0,0,2,Minor,Clear
2684,KAG_002685,Kaggle_road_csv,0,March,Wednesday,Unknown,Truck,Unidentified,2,18-30,31-50,No Distancing/Rear End,Dry,Daylight,0,0,2,Minor,Clear
2685,KAG_002686,Kaggle_road_csv,0,March,Friday,Unknown,Truck,Unidentified,2,31-50,31-50,Lane Violation,Dry,Daylight,0,0,1,Serious,Clear
2686,KAG_002687,Kaggle_road_csv,0,April,Friday,Unknown,Truck,Unidentified,2,31-50,Under 18,No Distancing/Rear End,Dry,Daylight,0,0,1,Serious,Clear
2687,KAG_002688,Kaggle_road_csv,0,October,Saturday,Unknown,Truck,Unidentified,2,Under 18,Under 18,Lane Violation,Dry,Dark,0,0,3,Minor,Clear
2688,KAG_002689,Kaggle_road_csv,0,April,Saturday,Unknown,Truck,Unidentified,1,Under 18,Unknown,Reckless Driving,Dry,Daylight,0,0,2,Serious,Clear
2689,KAG_002690,Kaggle_road_csv,0,March,Wednesday,Unknown,Truck,Unidentified,2,Unknown,Over 51,Lane Violation,Dry,Daylight,0,0,1,Minor,Clear
2690,KAG_002691,Kaggle_road_csv,0,March,Wednesday,Unknown,Truck,Unidentified,2,Over 51,Unknown,Lane Violation,Dry,Daylight,0,0,2,Minor,Clear
2691,KAG_002692,Kaggle_road_csv,0,April,Friday,Unknown,Truck,Unidentified,2,Unknown,Unknown,Reckless Driving,Dry,Daylight,0,0,1,Minor,Clear
2692,KAG_002693,Kaggle_road_csv,0,October,Wednesday,Unknown,Truck,Unidentified,2,31-50,Unknown,No Distancing/Rear End,Dry,Daylight,0,0,3,Minor,Clear
2693,KAG_002694,Kaggle_road_csv,0,April,Wednesday,Unknown,Truck,Unidentified,2,18-30,18-30,No Distancing/Rear End,Dry,Daylight,0,0,3,Minor,Clear
2694,KAG_002695,Kaggle_road_csv,0,October,Friday,Unknown,Truck,Unidentified,3,31-50,18-30,Drunk/Drug Driving,Dry,Daylight,0,0,4,Minor,Clear
2695,KAG_002696,Kaggle_road_csv,0,April,Friday,Unknown,Truck,Unidentified,3,Under 18,Unknown,Lane Violation,Dry,Daylight,0,0,4,Minor,Clear
2696,KAG_002697,Kaggle_road_csv,0,March,Friday,Unknown,Truck,Unidentified,2,Under 18,18-30,Drunk/Drug Driving,Dry,Daylight,0,0,1,Minor,Clear
2697,KAG_002698,Kaggle_road_csv,0,March,Tuesday,Unknown,Truck,Unidentified,2,31-50,31-50,Lane Violation,Dry,Daylight,0,0,1,Minor,Clear
2698,KAG_002699,Kaggle_road_csv,0,March,Sunday,Unknown,Truck,Unidentified,1,31-50,31-50,No Distancing/Rear End,Dry,Daylight,0,0,1,Minor,Clear
2699,KAG_002700,Kaggle_road_csv,0,July,Sunday,Unknown,Truck,Unidentified,2,18-30,31-50,No Distancing/Rear End,Wet,Daylight,0,0,4,Minor,Rainy
2700,KAG_002701,Kaggle_road_csv,0,May,Tuesday,Unknown,Truck,Unidentified,2,18-30,Unknown,No Distancing/Rear End,Dry,Daylight,0,0,2,Minor,Clear
2701,KAG_002702,Kaggle_road_csv,0,September,Tuesday,Unknown,Truck,Unidentified,2,18-30,Over 51,Lane Violation,Wet,Daylight,0,0,1,Minor,Rainy
2702,KAG_002703,Kaggle_road_csv,0,July,Monday,Unknown,Truck,Unidentified,2,Under 18,18-30,No Distancing/Rear End,Wet,Daylight,0,0,1,Minor,Rainy
2703,KAG_002704,Kaggle_road_csv,0,August,Monday,Unknown,Truck,Unidentified,2,Unknown,Unknown,Reckless Driving,Wet,Daylight,0,0,1,Minor,Rainy
2704,KAG_002705,Kaggle_road_csv,0,April,Friday,Unknown,Truck,Unidentified,2,31-50,Unknown,Reckless Driving,Wet,Daylight,0,0,3,Minor,Clear
2705,KAG_002706,Kaggle_road_csv,0,March,Monday,Unknown,Truck,Unidentified,2,18-30,Under 18,Reckless Driving,Dry,Dark,0,0,1,Minor,Clear
2706,KAG_002707,Kaggle_road_csv,0,July,Friday,Unknown,Truck,Unidentified,2,18-30,Unknown,No Distancing/Rear End,Wet,Daylight,0,0,2,Minor,Rainy
2707,KAG_002708,Kaggle_road_csv,0,July,Friday,Unknown,Truck,Unidentified,2,Over 51,18-30,Reckless Driving,Wet,Daylight,0,0,2,Minor,Rainy
2708,KAG_002709,Kaggle_road_csv,0,May,Monday,Unknown,Truck,Unidentified,2,18-30,18-30,Unknown/Other,Dry,Daylight,0,0,1,Minor,Clear
2709,KAG_002710,Kaggle_road_csv,0,October,Friday,Unknown,Truck,Unidentified,3,Under 18,Under 18,Reckless Driving,Dry,Daylight,0,0,1,Serious,Clear
2710,KAG_002711,Kaggle_road_csv,0,March,Friday,Unknown,Truck,Unidentified,1,18-30,Unknown,Reckless Driving,Wet,Daylight,0,0,2,Minor,Clear
2711,KAG_002712,Kaggle_road_csv,0,May,Monday,Unknown,Truck,Unidentified,2,Over 51,Unknown,Lane Violation,Dry,Daylight,0,0,1,Minor,Clear
2712,KAG_002713,Kaggle_road_csv,0,April,Monday,Unknown,Truck,Unidentified,2,31-50,Unknown,Loss of Control,Dry,Daylight,0,0,1,Minor,Clear
2713,KAG_002714,Kaggle_road_csv,0,October,Sunday,Unknown,Truck,Unidentified,2,31-50,Under 18,Unknown/Other,Dry,Daylight,0,0,1,Minor,Clear
2714,KAG_002715,Kaggle_road_csv,0,September,Wednesday,Unknown,Truck,Unidentified,2,31-50,Over 51,No Distancing/Rear End,Wet,Dark,0,0,1,Minor,Rainy
2715,KAG_002716,Kaggle_road_csv,0,May,Friday,Unknown,Truck,Unidentified,3,18-30,Unknown,Lane Violation,Dry,Daylight,0,0,2,Minor,Clear
2716,KAG_002717,Kaggle_road_csv,0,October,Friday,Unknown,Truck,Unidentified,3,18-30,Under 18,Reckless Driving,Dry,Daylight,0,0,2,Minor,Clear
2717,KAG_002718,Kaggle_road_csv,0,March,Saturday,Unknown,Truck,Unidentified,2,18-30,31-50,Parking Issue,Dry,Daylight,0,0,1,Minor,Clear
2718,KAG_002719,Kaggle_road_csv,0,March,Friday,Unknown,Truck,Unidentified,1,31-50,31-50,Lane Violation,Dry,Daylight,0,0,1,Serious,Clear
2719,KAG_002720,Kaggle_road_csv,0,March,Friday,Unknown,Truck,Unidentified,2,31-50,18-30,Speeding,Dry,Dark,0,0,1,Minor,Clear
2720,KAG_002721,Kaggle_road_csv,0,October,Sunday,Unknown,Truck,Unidentified,2,18-30,18-30,Lane Violation,Dry,Dark,0,0,5,Minor,Clear
2721,KAG_002722,Kaggle_road_csv,0,October,Sunday,Unknown,Truck,Unidentified,2,Under 18,Over 51,Lane Violation,Dry,Daylight,0,0,1,Minor,Clear
2722,KAG_002723,Kaggle_road_csv,0,June,Wednesday,Unknown,Truck,Unidentified,2,31-50,Unknown,No Distancing/Rear End,Wet,Dark,0,0,1,Minor,Rainy
2723,KAG_002724,Kaggle_road_csv,0,May,Tuesday,Unknown,Truck,Unidentified,2,31-50,31-50,Lane Violation,Dry,Dark,0,0,1,Minor,Clear
2724,KAG_002725,Kaggle_road_csv,0,April,Sunday,Unknown,Truck,Unidentified,2,31-50,Unknown,No Distancing/Rear End,Dry,Daylight,0,0,1,Minor,Clear
2725,KAG_002726,Kaggle_road_csv,0,October,Sunday,Unknown,Truck,Unidentified,2,31-50,Under 18,Lane Violation,Dry,Daylight,0,0,1,Minor,Clear
2726,KAG_002727,Kaggle_road_csv,0,October,Friday,Unknown,Truck,Unidentified,2,18-30,Over 51,Unknown/Other,Dry,Dark,0,0,1,Minor,Clear
2727,KAG_002728,Kaggle_road_csv,0,May,Friday,Unknown,Truck,Unidentified,2,Under 18,Under 18,No Distancing/Rear End,Dry,Dark,0,0,1,Minor,Clear
2728,KAG_002729,Kaggle_road_csv,0,August,Friday,Unknown,Truck,Unidentified,3,18-30,18-30,Lane Violation,Wet,Dark,0,0,1,Minor,Rainy
2729,KAG_002730,Kaggle_road_csv,0,April,Monday,Unknown,Truck,Unidentified,2,Over 51,31-50,Speeding,Wet,Dark,0,0,2,Minor,Clear
2730,KAG_002731,Kaggle_road_csv,0,May,Sunday,Unknown,Truck,Unidentified,2,31-50,18-30,Lane Violation,Wet,Dark,0,0,5,Minor,Clear
2731,KAG_002732,Kaggle_road_csv,0,July,Thursday,Unknown,Truck,Unidentified,2,Unknown,Unknown,Reckless Driving,Wet,Dark,0,0,1,Minor,Rainy
2732,KAG_002733,Kaggle_road_csv,0,May,Friday,Unknown,Truck,Unidentified,2,Under 18,31-50,Reckless Driving,Wet,Dark,0,0,1,Minor,Clear
2733,KAG_002734,Kaggle_road_csv,0,October,Monday,Unknown,Truck,Unidentified,2,Over 51,Unknown,Lane Violation,Dry,Daylight,0,0,2,Minor,Clear
2734,KAG_002735,Kaggle_road_csv,0,October,Wednesday,Unknown,Truck,Unidentified,2,31-50,Unknown,Lane Violation,Wet,Dark,0,0,1,Minor,Clear
2735,KAG_002736,Kaggle_road_csv,0,April,Wednesday,Unknown,Truck,Unidentified,2,Under 18,Unknown,No Distancing/Rear End,Wet,Dark,0,0,1,Minor,Clear
2736,KAG_002737,Kaggle_road_csv,0,April,Sunday,Unknown,Truck,Unidentified,2,Unknown,18-30,Lane Violation,Dry,Dark,0,0,1,Minor,Clear
2737,KAG_002738,Kaggle_road_csv,0,October,Saturday,Unknown,Truck,Unidentified,1,Over 51,Unknown,Reckless Driving,Wet,Dark,0,0,1,Minor,Clear
2738,KAG_002739,Kaggle_road_csv,0,September,Wednesday,Unknown,Truck,Unidentified,2,Under 18,18-30,No Distancing/Rear End,Wet,Dark,0,0,2,Minor,Rainy
2739,KAG_002740,Kaggle_road_csv,0,March,Tuesday,Unknown,Truck,Unidentified,1,31-50,Unknown,Loss of Control,Wet,Dark,0,0,2,Minor,Clear
2740,KAG_002741,Kaggle_road_csv,0,April,Monday,Unknown,Truck,Unidentified,2,18-30,18-30,Reckless Driving,Dry,Dark,0,0,1,Minor,Clear
2741,KAG_002742,Kaggle_road_csv,0,March,Friday,Unknown,Truck,Unidentified,2,31-50,18-30,Unknown/Other,Dry,Dark,0,0,2,Minor,Clear
2742,KAG_002743,Kaggle_road_csv,0,September,Saturday,Unknown,Truck,Unidentified,3,Over 51,18-30,Unknown/Other,Wet,Dark,0,0,1,Minor,Rainy
2743,KAG_002744,Kaggle_road_csv,0,April,Wednesday,Unknown,Truck,Unidentified,2,18-30,31-50,No Distancing/Rear End,Dry,Dark,0,0,2,Minor,Clear
2744,KAG_002745,Kaggle_road_csv,0,April,Friday,Unknown,Truck,Unidentified,1,31-50,Unknown,Lane Violation,Dry,Dark,0,0,1,Minor,Clear
2745,KAG_002746,Kaggle_road_csv,0,June,Monday,Unknown,Truck,Unidentified,2,Over 51,Unknown,Reckless Driving,Wet,Daylight,0,0,2,Minor,Rainy
2746,KAG_002747,Kaggle_road_csv,0,June,Monday,Unknown,Truck,Unidentified,2,31-50,31-50,Lane Violation,Wet,Daylight,0,0,1,Minor,Rainy
2747,KAG_002748,Kaggle_road_csv,0,June,Saturday,Unknown,Truck,Unidentified,2,18-30,Over 51,Lane Violation,Wet,Dark,0,0,2,Minor,Rainy
2748,KAG_002749,Kaggle_road_csv,0,June,Saturday,Unknown,Truck,Unidentified,1,Over 51,31-50,Reckless Driving,Wet,Dark,0,0,1,Serious,Rainy
2749,KAG_002750,Kaggle_road_csv,0,July,Thursday,Unknown,Truck,Unidentified,1,31-50,31-50,Reckless Driving,Wet,Dark,0,0,2,Serious,Rainy
2750,KAG_002751,Kaggle_road_csv,0,October,Thursday,Unknown,Truck,Unidentified,1,31-50,31-50,Lane Violation,Dry,Dark,0,0,1,Serious,Clear
2751,KAG_002752,Kaggle_road_csv,0,October,Tuesday,Unknown,Truck,Unidentified,3,18-30,Unknown,Lane Violation,Dry,Daylight,0,0,3,Minor,Clear
2752,KAG_002753,Kaggle_road_csv,0,April,Tuesday,Unknown,Truck,Unidentified,3,31-50,Under 18,Lane Violation,Dry,Daylight,0,0,3,Minor,Clear
2753,KAG_002754,Kaggle_road_csv,0,May,Wednesday,Unknown,Truck,Unidentified,3,18-30,Over 51,Unknown/Other,Dry,Daylight,0,0,1,Serious,Clear
2754,KAG_002755,Kaggle_road_csv,0,April,Friday,Unknown,Truck,Unidentified,3,Over 51,31-50,Reckless Driving,Wet,Daylight,0,0,1,Minor,Clear
2755,KAG_002756,Kaggle_road_csv,0,October,Friday,Unknown,Truck,Unidentified,3,31-50,Unknown,Unknown/Other,Wet,Daylight,0,0,1,Minor,Clear
2756,KAG_002757,Kaggle_road_csv,0,April,Thursday,Unknown,Truck,Unidentified,2,31-50,Unknown,Speeding,Dry,Dark,0,0,1,Minor,Clear
2757,KAG_002758,Kaggle_road_csv,0,May,Friday,Unknown,Truck,Unidentified,2,Over 51,Unknown,No Distancing/Rear End,Wet,Dark,0,0,2,Minor,Clear
2758,KAG_002759,Kaggle_road_csv,0,October,Friday,Unknown,Truck,Unidentified,2,31-50,Under 18,No Distancing/Rear End,Wet,Dark,0,0,2,Minor,Clear
2759,KAG_002760,Kaggle_road_csv,0,October,Thursday,Unknown,Truck,Unidentified,2,Over 51,31-50,No Distancing/Rear End,Dry,Daylight,0,0,1,Minor,Clear
2760,KAG_002761,Kaggle_road_csv,0,April,Friday,Unknown,Truck,Unidentified,2,31-50,Unknown,No Distancing/Rear End,Dry,Dark,0,0,1,Serious,Clear
2761,KAG_002762,Kaggle_road_csv,0,March,Friday,Unknown,Truck,Unidentified,2,Unknown,18-30,Reckless Driving,Dry,Dark,0,0,1,Serious,Clear
2762,KAG_002763,Kaggle_road_csv,0,May,Monday,Unknown,Truck,Unidentified,2,31-50,Unknown,Reckless Driving,Wet,Dark,0,0,2,Minor,Clear
2763,KAG_002764,Kaggle_road_csv,0,April,Wednesday,Unknown,Truck,Unidentified,2,31-50,18-30,Lane Violation,Wet,Dark,0,0,1,Minor,Clear
2764,KAG_002765,Kaggle_road_csv,0,June,Thursday,Unknown,Truck,Unidentified,2,Over 51,Unknown,No Distancing/Rear End,Wet,Dark,0,0,1,Serious,Rainy
2765,KAG_002766,Kaggle_road_csv,0,April,Saturday,Unknown,Truck,Unidentified,1,Unknown,18-30,Lane Violation,Dry,Dark,0,0,1,Minor,Clear