,accident_id,source,year,month,day_of_week,state,vehicle_1,vehicle_2,vehicles_involved,party_age_group,victim_age_group,cause_of_accident,road_condition,lighting_condition,fatalities,injuries,casualties,severity,weather_group
2766,KAG_002767,Kaggle_road_csv,0,October,Sunday,Unknown,Truck,Unidentified,2,Over 51,18-30,No Distancing/Rear End,Dry,Daylight,0,0,2,Minor,Clear
2767,KAG_002768,Kaggle_road_csv,0,May,Sunday,Unknown,Truck,Unidentified,2,31-50,Unknown,Lane Violation,Dry,Daylight,0,0,2,Minor,Clear
2768,KAG_002769,Kaggle_road_csv,0,October,Friday,Unknown,Truck,Unidentified,2,31-50,Unknown,Reckless Driving,Dry,Dark,0,0,1,Minor,Clear
2769,KAG_002770,Kaggle_road_csv,0,October,Friday,Unknown,Truck,Unidentified,2,18-30,31-50,Lane Violation,Dry,Dark,0,0,1,Minor,Clear
2770,KAG_002771,Kaggle_road_csv,0,March,Thursday,Unknown,Truck,Unidentified,2,18-30,18-30,Reckless Driving,Wet,Daylight,0,0,1,Minor,Clear
2771,KAG_002772,Kaggle_road_csv,0,April,Monday,Unknown,Truck,Unidentified,1,18-30,31-50,Lane Violation,Wet,Daylight,0,0,1,Serious,Clear
2772,KAG_002773,Kaggle_road_csv,0,October,Friday,Unknown,Truck,Unidentified,2,31-50,Unknown,No Distancing/Rear End,Dry,Daylight,0,0,1,Serious,Clear
2773,KAG_002774,Kaggle_road_csv,0,April,Friday,Unknown,Truck,Unidentified,4,Over 51,18-30,No Distancing/Rear End,Dry,Daylight,0,0,5,Minor,Clear
2774,KAG_002775,Kaggle_road_csv,0,April,Friday,Unknown,Truck,Unidentified,1,18-30,31-50,Loss of Control,Dry,Daylight,0,0,1,Minor,Clear
2775,KAG_002776,Kaggle_road_csv,0,June,Friday,Unknown,Truck,Unidentified,2,18-30,Unknown,No Distancing/Rear End,Wet,Daylight,0,0,1,Minor,Rainy
2776,KAG_002777,Kaggle_road_csv,0,April,Saturday,Unknown,Truck,Unidentified,2,18-30,Unknown,No Distancing/Rear End,Dry,Dark,0,0,1,Minor,Clear
2777,KAG_002778,Kaggle_road_csv,0,March,Friday,Unknown,Truck,Unidentified,2,Under 18,18-30,Lane Violation,Dry,Dark,0,0,1,Minor,Clear
2778,KAG_002779,Kaggle_road_csv,0,May,Friday,Unknown,Truck,Unidentified,2,Under 18,Over 51,Lane Violation,Dry,Daylight,0,0,1,Minor,Clear
2779,KAG_002780,Kaggle_road_csv,0,April,Monday,Unknown,Truck,Unidentified,3,31-50,Under 18,No Distancing/Rear End,Dry,Dark,0,0,3,Minor,Clear
2780,KAG_002781,Kaggle_road_csv,0,May,Monday,Unknown,Truck,Unidentified,3,31-50,18-30,Lane Violation,Dry,Dark,0,0,3,Minor,Clear
2781,KAG_002782,Kaggle_road_csv,0,April,Tuesday,Unknown,Truck,Unidentified,3,18-30,Unknown,Unknown/Other,Dry,Dark,0,0,3,Minor,Clear
2782,KAG_002783,Kaggle_road_csv,0,October,Sunday,Unknown,Truck,Unidentified,2,31-50,Unknown,Reckless Driving,Dry,Daylight,0,0,1,Minor,Clear
2783,KAG_002784,Kaggle_road_csv,0,May,Wednesday,Unknown,Truck,Unidentified,2,31-50,Under 18,Reckless Driving,Dry,Dark,0,0,1,Minor,Clear
2784,KAG_002785,Kaggle_road_csv,0,October,Thursday,Unknown,Truck,Unidentified,3,18-30,31-50,Lane Violation,Dry,Daylight,0,0,1,Minor,Clear
2785,KAG_002786,Kaggle_road_csv,0,March,Wednesday,Unknown,Truck,Unidentified,2,18-30,31-50,No Distancing/Rear End,Dry,Daylight,0,0,1,Minor,Clear
2786,KAG_002787,Kaggle_road_csv,0,October,Friday,Unknown,Truck,Unidentified,2,31-50,Under 18,Reckless Driving,Dry,Daylight,0,0,1,Minor,Clear
2787,KAG_002788,Kaggle_road_csv,0,April,Friday,Unknown,Truck,Unidentified,2,31-50,18-30,Drunk/Drug Driving,Dry,Daylight,0,0,1,Minor,Clear
2788,KAG_002789,Kaggle_road_csv,0,June,Tuesday,Unknown,Truck,Unidentified,1,Unknown,Unknown,Reckless Driving,Wet,Daylight,0,0,1,Serious,Rainy
2789,KAG_002790,Kaggle_road_csv,0,September,Wednesday,Unknown,Truck,Unidentified,2,31-50,18-30,Lane Violation,Wet,Daylight,0,0,1,Minor,Rainy
2790,KAG_002791,Kaggle_road_csv,0,October,Friday,Unknown,Truck,Unidentified,2,18-30,18-30,No Distancing/Rear End,Wet,Daylight,0,0,1,Minor,Clear
2791,KAG_002792,Kaggle_road_csv,0,October,Tuesday,Unknown,Truck,Unidentified,1,18-30,18-30,Lane Violation,Dry,Daylight,0,0,1,Serious,Clear
2792,KAG_002793,Kaggle_road_csv,0,April,Thursday,Unknown,Truck,Unidentified,2,18-30,18-30,Lane Violation,Dry,Daylight,0,0,1,Serious,Clear
2793,KAG_002794,Kaggle_road_csv,0,May,Monday,Unknown,Truck,Unidentified,3,18-30,Unknown,Loss of Control,Dry,Daylight,0,0,1,Minor,Clear
2794,KAG_002795,Kaggle_road_csv,0,April,Sunday,Unknown,Truck,Unidentified,3,18-30,Unknown,No Distancing/Rear End,Dry,Daylight,0,0,1,Minor,Clear
2795,KAG_002796,Kaggle_road_csv,0,March,Friday,Unknown,Truck,Unidentified,3,Under 18,31-50,Lane Violation,Dry,Daylight,0,0,3,Minor,Clear
2796,KAG_002797,Kaggle_road_csv,0,March,Thursday,Unknown,Truck,Unidentified,2,18-30,31-50,Reckless Driving,Dry,Daylight,0,0,1,Minor,Clear
2797,KAG_002798,Kaggle_road_csv,0,April,Wednesday,Unknown,Truck,Unidentified,2,18-30,Unknown,No Distancing/Rear End,Dry,Daylight,0,0,1,Minor,Clear
2798,KAG_002799,Kaggle_road_csv,0,March,Friday,Unknown,Truck,Unidentified,2,31-50,31-50,Lane Violation,Dry,Daylight,0,0,1,Minor,Clear
2799,KAG_002800,Kaggle_road_csv,0,March,Saturday,Unknown,Truck,Unidentified,1,Over 51,31-50,Lane Violation,Dry,Daylight,0,0,1,Serious,Clear
2800,KAG_002801,Kaggle_road_csv,0,March,Thursday,Unknown,Truck,Unidentified,3,31-50,31-50,Lane Violation,Dry,Daylight,0,0,1,Minor,Clear
2801,KAG_002802,Kaggle_road_csv,0,April,Friday,Unknown,Truck,Unidentified,3,31-50,18-30,No Distancing/Rear End,Dry,Daylight,0,0,1,Minor,Clear
2802,KAG_002803,Kaggle_road_csv,0,April,Sunday,Unknown,Truck,Unidentified,2,Over 51,18-30,Reckless Driving,Dry,Daylight,0,0,1,Minor,Clear
2803,KAG_002804,Kaggle_road_csv,0,October,Monday,Unknown,Truck,Unidentified,2,18-30,Unknown,Lane Violation,Dry,Daylight,0,0,1,Minor,Clear
2804,KAG_002805,Kaggle_road_csv,0,May,Thursday,Unknown,Truck,Unidentified,3,18-30,Unknown,Reckless Driving,Dry,Daylight,0,0,1,Minor,Clear
2805,KAG_002806,Kaggle_road_csv,0,October,Saturday,Unknown,Truck,Unidentified,2,31-50,18-30,Reckless Driving,Dry,Daylight,0,0,1,Minor,Clear
2806,KAG_002807,Kaggle_road_csv,0,October,Saturday,Unknown,Truck,Unidentified,2,18-30,18-30,Reckless Driving,Dry,Daylight,0,0,2,Minor,Clear
2807,KAG_002808,Kaggle_road_csv,0,September,Friday,Unknown,Truck,Unidentified,2,31-50,Under 18,Reckless Driving,Wet,Daylight,0,0,4,Fatal,Rainy
2808,KAG_002809,Kaggle_road_csv,0,July,Sunday,Unknown,Truck,Unidentified,2,Over 51,Over 51,No Distancing/Rear End,Wet,Daylight,0,0,4,Fatal,Rainy
2809,KAG_002810,Kaggle_road_csv,0,October,Wednesday,Unknown,Truck,Unidentified,2,Over 51,Unknown,Reckless Driving,Wet,Dark,0,0,1,Minor,Clear
2810,KAG_002811,Kaggle_road_csv,0,March,Wednesday,Unknown,Truck,Unidentified,2,18-30,Unknown,No Distancing/Rear End,Dry,Daylight,0,0,1,Minor,Clear
2811,KAG_002812,Kaggle_road_csv,0,October,Friday,Unknown,Truck,Unidentified,3,18-30,18-30,Lane Violation,Dry,Daylight,0,0,1,Minor,Clear
2812,KAG_002813,Kaggle_road_csv,0,May,Friday,Unknown,Truck,Unidentified,2,Over 51,Under 18,Reckless Driving,Dry,Daylight,0,0,1,Minor,Clear
2813,KAG_002814,Kaggle_road_csv,0,March,Friday,Unknown,Truck,Unidentified,1,31-50,Unknown,Drunk/Drug Driving,Dry,Daylight,0,0,1,Minor,Clear
2814,KAG_002815,Kaggle_road_csv,0,April,Friday,Unknown,Truck,Unidentified,1,18-30,Unknown,Lane Violation,Dry,Daylight,0,0,1,Minor,Clear
2815,KAG_002816,Kaggle_road_csv,0,May,Tuesday,Unknown,Truck,Unidentified,1,18-30,18-30,Reckless Driving,Dry,Daylight,0,0,1,Minor,Clear
2816,KAG_002817,Kaggle_road_csv,0,August,Wednesday,Unknown,Truck,Unidentified,2,31-50,Under 18,Reckless Driving,Wet,Daylight,0,0,4,Minor,Rainy
2817,KAG_002818,Kaggle_road_csv,0,July,Wednesday,Unknown,Truck,Unidentified,2,31-50,Unknown,Reckless Driving,Wet,Daylight,0,0,4,Minor,Rainy
2818,KAG_002819,Kaggle_road_csv,0,March,Thursday,Unknown,Truck,Unidentified,2,18-30,Unknown,No Distancing/Rear End,Dry,Daylight,0,0,1,Minor,Clear
2819,KAG_002820,Kaggle_road_csv,0,May,Friday,Unknown,Truck,Unidentified,2,31-50,Unknown,Lane Violation,Dry,Dark,0,0,1,Minor,Clear
2820,KAG_002821,Kaggle_road_csv,0,March,Thursday,Unknown,Truck,Unidentified,2,31-50,31-50,No Distancing/Rear End,Wet,Daylight,0,0,1,Minor,Clear
2821,KAG_002822,Kaggle_road_csv,0,October,Monday,Unknown,Truck,Unidentified,2,31-50,18-30,Lane Violation,Dry,Daylight,0,0,2,Minor,Clear
2822,KAG_002823,Kaggle_road_csv,0,May,Monday,Unknown,Truck,Unidentified,2,Over 51,18-30,No Distancing/Rear End,Dry,Daylight,0,0,1,Serious,Clear
2823,KAG_002824,Kaggle_road_csv,0,May,Monday,Unknown,Truck,Unidentified,2,Over 51,Unknown,Lane Violation,Dry,Daylight,0,0,1,Serious,Clear
2824,KAG_002825,Kaggle_road_csv,0,August,Wednesday,Unknown,Truck,Unidentified,3,31-50,Unknown,No Distancing/Rear End,Wet,Daylight,0,0,2,Serious,Rainy
2825,KAG_002826,Kaggle_road_csv,0,September,Saturday,Unknown,Truck,Unidentified,3,18-30,18-30,No Distancing/Rear End,Wet,Daylight,0,0,2,Serious,Rainy
2826,KAG_002827,Kaggle_road_csv,0,May,Saturday,Unknown,Truck,Unidentified,1,18-30,18-30,Lane Violation,Dry,Daylight,0,0,1,Serious,Clear
2827,KAG_002828,Kaggle_road_csv,0,May,Monday,Unknown,Truck,Unidentified,2,18-30,Unknown,Reckless Driving,Dry,Daylight,0,0,1,Minor,Clear
2828,KAG_002829,Kaggle_road_csv,0,April,Tuesday,Unknown,Truck,Unidentified,1,Over 51,Unknown,Lane Violation,Dry,Dark,0,0,2,Minor,Clear
2829,KAG_002830,Kaggle_road_csv,0,March,Saturday,Unknown,Truck,Unidentified,2,31-50,18-30,No Distancing/Rear End,Dry,Daylight,0,0,1,Serious,Clear
2830,KAG_002831,Kaggle_road_csv,0,April,Monday,Unknown,Truck,Unidentified,2,Over 51,Under 18,Lane Violation,Dry,Daylight,0,0,2,Minor,Clear
2831,KAG_002832,Kaggle_road_csv,0,March,Wednesday,Unknown,Truck,Unidentified,2,31-50,Unknown,Reckless Driving,Dry,Dark,0,0,3,Serious,Clear
2832,KAG_002833,Kaggle_road_csv,0,October,Tuesday,Unknown,Truck,Unidentified,2,31-50,18-30,Lane Violation,Dry,Dark,0,0,3,Serious,Clear
2833,KAG_002834,Kaggle_road_csv,0,October,Friday,Unknown,Truck,Unidentified,2,31-50,31-50,Reckless Driving,Dry,Dark,0,0,1,Minor,Clear
2834,KAG_002835,Kaggle_road_csv,0,April,Sunday,Unknown,Truck,Unidentified,2,18-30,31-50,Reckless Driving,Dry,Daylight,0,0,1,Minor,Clear
2835,KAG_002836,Kaggle_road_csv,0,May,Friday,Unknown,Truck,Unidentified,3,18-30,31-50,No Distancing/Rear End,Dry,Daylight,0,0,1,Minor,Clear
2836,KAG_002837,Kaggle_road_csv,0,May,Tuesday,Unknown,Truck,Unidentified,2,18-30,Over 51,Drunk/Drug Driving,Dry,Daylight,0,0,3,Minor,Clear
2837,KAG_002838,Kaggle_road_csv,0,March,Thursday,Unknown,Truck,Unidentified,2,31-50,Under 18,Lane Violation,Dry,Daylight,0,0,3,Minor,Clear
2838,KAG_002839,Kaggle_road_csv,0,March,Tuesday,Unknown,Truck,Unidentified,2,31-50,Unknown,No Distancing/Rear End,Dry,Daylight,0,0,1,Minor,Clear
2839,KAG_002840,Kaggle_road_csv,0,August,Sunday,Unknown,Truck,Unidentified,2,18-30,Unknown,No Distancing/Rear End,Wet,Daylight,0,0,1,Minor,Rainy
2840,KAG_002841,Kaggle_road_csv,0,September,Tuesday,Unknown,Truck,Unidentified,2,Under 18,Unknown,Lane Violation,Wet,Dark,0,0,1,Minor,Rainy
2841,KAG_002842,Kaggle_road_csv,0,September,Tuesday,Unknown,Truck,Unidentified,2,31-50,31-50,Reckless Driving,Wet,Dark,0,0,1,Minor,Rainy
2842,KAG_002843,Kaggle_road_csv,0,June,Tuesday,Unknown,Truck,Unidentified,2,18-30,Unknown,No Distancing/Rear End,Wet,Daylight,0,0,2,Minor,Rainy
2843,KAG_002844,Kaggle_road_csv,0,July,Saturday,Unknown,Truck,Unidentified,2,18-30,Unknown,Loss of Control,Wet,Daylight,0,0,2,Minor,Rainy
2844,KAG_002845,Kaggle_road_csv,0,October,Friday,Unknown,Truck,Unidentified,1,18-30,Unknown,Lane Violation,Dry,Daylight,0,0,1,Minor,Clear
2845,KAG_002846,Kaggle_road_csv,0,October,Thursday,Unknown,Truck,Unidentified,2,31-50,Unknown,Lane Violation,Wet,Dark,0,0,5,Minor,Clear
2846,KAG_002847,Kaggle_road_csv,0,September,Sunday,Unknown,Truck,Unidentified,2,Unknown,Unknown,Lane Violation,Wet,Dark,0,0,1,Minor,Rainy
2847,KAG_002848,Kaggle_road_csv,0,March,Saturday,Unknown,Truck,Unidentified,2,31-50,18-30,No Distancing/Rear End,Wet,Dark,0,0,1,Minor,Clear
2848,KAG_002849,Kaggle_road_csv,0,September,Saturday,Unknown,Truck,Unidentified,2,Under 18,Under 18,Reckless Driving,Wet,Dark,0,0,1,Minor,Rainy
2849,KAG_002850,Kaggle_road_csv,0,October,Monday,Unknown,Truck,Unidentified,3,31-50,18-30,No Distancing/Rear End,Wet,Dark,0,0,1,Minor,Clear
2850,KAG_002851,Kaggle_road_csv,0,March,Saturday,Unknown,Truck,Unidentified,1,18-30,Over 51,Lane Violation,Wet,Dark,0,0,1,Minor,Clear
2851,KAG_002852,Kaggle_road_csv,0,June,Thursday,Unknown,Truck,Unidentified,2,31-50,Over 51,Drunk/Drug Driving,Wet,Daylight,0,0,2,Minor,Rainy
2852,KAG_002853,Kaggle_road_csv,0,March,Wednesday,Unknown,Truck,Unidentified,1,18-30,18-30,No Distancing/Rear End,Dry,Dark,0,0,1,Fatal,Clear
2853,KAG_002854,Kaggle_road_csv,0,July,Friday,Unknown,Truck,Unidentified,2,31-50,Unknown,Lane Violation,Wet,Daylight,0,0,1,Minor,Rainy
2854,KAG_002855,Kaggle_road_csv,0,March,Friday,Unknown,Truck,Unidentified,2,31-50,18-30,No Distancing/Rear End,Wet,Dark,0,0,1,Minor,Clear
2855,KAG_002856,Kaggle_road_csv,0,May,Thursday,Unknown,Truck,Unidentified,2,31-50,Unknown,Reckless Driving,Wet,Dark,0,0,1,Minor,Clear
2856,KAG_002857,Kaggle_road_csv,0,March,Saturday,Unknown,Truck,Unidentified,1,Under 18,Unknown,Reckless Driving,Dry,Daylight,0,0,1,Serious,Clear
2857,KAG_002858,Kaggle_road_csv,0,March,Thursday,Unknown,Truck,Unidentified,2,31-50,Unknown,No Distancing/Rear End,Wet,Daylight,0,0,1,Minor,Clear
2858,KAG_002859,Kaggle_road_csv,0,April,Saturday,Unknown,Truck,Unidentified,1,Under 18,31-50,Reckless Driving,Wet,Dark,0,0,1,Minor,Clear
2859,KAG_002860,Kaggle_road_csv,0,May,Wednesday,Unknown,Truck,Unidentified,1,18-30,Unknown,No Distancing/Rear End,Dry,Daylight,0,0,2,Minor,Clear
2860,KAG_002861,Kaggle_road_csv,0,October,Tuesday,Unknown,Truck,Unidentified,1,Under 18,18-30,No Distancing/Rear End,Dry,Dark,0,0,2,Serious,Clear
2861,KAG_002862,Kaggle_road_csv,0,April,Monday,Unknown,Truck,Unidentified,1,31-50,31-50,Reckless Driving,Wet,Daylight,0,0,1,Minor,Clear
2862,KAG_002863,Kaggle_road_csv,0,April,Wednesday,Unknown,Truck,Unidentified,3,31-50,Unknown,Reckless Driving,Dry,Daylight,0,0,1,Minor,Clear
2863,KAG_002864,Kaggle_road_csv,0,April,Wednesday,Unknown,Truck,Unidentified,2,31-50,18-30,No Distancing/Rear End,Dry,Daylight,0,0,1,Minor,Clear
2864,KAG_002865,Kaggle_road_csv,0,May,Wednesday,Unknown,Truck,Unidentified,2,18-30,18-30,Lane Violation,Dry,Daylight,0,0,1,Minor,Clear
2865,KAG_002866,Kaggle_road_csv,0,April,Wednesday,Unknown,Truck,Unidentified,4,18-30,Unknown,Lane Violation,Dry,Daylight,0,0,1,Minor,Clear
2866,KAG_002867,Kaggle_road_csv,0,March,Monday,Unknown,Truck,Unidentified,2,31-50,Unknown,No Distancing/Rear End,Dry,Daylight,0,0,1,Minor,Clear
2867,KAG_002868,Kaggle_road_csv,0,October,Friday,Unknown,Truck,Unidentified,1,Under 18,31-50,No Distancing/Rear End,Dry,Dark,0,0,4,Fatal,Clear
2868,KAG_002869,Kaggle_road_csv,0,April,Friday,Unknown,Truck,Unidentified,1,31-50,Over 51,Reckless Driving,Dry,Dark,0,0,4,Fatal,Clear
2869,KAG_002870,Kaggle_road_csv,0,October,Saturday,Unknown,Truck,Unidentified,3,18-30,Unknown,Reckless Driving,Dry,Daylight,0,0,1,Minor,Clear
2870,KAG_002871,Kaggle_road_csv,0,October,Sunday,Unknown,Truck,Unidentified,2,31-50,Unknown,No Distancing/Rear End,Dry,Daylight,0,0,1,Minor,Clear
2871,KAG_002872,Kaggle_road_csv,0,October,Friday,Unknown,Truck,Unidentified,2,18-30,Unknown,Lane Violation,Dry,Daylight,0,0,1,Minor,Clear
2872,KAG_002873,Kaggle_road_csv,0,April,Tuesday,Unknown,Truck,Unidentified,2,18-30,18-30,Reckless Driving,Dry,Daylight,0,0,1,Minor,Clear
2873,KAG_002874,Kaggle_road_csv,0,May,Tuesday,Unknown,Truck,Unidentified,2,31-50,31-50,Reckless Driving,Dry,Daylight,0,0,1,Minor,Clear
2874,KAG_002875,Kaggle_road_csv,0,March,Sunday,Unknown,Truck,Unidentified,4,18-30,31-50,Unknown/Other,Dry,Daylight,0,0,5,Minor,Clear
2875,KAG_002876,Kaggle_road_csv,0,May,Sunday,Unknown,Truck,Unidentified,4,31-50,31-50,Lane Violation,Dry,Daylight,0,0,5,Minor,Clear
2876,KAG_002877,Kaggle_road_csv,0,May,Monday,Unknown,Truck,Unidentified,2,Unknown,18-30,Reckless Driving,Dry,Daylight,0,0,2,Serious,Clear
2877,KAG_002878,Kaggle_road_csv,0,May,Friday,Unknown,Truck,Unidentified,2,18-30,Over 51,Reckless Driving,Dry,Daylight,0,0,2,Serious,Clear
2878,KAG_002879,Kaggle_road_csv,0,March,Saturday,Unknown,Truck,Unidentified,2,Over 51,Unknown,Lane Violation,Dry,Daylight,0,0,2,Minor,Clear
2879,KAG_002880,Kaggle_road_csv,0,April,Wednesday,Unknown,Truck,Unidentified,2,31-50,31-50,Reckless Driving,Dry,Daylight,0,0,2,Minor,Clear
2880,KAG_002881,Kaggle_road_csv,0,April,Wednesday,Unknown,Truck,Unidentified,2,Over 51,Under 18,Lane Violation,Dry,Daylight,0,0,2,Minor,Clear
2881,KAG_002882,Kaggle_road_csv,0,April,Tuesday,Unknown,Truck,Unidentified,2,Over 51,31-50,No Distancing/Rear End,Dry,Daylight,0,0,1,Serious,Clear
2882,KAG_002883,Kaggle_road_csv,0,October,Thursday,Unknown,Truck,Unidentified,2,Over 51,Unknown,No Distancing/Rear End,Dry,Daylight,0,0,1,Minor,Clear
2883,KAG_002884,Kaggle_road_csv,0,August,Thursday,Unknown,Truck,Unidentified,1,18-30,Unknown,Lane Violation,Wet,Daylight,0,0,1,Minor,Rainy
2884,KAG_002885,Kaggle_road_csv,0,October,Saturday,Unknown,Truck,Unidentified,2,18-30,18-30,Lane Violation,Dry,Daylight,0,0,1,Minor,Clear
2885,KAG_002886,Kaggle_road_csv,0,May,Wednesday,Unknown,Truck,Unidentified,2,Over 51,Unknown,No Distancing/Rear End,Dry,Daylight,0,0,1,Minor,Clear
2886,KAG_002887,Kaggle_road_csv,0,October,Friday,Unknown,Truck,Unidentified,2,31-50,18-30,Speeding,Dry,Daylight,0,0,1,Minor,Clear
2887,KAG_002888,Kaggle_road_csv,0,March,Friday,Unknown,Truck,Unidentified,1,18-30,Unknown,Reckless Driving,Dry,Daylight,0,0,1,Minor,Clear
2888,KAG_002889,Kaggle_road_csv,0,October,Friday,Unknown,Truck,Unidentified,2,18-30,18-30,Reckless Driving,Dry,Daylight,0,0,1,Minor,Clear
2889,KAG_002890,Kaggle_road_csv,0,March,Friday,Unknown,Truck,Unidentified,2,31-50,Unknown,No Distancing/Rear End,Dry,Daylight,0,0,3,Minor,Clear
2890,KAG_002891,Kaggle_road_csv,0,October,Saturday,Unknown,Truck,Unidentified,3,18-30,Unknown,No Distancing/Rear End,Dry,Daylight,0,0,3,Minor,Clear
2891,KAG_002892,Kaggle_road_csv,0,April,Wednesday,Unknown,Truck,Unidentified,3,Under 18,Unknown,No Distancing/Rear End,Dry,Daylight,0,0,3,Minor,Clear
2892,KAG_002893,Kaggle_road_csv,0,April,Wednesday,Unknown,Truck,Unidentified,1,31-50,18-30,Lane Violation,Dry,Dark,0,0,1,Serious,Clear
2893,KAG_002894,Kaggle_road_csv,0,March,Tuesday,Unknown,Truck,Unidentified,2,Over 51,18-30,Reckless Driving,Dry,Daylight,0,0,1,Minor,Clear
2894,KAG_002895,Kaggle_road_csv,0,May,Friday,Unknown,Truck,Unidentified,6,18-30,Unknown,Reckless Driving,Dry,Daylight,0,0,2,Serious,Clear
2895,KAG_002896,Kaggle_road_csv,0,October,Friday,Unknown,Truck,Unidentified,2,31-50,31-50,Lane Violation,Dry,Daylight,0,0,2,Minor,Clear
2896,KAG_002897,Kaggle_road_csv,0,October,Sunday,Unknown,Truck,Unidentified,2,18-30,Unknown,Reckless Driving,Dry,Daylight,0,0,2,Minor,Clear
2897,KAG_002898,Kaggle_road_csv,0,March,Sunday,Unknown,Truck,Unidentified,1,18-30,31-50,Reckless Driving,Dry,Daylight,0,0,1,Minor,Clear
2898,KAG_002899,Kaggle_road_csv,0,March,Sunday,Unknown,Truck,Unidentified,2,Over 51,Unknown,Lane Violation,Dry,Daylight,0,0,1,Serious,Clear
2899,KAG_002900,Kaggle_road_csv,0,October,Tuesday,Unknown,Truck,Unidentified,2,31-50,Under 18,Reckless Driving,Dry,Daylight,0,0,1,Serious,Clear
2900,KAG_002901,Kaggle_road_csv,0,March,Sunday,Unknown,Truck,Unidentified,2,31-50,Unknown,No Distancing/Rear End,Dry,Daylight,0,0,1,Minor,Clear
2901,KAG_002902,Kaggle_road_csv,0,October,Sunday,Unknown,Truck,Unidentified,1,31-50,31-50,No Distancing/Rear End,Dry,Daylight,0,0,1,Minor,Clear
2902,KAG_002903,Kaggle_road_csv,0,May,Friday,Unknown,Truck,Unidentified,2,Unknown,31-50,Speeding,Dry,Daylight,0,0,1,Serious,Clear
2903,KAG_002904,Kaggle_road_csv,0,October,Friday,Unknown,Truck,Unidentified,2,31-50,18-30,Lane Violation,Dry,Daylight,0,0,1,Minor,Clear
2904,KAG_002905,Kaggle_road_csv,0,April,Thursday,Unknown,Truck,Unidentified,2,18-30,Unknown,Reckless Driving,Dry,Daylight,0,0,1,Minor,Clear
2905,KAG_002906,Kaggle_road_csv,0,September,Friday,Unknown,Truck,Unidentified,2,18-30,Unknown,Reckless Driving,Wet,Daylight,0,0,2,Minor,Rainy
2906,KAG_002907,Kaggle_road_csv,0,March,Thursday,Unknown,Truck,Unidentified,3,Over 51,31-50,Lane Violation,Dry,Daylight,0,0,2,Minor,Clear
2907,KAG_002908,Kaggle_road_csv,0,October,Thursday,Unknown,Truck,Unidentified,3,18-30,Unknown,Reckless Driving,Dry,Daylight,0,0,2,Minor,Clear
2908,KAG_002909,Kaggle_road_csv,0,May,Wednesday,Unknown,Truck,Unidentified,3,18-30,18-30,Lane Violation,Dry,Daylight,0,0,2,Minor,Clear
2909,KAG_002910,Kaggle_road_csv,0,September,Monday,Unknown,Truck,Unidentified,2,18-30,31-50,Loss of Control,Wet,Daylight,0,0,2,Minor,Rainy
2910,KAG_002911,Kaggle_road_csv,0,June,Sunday,Unknown,Truck,Unidentified,2,31-50,Unknown,No Distancing/Rear End,Wet,Daylight,0,0,2,Minor,Rainy
2911,KAG_002912,Kaggle_road_csv,0,June,Sunday,Unknown,Truck,Unidentified,1,Unknown,Unknown,No Distancing/Rear End,Wet,Daylight,0,0,2,Minor,Rainy
2912,KAG_002913,Kaggle_road_csv,0,May,Tuesday,Unknown,Truck,Unidentified,2,31-50,18-30,Lane Violation,Dry,Daylight,0,0,2,Minor,Clear
2913,KAG_002914,Kaggle_road_csv,0,October,Tuesday,Unknown,Truck,Unidentified,2,31-50,18-30,No Distancing/Rear End,Dry,Dark,0,0,1,Minor,Clear
2914,KAG_002915,Kaggle_road_csv,0,May,Monday,Unknown,Truck,Unidentified,2,31-50,Unknown,No Distancing/Rear End,Dry,Dark,0,0,1,Minor,Clear
2915,KAG_002916,Kaggle_road_csv,0,August,Saturday,Unknown,Truck,Unidentified,2,Over 51,Unknown,Reckless Driving,Wet,Daylight,0,0,4,Minor,Rainy
2916,KAG_002917,Kaggle_road_csv,0,March,Wednesday,Unknown,Truck,Unidentified,2,18-30,Under 18,Reckless Driving,Dry,Daylight,0,0,1,Minor,Clear
2917,KAG_002918,Kaggle_road_csv,0,March,Monday,Unknown,Truck,Unidentified,2,18-30,Unknown,Reckless Driving,Wet,Daylight,0,0,1,Serious,Clear
2918,KAG_002919,Kaggle_road_csv,0,May,Friday,Unknown,Truck,Unidentified,2,18-30,31-50,Lane Violation,Dry,Daylight,0,0,1,Minor,Clear
2919,KAG_002920,Kaggle_road_csv,0,April,Monday,Unknown,Truck,Unidentified,2,31-50,Unknown,Reckless Driving,Dry,Daylight,0,0,1,Minor,Clear
2920,KAG_002921,Kaggle_road_csv,0,March,Thursday,Unknown,Truck,Unidentified,1,31-50,Over 51,Lane Violation,Dry,Daylight,0,0,1,Serious,Clear
2921,KAG_002922,Kaggle_road_csv,0,May,Wednesday,Unknown,Truck,Unidentified,6,18-30,Unknown,Reckless Driving,Dry,Dark,0,0,2,Minor,Clear
2922,KAG_002923,Kaggle_road_csv,0,October,Wednesday,Unknown,Truck,Unidentified,6,Over 51,Unknown,No Distancing/Rear End,Dry,Dark,0,0,2,Minor,Clear