,accident_id,source,year,month,day_of_week,state,vehicle_1,vehicle_2,vehicles_involved,party_age_group,victim_age_group,cause_of_accident,road_condition,lighting_condition,fatalities,injuries,casualties,severity,weather_group
2923,KAG_002924,Kaggle_road_csv,0,March,Thursday,Unknown,Truck,Unidentified,4,31-50,31-50,Lane Violation,Dry,Daylight,0,0,2,Minor,Clear
2924,KAG_002925,Kaggle_road_csv,0,March,Friday,Unknown,Truck,Unidentified,4,31-50,Unknown,Lane Violation,Dry,Daylight,0,0,2,Minor,Clear
2925,KAG_002926,Kaggle_road_csv,0,October,Tuesday,Unknown,Truck,Unidentified,2,Over 51,31-50,No Distancing/Rear End,Dry,Daylight,0,0,1,Minor,Clear
2926,KAG_002927,Kaggle_road_csv,0,October,Tuesday,Unknown,Truck,Unidentified,3,31-50,Unknown,Lane Violation,Dry,Daylight,0,0,2,Minor,Clear
2927,KAG_002928,Kaggle_road_csv,0,April,Monday,Unknown,Truck,Unidentified,3,31-50,Unknown,No Distancing/Rear End,Dry,Daylight,0,0,1,Minor,Clear
2928,KAG_002929,Kaggle_road_csv,0,October,Thursday,Unknown,Truck,Unidentified,3,18-30,Under 18,No Distancing/Rear End,Dry,Daylight,0,0,1,Minor,Clear
2929,KAG_002930,Kaggle_road_csv,0,October,Thursday,Unknown,Truck,Unidentified,2,Over 51,Unknown,Lane Violation,Dry,Daylight,0,0,1,Minor,Clear
2930,KAG_002931,Kaggle_road_csv,0,May,Thursday,Unknown,Truck,Unidentified,2,31-50,18-30,No Distancing/Rear End,Dry,Daylight,0,0,1,Minor,Clear
2931,KAG_002932,Kaggle_road_csv,0,March,Saturday,Unknown,Truck,Unidentified,2,Over 51,Unknown,Reckless Driving,Dry,Daylight,0,0,1,Serious,Clear
2932,KAG_002933,Kaggle_road_csv,0,March,Sunday,Unknown,Truck,Unidentified,2,Over 51,Over 51,Lane Violation,Dry,Daylight,0,0,3,Minor,Clear
2933,KAG_002934,Kaggle_road_csv,0,April,Sunday,Unknown,Truck,Unidentified,2,31-50,Over 51,Reckless Driving,Dry,Daylight,0,0,3,Minor,Clear
2934,KAG_002935,Kaggle_road_csv,0,March,Sunday,Unknown,Truck,Unidentified,1,31-50,18-30,Reckless Driving,Dry,Daylight,0,0,1,Minor,Clear
2935,KAG_002936,Kaggle_road_csv,0,October,Friday,Unknown,Truck,Unidentified,2,31-50,18-30,Reckless Driving,Dry,Daylight,0,0,1,Minor,Clear
2936,KAG_002937,Kaggle_road_csv,0,May,Monday,Unknown,Truck,Unidentified,2,31-50,18-30,Reckless Driving,Dry,Daylight,0,0,1,Minor,Clear
2937,KAG_002938,Kaggle_road_csv,0,October,Saturday,Unknown,Truck,Unidentified,2,18-30,Unknown,No Distancing/Rear End,Dry,Daylight,0,0,1,Minor,Clear
2938,KAG_002939,Kaggle_road_csv,0,March,Tuesday,Unknown,Truck,Unidentified,2,18-30,18-30,No Distancing/Rear End,Dry,Daylight,0,0,1,Minor,Clear
2939,KAG_002940,Kaggle_road_csv,0,April,Saturday,Unknown,Truck,Unidentified,2,31-50,Unknown,Reckless Driving,Dry,Daylight,0,0,1,Minor,Clear
2940,KAG_002941,Kaggle_road_csv,0,March,Saturday,Unknown,Truck,Unidentified,2,18-30,18-30,Reckless Driving,Dry,Daylight,0,0,1,Minor,Clear
2941,KAG_002942,Kaggle_road_csv,0,April,Wednesday,Unknown,Truck,Unidentified,2,18-30,Unknown,No Distancing/Rear End,Dry,Dark,0,0,1,Minor,Clear
2942,KAG_002943,Kaggle_road_csv,0,May,Friday,Unknown,Truck,Unidentified,2,18-30,Under 18,Reckless Driving,Wet,Dark,0,0,1,Serious,Clear
2943,KAG_002944,Kaggle_road_csv,0,May,Friday,Unknown,Truck,Unidentified,2,18-30,Under 18,Speeding,Wet,Dark,0,0,1,Serious,Clear
2944,KAG_002945,Kaggle_road_csv,0,October,Sunday,Unknown,Truck,Unidentified,2,31-50,18-30,No Distancing/Rear End,Dry,Daylight,0,0,1,Serious,Clear
2945,KAG_002946,Kaggle_road_csv,0,May,Sunday,Unknown,Truck,Unidentified,2,18-30,Under 18,Reckless Driving,Dry,Daylight,0,0,1,Fatal,Clear
2946,KAG_002947,Kaggle_road_csv,0,March,Saturday,Unknown,Truck,Unidentified,2,31-50,31-50,Drunk/Drug Driving,Dry,Daylight,0,0,1,Minor,Clear
2947,KAG_002948,Kaggle_road_csv,0,April,Saturday,Unknown,Truck,Unidentified,3,Under 18,Unknown,Drunk/Drug Driving,Dry,Daylight,0,0,1,Minor,Clear
2948,KAG_002949,Kaggle_road_csv,0,October,Tuesday,Unknown,Truck,Unidentified,2,18-30,31-50,No Distancing/Rear End,Dry,Dark,0,0,1,Minor,Clear
2949,KAG_002950,Kaggle_road_csv,0,March,Sunday,Unknown,Truck,Unidentified,1,31-50,Unknown,Reckless Driving,Dry,Daylight,0,0,1,Minor,Clear
2950,KAG_002951,Kaggle_road_csv,0,March,Monday,Unknown,Truck,Unidentified,1,Over 51,Unknown,Lane Violation,Dry,Dark,0,0,4,Serious,Clear
2951,KAG_002952,Kaggle_road_csv,0,April,Sunday,Unknown,Truck,Unidentified,1,31-50,31-50,Lane Violation,Dry,Dark,0,0,4,Serious,Clear
2952,KAG_002953,Kaggle_road_csv,0,May,Sunday,Unknown,Truck,Unidentified,3,Over 51,Unknown,Lane Violation,Dry,Dark,0,0,1,Minor,Clear
2953,KAG_002954,Kaggle_road_csv,0,March,Tuesday,Unknown,Truck,Unidentified,2,31-50,Unknown,Reckless Driving,Dry,Daylight,0,0,1,Minor,Clear
2954,KAG_002955,Kaggle_road_csv,0,April,Wednesday,Unknown,Truck,Unidentified,1,31-50,31-50,Reckless Driving,Dry,Daylight,0,0,1,Minor,Clear
2955,KAG_002956,Kaggle_road_csv,0,May,Thursday,Unknown,Truck,Unidentified,2,18-30,Unknown,Drunk/Drug Driving,Dry,Dark,0,0,3,Minor,Clear
2956,KAG_002957,Kaggle_road_csv,0,April,Wednesday,Unknown,Truck,Unidentified,1,Over 51,31-50,Reckless Driving,Dry,Daylight,0,0,1,Serious,Clear
2957,KAG_002958,Kaggle_road_csv,0,May,Thursday,Unknown,Truck,Unidentified,1,31-50,18-30,No Distancing/Rear End,Dry,Dark,0,0,3,Minor,Clear
2958,KAG_002959,Kaggle_road_csv,0,March,Thursday,Unknown,Truck,Unidentified,1,18-30,31-50,Lane Violation,Dry,Daylight,0,0,1,Minor,Clear
2959,KAG_002960,Kaggle_road_csv,0,July,Wednesday,Unknown,Truck,Unidentified,2,31-50,31-50,Reckless Driving,Wet,Dark,0,0,1,Minor,Rainy
2960,KAG_002961,Kaggle_road_csv,0,March,Friday,Unknown,Truck,Unidentified,1,18-30,Unknown,Drunk/Drug Driving,Wet,Dark,0,0,2,Serious,Clear
2961,KAG_002962,Kaggle_road_csv,0,March,Thursday,Unknown,Truck,Unidentified,2,Under 18,18-30,No Distancing/Rear End,Dry,Dark,0,0,2,Minor,Clear
2962,KAG_002963,Kaggle_road_csv,0,March,Tuesday,Unknown,Truck,Unidentified,2,18-30,Unknown,Lane Violation,Dry,Dark,0,0,2,Minor,Clear
2963,KAG_002964,Kaggle_road_csv,0,October,Saturday,Unknown,Truck,Unidentified,2,Over 51,18-30,Lane Violation,Dry,Dark,0,0,2,Minor,Clear
2964,KAG_002965,Kaggle_road_csv,0,March,Saturday,Unknown,Truck,Unidentified,2,31-50,18-30,Reckless Driving,Dry,Dark,0,0,2,Minor,Clear
2965,KAG_002966,Kaggle_road_csv,0,September,Thursday,Unknown,Truck,Unidentified,2,18-30,31-50,Lane Violation,Wet,Dark,0,0,1,Minor,Rainy
2966,KAG_002967,Kaggle_road_csv,0,April,Thursday,Unknown,Truck,Unidentified,2,31-50,31-50,No Distancing/Rear End,Dry,Dark,0,0,1,Minor,Clear
2967,KAG_002968,Kaggle_road_csv,0,April,Thursday,Unknown,Truck,Unidentified,2,18-30,Unknown,Loss of Control,Dry,Daylight,0,0,2,Minor,Clear
2968,KAG_002969,Kaggle_road_csv,0,October,Monday,Unknown,Truck,Unidentified,2,18-30,Unknown,Unknown/Other,Wet,Dark,0,0,1,Minor,Clear
2969,KAG_002970,Kaggle_road_csv,0,August,Thursday,Unknown,Truck,Unidentified,2,31-50,18-30,Lane Violation,Wet,Daylight,0,0,3,Minor,Rainy
2970,KAG_002971,Kaggle_road_csv,0,July,Monday,Unknown,Truck,Unidentified,2,18-30,18-30,Reckless Driving,Wet,Dark,0,0,1,Minor,Rainy
2971,KAG_002972,Kaggle_road_csv,0,April,Thursday,Unknown,Truck,Unidentified,2,18-30,18-30,Reckless Driving,Wet,Daylight,0,0,1,Serious,Clear
2972,KAG_002973,Kaggle_road_csv,0,May,Wednesday,Unknown,Truck,Unidentified,2,31-50,Unknown,Reckless Driving,Dry,Daylight,0,0,1,Minor,Clear
2973,KAG_002974,Kaggle_road_csv,0,October,Friday,Unknown,Truck,Unidentified,2,31-50,Over 51,Lane Violation,Dry,Daylight,0,0,1,Minor,Clear
2974,KAG_002975,Kaggle_road_csv,0,May,Saturday,Unknown,Truck,Unidentified,2,Over 51,31-50,Lane Violation,Wet,Dark,0,0,1,Minor,Clear
2975,KAG_002976,Kaggle_road_csv,0,May,Tuesday,Unknown,Truck,Unidentified,2,18-30,Unknown,Speeding,Wet,Dark,0,0,1,Minor,Clear
2976,KAG_002977,Kaggle_road_csv,0,July,Friday,Unknown,Truck,Unidentified,2,31-50,18-30,Unknown/Other,Wet,Daylight,0,0,2,Minor,Rainy
2977,KAG_002978,Kaggle_road_csv,0,March,Monday,Unknown,Truck,Unidentified,1,18-30,18-30,No Distancing/Rear End,Wet,Dark,0,0,1,Minor,Clear
2978,KAG_002979,Kaggle_road_csv,0,October,Thursday,Unknown,Truck,Unidentified,6,18-30,31-50,Lane Violation,Dry,Daylight,0,0,1,Minor,Clear
2979,KAG_002980,Kaggle_road_csv,0,August,Thursday,Unknown,Truck,Unidentified,2,31-50,31-50,Speeding,Wet,Daylight,0,0,2,Minor,Rainy
2980,KAG_002981,Kaggle_road_csv,0,September,Thursday,Unknown,Truck,Unidentified,2,31-50,31-50,Lane Violation,Wet,Dark,0,0,1,Minor,Rainy
2981,KAG_002982,Kaggle_road_csv,0,May,Monday,Unknown,Truck,Unidentified,2,18-30,18-30,Reckless Driving,Wet,Dark,0,0,2,Minor,Clear
2982,KAG_002983,Kaggle_road_csv,0,October,Thursday,Unknown,Truck,Unidentified,2,18-30,31-50,Reckless Driving,Wet,Daylight,0,0,2,Minor,Clear
2983,KAG_002984,Kaggle_road_csv,0,August,Saturday,Unknown,Truck,Unidentified,2,Over 51,31-50,Lane Violation,Wet,Daylight,0,0,3,Minor,Rainy
2984,KAG_002985,Kaggle_road_csv,0,August,Saturday,Unknown,Truck,Unidentified,2,Over 51,18-30,Loss of Control,Wet,Daylight,0,0,3,Minor,Rainy
2985,KAG_002986,Kaggle_road_csv,0,June,Saturday,Unknown,Truck,Unidentified,2,18-30,Unknown,Reckless Driving,Wet,Daylight,0,0,3,Minor,Rainy
2986,KAG_002987,Kaggle_road_csv,0,March,Sunday,Unknown,Truck,Unidentified,2,Over 51,31-50,No Distancing/Rear End,Dry,Dark,0,0,3,Minor,Clear
2987,KAG_002988,Kaggle_road_csv,0,May,Sunday,Unknown,Truck,Unidentified,2,Over 51,18-30,No Distancing/Rear End,Dry,Dark,0,0,3,Minor,Clear
2988,KAG_002989,Kaggle_road_csv,0,April,Sunday,Unknown,Truck,Unidentified,2,31-50,Unknown,No Distancing/Rear End,Dry,Dark,0,0,3,Minor,Clear
2989,KAG_002990,Kaggle_road_csv,0,April,Friday,Unknown,Truck,Unidentified,1,Over 51,31-50,Lane Violation,Dry,Dark,0,0,1,Minor,Clear
2990,KAG_002991,Kaggle_road_csv,0,August,Friday,Unknown,Truck,Unidentified,2,18-30,18-30,Reckless Driving,Wet,Dark,0,0,2,Minor,Rainy
2991,KAG_002992,Kaggle_road_csv,0,April,Sunday,Unknown,Truck,Unidentified,2,18-30,31-50,Unknown/Other,Dry,Dark,0,0,1,Minor,Clear
2992,KAG_002993,Kaggle_road_csv,0,April,Wednesday,Unknown,Truck,Unidentified,2,18-30,31-50,No Distancing/Rear End,Wet,Dark,0,0,2,Serious,Clear
2993,KAG_002994,Kaggle_road_csv,0,March,Wednesday,Unknown,Truck,Unidentified,3,31-50,Unknown,No Distancing/Rear End,Dry,Daylight,0,0,1,Minor,Clear
2994,KAG_002995,Kaggle_road_csv,0,May,Sunday,Unknown,Truck,Unidentified,2,Unknown,Unknown,Reckless Driving,Wet,Daylight,0,0,1,Minor,Clear
2995,KAG_002996,Kaggle_road_csv,0,September,Thursday,Unknown,Truck,Unidentified,2,31-50,18-30,Lane Violation,Wet,Dark,0,0,2,Minor,Rainy
2996,KAG_002997,Kaggle_road_csv,0,November,Sunday,Unknown,Truck,Unidentified,3,31-50,18-30,Reckless Driving,Wet,Daylight,0,0,2,Minor,Cold
2997,KAG_002998,Kaggle_road_csv,0,May,Saturday,Unknown,Truck,Unidentified,2,31-50,Unknown,Lane Violation,Wet,Dark,0,0,6,Minor,Clear
2998,KAG_002999,Kaggle_road_csv,0,March,Friday,Unknown,Truck,Unidentified,2,18-30,18-30,Lane Violation,Wet,Dark,0,0,6,Minor,Clear
2999,KAG_003000,Kaggle_road_csv,0,April,Monday,Unknown,Truck,Unidentified,2,18-30,31-50,Lane Violation,Wet,Dark,0,0,6,Minor,Clear
3000,KAG_003001,Kaggle_road_csv,0,April,Saturday,Unknown,Truck,Unidentified,2,31-50,Under 18,No Distancing/Rear End,Wet,Dark,0,0,2,Minor,Clear
3001,KAG_003002,Kaggle_road_csv,0,March,Saturday,Unknown,Truck,Unidentified,2,18-30,18-30,Reckless Driving,Dry,Daylight,0,0,1,Minor,Clear
3002,KAG_003003,Kaggle_road_csv,0,May,Monday,Unknown,Truck,Unidentified,1,31-50,Unknown,No Distancing/Rear End,Wet,Dark,0,0,1,Minor,Clear
3003,KAG_003004,Kaggle_road_csv,0,May,Thursday,Unknown,Truck,Unidentified,2,18-30,31-50,No Distancing/Rear End,Wet,Daylight,0,0,1,Minor,Clear
3004,KAG_003005,Kaggle_road_csv,0,April,Wednesday,Unknown,Truck,Unidentified,2,18-30,Over 51,No Distancing/Rear End,Wet,Daylight,0,0,1,Minor,Clear
3005,KAG_003006,Kaggle_road_csv,0,March,Friday,Unknown,Truck,Unidentified,2,31-50,Unknown,Reckless Driving,Wet,Dark,0,0,2,Minor,Clear
3006,KAG_003007,Kaggle_road_csv,0,April,Sunday,Unknown,Truck,Unidentified,3,Unknown,31-50,Lane Violation,Dry,Daylight,0,0,3,Minor,Clear
3007,KAG_003008,Kaggle_road_csv,0,May,Sunday,Unknown,Truck,Unidentified,3,Over 51,18-30,Reckless Driving,Dry,Daylight,0,0,3,Minor,Clear
3008,KAG_003009,Kaggle_road_csv,0,October,Sunday,Unknown,Truck,Unidentified,3,18-30,18-30,Lane Violation,Dry,Daylight,0,0,3,Minor,Clear
3009,KAG_003010,Kaggle_road_csv,0,May,Tuesday,Unknown,Truck,Unidentified,2,18-30,18-30,No Distancing/Rear End,Dry,Daylight,0,0,1,Minor,Clear
3010,KAG_003011,Kaggle_road_csv,0,April,Sunday,Unknown,Truck,Unidentified,3,18-30,Unknown,Lane Violation,Dry,Dark,0,0,3,Minor,Clear
3011,KAG_003012,Kaggle_road_csv,0,October,Monday,Unknown,Truck,Unidentified,3,31-50,Unknown,Lane Violation,Dry,Daylight,0,0,4,Serious,Clear
3012,KAG_003013,Kaggle_road_csv,0,April,Monday,Unknown,Truck,Unidentified,3,Unknown,Under 18,No Distancing/Rear End,Dry,Daylight,0,0,4,Serious,Clear
3013,KAG_003014,Kaggle_road_csv,0,March,Tuesday,Unknown,Truck,Unidentified,2,Under 18,Over 51,Reckless Driving,Wet,Dark,0,0,1,Minor,Clear
3014,KAG_003015,Kaggle_road_csv,0,December,Tuesday,Unknown,Truck,Unidentified,2,Under 18,Over 51,Lane Violation,Wet,Daylight,0,0,1,Minor,Fog/Mist
3015,KAG_003016,Kaggle_road_csv,0,January,Tuesday,Unknown,Truck,Unidentified,2,31-50,Under 18,Reckless Driving,Wet,Daylight,0,0,1,Minor,Fog/Mist
3016,KAG_003017,Kaggle_road_csv,0,April,Friday,Unknown,Truck,Unidentified,2,Over 51,31-50,No Distancing/Rear End,Dry,Daylight,0,0,1,Serious,Clear
3017,KAG_003018,Kaggle_road_csv,0,May,Friday,Unknown,Truck,Unidentified,2,18-30,Unknown,Reckless Driving,Dry,Daylight,0,0,2,Minor,Clear
3018,KAG_003019,Kaggle_road_csv,0,April,Saturday,Unknown,Truck,Unidentified,3,Under 18,18-30,Reckless Driving,Wet,Daylight,0,0,1,Minor,Clear
3019,KAG_003020,Kaggle_road_csv,0,April,Monday,Unknown,Truck,Unidentified,1,Over 51,Over 51,No Distancing/Rear End,Dry,Daylight,0,0,1,Minor,Clear
3020,KAG_003021,Kaggle_road_csv,0,March,Sunday,Unknown,Truck,Unidentified,2,Unknown,18-30,No Distancing/Rear End,Dry,Daylight,0,0,1,Minor,Clear
3021,KAG_003022,Kaggle_road_csv,0,October,Sunday,Unknown,Truck,Unidentified,2,18-30,31-50,Lane Violation,Dry,Daylight,0,0,1,Minor,Clear
3022,KAG_003023,Kaggle_road_csv,0,March,Thursday,Unknown,Truck,Unidentified,1,31-50,Unknown,Unknown/Other,Dry,Dark,0,0,1,Minor,Clear
3023,KAG_003024,Kaggle_road_csv,0,June,Wednesday,Unknown,Truck,Unidentified,1,18-30,18-30,Reckless Driving,Wet,Dark,0,0,1,Fatal,Rainy
3024,KAG_003025,Kaggle_road_csv,0,October,Wednesday,Unknown,Truck,Unidentified,4,18-30,Unknown,Lane Violation,Wet,Daylight,0,0,6,Serious,Clear
3025,KAG_003026,Kaggle_road_csv,0,May,Friday,Unknown,Truck,Unidentified,4,Over 51,Unknown,Lane Violation,Wet,Daylight,0,0,6,Serious,Clear
3026,KAG_003027,Kaggle_road_csv,0,October,Thursday,Unknown,Truck,Unidentified,4,18-30,31-50,Lane Violation,Wet,Daylight,0,0,6,Serious,Clear
3027,KAG_003028,Kaggle_road_csv,0,March,Friday,Unknown,Truck,Unidentified,3,31-50,18-30,Reckless Driving,Dry,Dark,0,0,5,Serious,Clear
3028,KAG_003029,Kaggle_road_csv,0,April,Saturday,Unknown,Truck,Unidentified,3,Under 18,18-30,No Distancing/Rear End,Dry,Dark,0,0,5,Serious,Clear
3029,KAG_003030,Kaggle_road_csv,0,April,Wednesday,Unknown,Truck,Unidentified,3,18-30,Unknown,No Distancing/Rear End,Dry,Dark,0,0,5,Serious,Clear
3030,KAG_003031,Kaggle_road_csv,0,April,Wednesday,Unknown,Truck,Unidentified,2,Under 18,Unknown,Reckless Driving,Dry,Daylight,0,0,1,Minor,Clear
3031,KAG_003032,Kaggle_road_csv,0,October,Tuesday,Unknown,Truck,Unidentified,3,Over 51,Unknown,Reckless Driving,Dry,Daylight,0,0,1,Minor,Clear
3032,KAG_003033,Kaggle_road_csv,0,April,Wednesday,Unknown,Truck,Unidentified,2,31-50,Under 18,Lane Violation,Dry,Daylight,0,0,1,Minor,Clear
3033,KAG_003034,Kaggle_road_csv,0,October,Thursday,Unknown,Truck,Unidentified,3,Under 18,Unknown,Lane Violation,Dry,Daylight,0,0,2,Minor,Clear
3034,KAG_003035,Kaggle_road_csv,0,October,Sunday,Unknown,Truck,Unidentified,2,18-30,Unknown,No Distancing/Rear End,Wet,Daylight,0,0,3,Minor,Clear
3035,KAG_003036,Kaggle_road_csv,0,April,Monday,Unknown,Truck,Unidentified,4,18-30,31-50,Reckless Driving,Dry,Daylight,0,0,1,Minor,Clear
3036,KAG_003037,Kaggle_road_csv,0,March,Monday,Unknown,Truck,Unidentified,1,31-50,Unknown,Reckless Driving,Dry,Daylight,0,0,1,Minor,Clear
3037,KAG_003038,Kaggle_road_csv,0,April,Monday,Unknown,Truck,Unidentified,4,31-50,31-50,Reckless Driving,Dry,Daylight,0,0,2,Minor,Clear
3038,KAG_003039,Kaggle_road_csv,0,September,Sunday,Unknown,Truck,Unidentified,3,18-30,18-30,Reckless Driving,Wet,Daylight,0,0,1,Minor,Rainy
3039,KAG_003040,Kaggle_road_csv,0,March,Sunday,Unknown,Truck,Unidentified,2,31-50,31-50,Lane Violation,Dry,Daylight,0,0,2,Minor,Clear
3040,KAG_003041,Kaggle_road_csv,0,April,Saturday,Unknown,Truck,Unidentified,2,18-30,Unknown,Drunk/Drug Driving,Dry,Daylight,0,0,2,Minor,Clear
3041,KAG_003042,Kaggle_road_csv,0,March,Friday,Unknown,Truck,Unidentified,2,Under 18,Unknown,Loss of Control,Dry,Daylight,0,0,1,Fatal,Clear
3042,KAG_003043,Kaggle_road_csv,0,May,Sunday,Unknown,Truck,Unidentified,2,31-50,31-50,No Distancing/Rear End,Dry,Daylight,0,0,1,Serious,Clear
3043,KAG_003044,Kaggle_road_csv,0,March,Wednesday,Unknown,Truck,Unidentified,2,31-50,Under 18,Reckless Driving,Dry,Daylight,0,0,1,Serious,Clear
3044,KAG_003045,Kaggle_road_csv,0,April,Wednesday,Unknown,Truck,Unidentified,2,31-50,Under 18,Reckless Driving,Dry,Dark,0,0,3,Minor,Clear
3045,KAG_003046,Kaggle_road_csv,0,May,Wednesday,Unknown,Truck,Unidentified,2,18-30,31-50,Lane Violation,Dry,Daylight,0,0,2,Fatal,Clear
3046,KAG_003047,Kaggle_road_csv,0,April,Tuesday,Unknown,Truck,Unidentified,2,18-30,18-30,Lane Violation,Dry,Daylight,0,0,1,Minor,Clear
3047,KAG_003048,Kaggle_road_csv,0,October,Tuesday,Unknown,Truck,Unidentified,1,31-50,Over 51,No Distancing/Rear End,Dry,Daylight,0,0,1,Minor,Clear
3048,KAG_003049,Kaggle_road_csv,0,October,Friday,Unknown,Truck,Unidentified,2,18-30,Unknown,Reckless Driving,Dry,Daylight,0,0,1,Minor,Clear
3049,KAG_003050,Kaggle_road_csv,0,May,Sunday,Unknown,Truck,Unidentified,4,18-30,Unknown,Drunk/Drug Driving,Dry,Daylight,0,0,1,Minor,Clear
3050,KAG_003051,Kaggle_road_csv,0,October,Monday,Unknown,Truck,Unidentified,4,18-30,18-30,Reckless Driving,Dry,Daylight,0,0,1,Minor,Clear
3051,KAG_003052,Kaggle_road_csv,0,April,Monday,Unknown,Truck,Unidentified,3,Over 51,18-30,Reckless Driving,Dry,Daylight,0,0,4,Minor,Clear
3052,KAG_003053,Kaggle_road_csv,0,March,Friday,Unknown,Truck,Unidentified,3,31-50,Unknown,Reckless Driving,Dry,Daylight,0,0,4,Minor,Clear
3053,KAG_003054,Kaggle_road_csv,0,March,Friday,Unknown,Truck,Unidentified,3,31-50,Under 18,Reckless Driving,Dry,Daylight,0,0,4,Minor,Clear
3054,KAG_003055,Kaggle_road_csv,0,March,Saturday,Unknown,Truck,Unidentified,3,Over 51,Over 51,Lane Violation,Dry,Daylight,0,0,4,Minor,Clear
3055,KAG_003056,Kaggle_road_csv,0,May,Thursday,Unknown,Truck,Unidentified,2,Over 51,Unknown,Reckless Driving,Dry,Daylight,0,0,1,Minor,Clear
3056,KAG_003057,Kaggle_road_csv,0,April,Thursday,Unknown,Truck,Unidentified,2,18-30,Unknown,Reckless Driving,Dry,Daylight,0,0,1,Minor,Clear
3057,KAG_003058,Kaggle_road_csv,0,March,Friday,Unknown,Truck,Unidentified,2,31-50,Unknown,Reckless Driving,Dry,Dark,0,0,1,Serious,Clear
3058,KAG_003059,Kaggle_road_csv,0,May,Saturday,Unknown,Truck,Unidentified,2,18-30,18-30,Reckless Driving,Dry,Daylight,0,0,2,Minor,Clear
3059,KAG_003060,Kaggle_road_csv,0,April,Sunday,Unknown,Truck,Unidentified,2,31-50,18-30,Reckless Driving,Dry,Daylight,0,0,2,Minor,Clear
3060,KAG_003061,Kaggle_road_csv,0,April,Friday,Unknown,Truck,Unidentified,2,31-50,31-50,Reckless Driving,Dry,Daylight,0,0,1,Minor,Clear
3061,KAG_003062,Kaggle_road_csv,0,September,Tuesday,Unknown,Truck,Unidentified,2,Under 18,Over 51,Reckless Driving,Wet,Daylight,0,0,1,Minor,Rainy
3062,KAG_003063,Kaggle_road_csv,0,October,Friday,Unknown,Truck,Unidentified,3,18-30,Unknown,No Distancing/Rear End,Dry,Daylight,0,0,2,Minor,Clear
3063,KAG_003064,Kaggle_road_csv,0,April,Tuesday,Unknown,Truck,Unidentified,1,31-50,Unknown,Reckless Driving,Dry,Daylight,0,0,1,Minor,Clear
3064,KAG_003065,Kaggle_road_csv,0,October,Tuesday,Unknown,Truck,Unidentified,2,Over 51,31-50,Lane Violation,Wet,Daylight,0,0,3,Minor,Clear
3065,KAG_003066,Kaggle_road_csv,0,October,Saturday,Unknown,Truck,Unidentified,2,18-30,Under 18,Reckless Driving,Dry,Dark,0,0,1,Minor,Clear
3066,KAG_003067,Kaggle_road_csv,0,May,Friday,Unknown,Truck,Unidentified,2,31-50,Under 18,Lane Violation,Dry,Dark,0,0,1,Minor,Clear
3067,KAG_003068,Kaggle_road_csv,0,May,Sunday,Unknown,Truck,Unidentified,1,Under 18,31-50,Reckless Driving,Dry,Daylight,0,0,1,Fatal,Clear
3068,KAG_003069,Kaggle_road_csv,0,March,Friday,Unknown,Truck,Unidentified,2,18-30,Unknown,Lane Violation,Dry,Daylight,0,0,2,Minor,Clear
3069,KAG_003070,Kaggle_road_csv,0,October,Friday,Unknown,Truck,Unidentified,2,18-30,31-50,Lane Violation,Dry,Daylight,0,0,2,Minor,Clear
3070,KAG_003071,Kaggle_road_csv,0,May,Wednesday,Unknown,Truck,Unidentified,2,31-50,18-30,No Distancing/Rear End,Dry,Daylight,0,0,1,Minor,Clear
3071,KAG_003072,Kaggle_road_csv,0,October,Thursday,Unknown,Truck,Unidentified,2,31-50,Over 51,Lane Violation,Dry,Dark,0,0,1,Fatal,Clear
3072,KAG_003073,Kaggle_road_csv,0,April,Friday,Unknown,Truck,Unidentified,3,Under 18,Unknown,Lane Violation,Dry,Daylight,0,0,1,Serious,Clear
3073,KAG_003074,Kaggle_road_csv,0,May,Friday,Unknown,Truck,Unidentified,2,Unknown,Unknown,No Distancing/Rear End,Dry,Daylight,0,0,1,Minor,Clear
3074,KAG_003075,Kaggle_road_csv,0,April,Tuesday,Unknown,Truck,Unidentified,1,18-30,Unknown,No Distancing/Rear End,Dry,Daylight,0,0,1,Minor,Clear
3075,KAG_003076,Kaggle_road_csv,0,October,Monday,Unknown,Truck,Unidentified,1,18-30,Unknown,Reckless Driving,Wet,Daylight,0,0,2,Minor,Clear
3076,KAG_003077,Kaggle_road_csv,0,October,Thursday,Unknown,Truck,Unidentified,2,31-50,Unknown,Reckless Driving,Dry,Daylight,0,0,1,Minor,Clear
3077,KAG_003078,Kaggle_road_csv,0,September,Monday,Unknown,Truck,Unidentified,2,Over 51,31-50,No Distancing/Rear End,Wet,Dark,0,0,1,Minor,Rainy
3078,KAG_003079,Kaggle_road_csv,0,March,Monday,Unknown,Truck,Unidentified,2,18-30,31-50,Lane Violation,Dry,Dark,0,0,5,Minor,Clear
3079,KAG_003080,Kaggle_road_csv,0,May,Wednesday,Unknown,Truck,Unidentified,3,31-50,18-30,Lane Violation,Dry,Daylight,0,0,1,Minor,Clear
3080,KAG_003081,Kaggle_road_csv,0,May,Tuesday,Unknown,Truck,Unidentified,2,18-30,Unknown,No Distancing/Rear End,Dry,Daylight,0,0,1,Minor,Clear