,accident_id,source,year,month,day_of_week,state,vehicle_1,vehicle_2,vehicles_involved,party_age_group,victim_age_group,cause_of_accident,road_condition,lighting_condition,fatalities,injuries,casualties,severity,weather_group
3081,KAG_003082,Kaggle_road_csv,0,March,Monday,Unknown,Truck,Unidentified,2,18-30,Over 51,Lane Violation,Dry,Daylight,0,0,1,Minor,Clear
3082,KAG_003083,Kaggle_road_csv,0,May,Wednesday,Unknown,Truck,Unidentified,2,Under 18,31-50,Reckless Driving,Wet,Dark,0,0,1,Serious,Clear
3083,KAG_003084,Kaggle_road_csv,0,May,Friday,Unknown,Truck,Unidentified,2,31-50,Under 18,No Distancing/Rear End,Dry,Daylight,0,0,1,Minor,Clear
3084,KAG_003085,Kaggle_road_csv,0,April,Friday,Unknown,Truck,Unidentified,2,Over 51,18-30,Reckless Driving,Wet,Dark,0,0,3,Minor,Clear
3085,KAG_003086,Kaggle_road_csv,0,October,Wednesday,Unknown,Truck,Unidentified,2,18-30,Over 51,Reckless Driving,Dry,Dark,0,0,1,Minor,Clear
3086,KAG_003087,Kaggle_road_csv,0,September,Saturday,Unknown,Truck,Unidentified,1,Over 51,31-50,Reckless Driving,Wet,Daylight,0,0,1,Minor,Rainy
3087,KAG_003088,Kaggle_road_csv,0,July,Thursday,Unknown,Truck,Unidentified,3,18-30,Unknown,Lane Violation,Wet,Dark,0,0,1,Minor,Rainy
3088,KAG_003089,Kaggle_road_csv,0,March,Friday,Unknown,Truck,Unidentified,2,31-50,Unknown,Lane Violation,Dry,Dark,0,0,1,Minor,Clear
3089,KAG_003090,Kaggle_road_csv,0,April,Thursday,Unknown,Truck,Unidentified,2,31-50,31-50,No Distancing/Rear End,Wet,Dark,0,0,1,Minor,Clear
3090,KAG_003091,Kaggle_road_csv,0,October,Thursday,Unknown,Truck,Unidentified,2,31-50,Unknown,No Distancing/Rear End,Wet,Dark,0,0,1,Minor,Clear
3091,KAG_003092,Kaggle_road_csv,0,March,Monday,Unknown,Truck,Unidentified,2,Over 51,18-30,Reckless Driving,Wet,Daylight,0,0,1,Serious,Clear
3092,KAG_003093,Kaggle_road_csv,0,April,Thursday,Unknown,Truck,Unidentified,1,31-50,31-50,Lane Violation,Dry,Daylight,0,0,1,Serious,Clear
3093,KAG_003094,Kaggle_road_csv,0,May,Wednesday,Unknown,Truck,Unidentified,2,18-30,31-50,Reckless Driving,Wet,Dark,0,0,1,Minor,Clear
3094,KAG_003095,Kaggle_road_csv,0,April,Friday,Unknown,Truck,Unidentified,1,Over 51,18-30,Unknown/Other,Wet,Dark,0,0,1,Minor,Clear
3095,KAG_003096,Kaggle_road_csv,0,June,Friday,Unknown,Truck,Unidentified,2,31-50,31-50,No Distancing/Rear End,Wet,Daylight,0,0,1,Minor,Rainy
3096,KAG_003097,Kaggle_road_csv,0,May,Friday,Unknown,Truck,Unidentified,2,Unknown,Under 18,Reckless Driving,Dry,Dark,0,0,1,Minor,Clear
3097,KAG_003098,Kaggle_road_csv,0,June,Tuesday,Unknown,Truck,Unidentified,3,18-30,Unknown,Lane Violation,Wet,Dark,0,0,1,Minor,Rainy
3098,KAG_003099,Kaggle_road_csv,0,April,Friday,Unknown,Truck,Unidentified,2,18-30,18-30,Reckless Driving,Dry,Dark,0,0,2,Minor,Clear
3099,KAG_003100,Kaggle_road_csv,0,June,Thursday,Unknown,Truck,Unidentified,2,Over 51,31-50,Lane Violation,Wet,Daylight,0,0,1,Minor,Rainy
3100,KAG_003101,Kaggle_road_csv,0,June,Thursday,Unknown,Truck,Unidentified,1,31-50,Unknown,Unknown/Other,Wet,Dark,0,0,1,Serious,Rainy
3101,KAG_003102,Kaggle_road_csv,0,March,Saturday,Unknown,Truck,Unidentified,2,31-50,18-30,Lane Violation,Dry,Dark,0,0,2,Minor,Clear
3102,KAG_003103,Kaggle_road_csv,0,September,Saturday,Unknown,Truck,Unidentified,1,18-30,Unknown,Reckless Driving,Wet,Dark,0,0,2,Serious,Rainy
3103,KAG_003104,Kaggle_road_csv,0,April,Sunday,Unknown,Truck,Unidentified,2,31-50,Unknown,Lane Violation,Dry,Daylight,0,0,1,Minor,Clear
3104,KAG_003105,Kaggle_road_csv,0,April,Tuesday,Unknown,Truck,Unidentified,2,31-50,31-50,No Distancing/Rear End,Dry,Daylight,0,0,1,Minor,Clear
3105,KAG_003106,Kaggle_road_csv,0,October,Wednesday,Unknown,Truck,Unidentified,2,31-50,Under 18,No Distancing/Rear End,Dry,Daylight,0,0,1,Minor,Clear
3106,KAG_003107,Kaggle_road_csv,0,April,Thursday,Unknown,Truck,Unidentified,2,18-30,Unknown,No Distancing/Rear End,Dry,Daylight,0,0,1,Minor,Clear
3107,KAG_003108,Kaggle_road_csv,0,April,Thursday,Unknown,Truck,Unidentified,3,31-50,Under 18,Reckless Driving,Wet,Daylight,0,0,4,Minor,Clear
3108,KAG_003109,Kaggle_road_csv,0,October,Wednesday,Unknown,Truck,Unidentified,2,Over 51,18-30,Reckless Driving,Dry,Dark,0,0,1,Minor,Clear
3109,KAG_003110,Kaggle_road_csv,0,May,Wednesday,Unknown,Truck,Unidentified,2,31-50,Unknown,No Distancing/Rear End,Dry,Dark,0,0,1,Minor,Clear
3110,KAG_003111,Kaggle_road_csv,0,May,Saturday,Unknown,Truck,Unidentified,2,18-30,Under 18,Reckless Driving,Wet,Daylight,0,0,1,Minor,Clear
3111,KAG_003112,Kaggle_road_csv,0,May,Friday,Unknown,Truck,Unidentified,1,18-30,Unknown,Lane Violation,Dry,Dark,0,0,1,Minor,Clear
3112,KAG_003113,Kaggle_road_csv,0,October,Friday,Unknown,Truck,Unidentified,2,31-50,Unknown,No Distancing/Rear End,Dry,Dark,0,0,1,Serious,Clear
3113,KAG_003114,Kaggle_road_csv,0,March,Saturday,Unknown,Truck,Unidentified,2,18-30,Unknown,Lane Violation,Wet,Dark,0,0,3,Minor,Clear
3114,KAG_003115,Kaggle_road_csv,0,March,Wednesday,Unknown,Truck,Unidentified,2,Over 51,Under 18,Reckless Driving,Wet,Dark,0,0,3,Minor,Clear
3115,KAG_003116,Kaggle_road_csv,0,May,Wednesday,Unknown,Truck,Unidentified,2,31-50,31-50,Lane Violation,Wet,Dark,0,0,3,Minor,Clear
3116,KAG_003117,Kaggle_road_csv,0,June,Saturday,Unknown,Truck,Unidentified,1,31-50,Under 18,No Distancing/Rear End,Wet,Daylight,0,0,1,Minor,Rainy
3117,KAG_003118,Kaggle_road_csv,0,October,Friday,Unknown,Truck,Unidentified,2,31-50,Unknown,Lane Violation,Wet,Dark,0,0,1,Minor,Clear
3118,KAG_003119,Kaggle_road_csv,0,October,Friday,Unknown,Truck,Unidentified,1,18-30,Unknown,Lane Violation,Dry,Daylight,0,0,1,Fatal,Clear
3119,KAG_003120,Kaggle_road_csv,0,August,Friday,Unknown,Truck,Unidentified,2,18-30,31-50,No Distancing/Rear End,Wet,Dark,0,0,1,Serious,Rainy
3120,KAG_003121,Kaggle_road_csv,0,March,Sunday,Unknown,Truck,Unidentified,2,31-50,Under 18,Lane Violation,Dry,Daylight,0,0,3,Minor,Clear
3121,KAG_003122,Kaggle_road_csv,0,August,Saturday,Unknown,Truck,Unidentified,2,Under 18,Under 18,Reckless Driving,Wet,Dark,0,0,1,Minor,Rainy
3122,KAG_003123,Kaggle_road_csv,0,April,Friday,Unknown,Truck,Unidentified,2,Under 18,18-30,No Distancing/Rear End,Dry,Daylight,0,0,2,Minor,Clear
3123,KAG_003124,Kaggle_road_csv,0,May,Friday,Unknown,Truck,Unidentified,2,31-50,Unknown,Lane Violation,Dry,Daylight,0,0,2,Minor,Clear
3124,KAG_003125,Kaggle_road_csv,0,April,Monday,Unknown,Truck,Unidentified,1,31-50,31-50,No Distancing/Rear End,Dry,Daylight,0,0,1,Minor,Clear
3125,KAG_003126,Kaggle_road_csv,0,October,Monday,Unknown,Truck,Unidentified,1,31-50,Unknown,Reckless Driving,Dry,Daylight,0,0,1,Minor,Clear
3126,KAG_003127,Kaggle_road_csv,0,May,Tuesday,Unknown,Truck,Unidentified,3,18-30,18-30,Reckless Driving,Dry,Daylight,0,0,1,Minor,Clear
3127,KAG_003128,Kaggle_road_csv,0,April,Sunday,Unknown,Truck,Unidentified,2,31-50,18-30,Lane Violation,Wet,Daylight,0,0,2,Serious,Clear
3128,KAG_003129,Kaggle_road_csv,0,April,Tuesday,Unknown,Truck,Unidentified,2,18-30,Unknown,No Distancing/Rear End,Wet,Dark,0,0,1,Minor,Clear
3129,KAG_003130,Kaggle_road_csv,0,April,Friday,Unknown,Truck,Unidentified,1,31-50,31-50,No Distancing/Rear End,Wet,Daylight,0,0,1,Serious,Clear
3130,KAG_003131,Kaggle_road_csv,0,April,Friday,Unknown,Truck,Unidentified,2,31-50,Over 51,No Distancing/Rear End,Dry,Daylight,0,0,1,Serious,Clear
3131,KAG_003132,Kaggle_road_csv,0,April,Friday,Unknown,Truck,Unidentified,4,18-30,Unknown,No Distancing/Rear End,Dry,Daylight,0,0,5,Minor,Clear
3132,KAG_003133,Kaggle_road_csv,0,October,Tuesday,Unknown,Truck,Unidentified,2,Unknown,18-30,Reckless Driving,Dry,Dark,0,0,1,Minor,Clear
3133,KAG_003134,Kaggle_road_csv,0,May,Thursday,Unknown,Truck,Unidentified,2,Under 18,Unknown,Reckless Driving,Dry,Daylight,0,0,1,Minor,Clear
3134,KAG_003135,Kaggle_road_csv,0,March,Thursday,Unknown,Truck,Unidentified,2,18-30,Unknown,Lane Violation,Dry,Daylight,0,0,1,Minor,Clear
3135,KAG_003136,Kaggle_road_csv,0,May,Tuesday,Unknown,Truck,Unidentified,3,18-30,18-30,Lane Violation,Dry,Daylight,0,0,3,Serious,Clear
3136,KAG_003137,Kaggle_road_csv,0,May,Monday,Unknown,Truck,Unidentified,3,18-30,Unknown,No Distancing/Rear End,Dry,Dark,0,0,3,Minor,Clear
3137,KAG_003138,Kaggle_road_csv,0,March,Monday,Unknown,Truck,Unidentified,3,Over 51,Under 18,No Distancing/Rear End,Dry,Dark,0,0,3,Minor,Clear
3138,KAG_003139,Kaggle_road_csv,0,May,Friday,Unknown,Truck,Unidentified,3,Unknown,18-30,No Distancing/Rear End,Dry,Dark,0,0,3,Minor,Clear
3139,KAG_003140,Kaggle_road_csv,0,April,Thursday,Unknown,Truck,Unidentified,2,18-30,31-50,Reckless Driving,Dry,Daylight,0,0,1,Minor,Clear
3140,KAG_003141,Kaggle_road_csv,0,March,Monday,Unknown,Truck,Unidentified,2,18-30,Unknown,Drunk/Drug Driving,Dry,Daylight,0,0,1,Minor,Clear
3141,KAG_003142,Kaggle_road_csv,0,May,Monday,Unknown,Truck,Unidentified,2,18-30,18-30,Reckless Driving,Dry,Daylight,0,0,2,Minor,Clear
3142,KAG_003143,Kaggle_road_csv,0,May,Friday,Unknown,Truck,Unidentified,3,18-30,31-50,No Distancing/Rear End,Dry,Daylight,0,0,1,Minor,Clear
3143,KAG_003144,Kaggle_road_csv,0,May,Friday,Unknown,Truck,Unidentified,2,31-50,Unknown,Reckless Driving,Dry,Daylight,0,0,1,Minor,Clear
3144,KAG_003145,Kaggle_road_csv,0,October,Saturday,Unknown,Truck,Unidentified,2,18-30,18-30,No Distancing/Rear End,Dry,Daylight,0,0,1,Minor,Clear
3145,KAG_003146,Kaggle_road_csv,0,March,Tuesday,Unknown,Truck,Unidentified,3,18-30,18-30,No Distancing/Rear End,Dry,Daylight,0,0,2,Minor,Clear
3146,KAG_003147,Kaggle_road_csv,0,May,Sunday,Unknown,Truck,Unidentified,2,Over 51,31-50,Lane Violation,Dry,Daylight,0,0,1,Serious,Clear
3147,KAG_003148,Kaggle_road_csv,0,March,Sunday,Unknown,Truck,Unidentified,2,Under 18,18-30,Lane Violation,Wet,Daylight,0,0,1,Minor,Clear
3148,KAG_003149,Kaggle_road_csv,0,April,Thursday,Unknown,Truck,Unidentified,3,18-30,Over 51,Loss of Control,Wet,Daylight,0,0,4,Minor,Clear
3149,KAG_003150,Kaggle_road_csv,0,April,Thursday,Unknown,Truck,Unidentified,2,Over 51,Unknown,Lane Violation,Wet,Daylight,0,0,1,Minor,Clear
3150,KAG_003151,Kaggle_road_csv,0,October,Saturday,Unknown,Truck,Unidentified,2,Over 51,18-30,Lane Violation,Dry,Daylight,0,0,1,Serious,Clear
3151,KAG_003152,Kaggle_road_csv,0,October,Friday,Unknown,Truck,Unidentified,3,31-50,Unknown,No Distancing/Rear End,Dry,Daylight,0,0,1,Minor,Clear
3152,KAG_003153,Kaggle_road_csv,0,September,Sunday,Unknown,Truck,Unidentified,2,18-30,18-30,Lane Violation,Wet,Daylight,0,0,2,Minor,Rainy
3153,KAG_003154,Kaggle_road_csv,0,June,Sunday,Unknown,Truck,Unidentified,2,31-50,Over 51,Reckless Driving,Wet,Daylight,0,0,2,Minor,Rainy
3154,KAG_003155,Kaggle_road_csv,0,April,Friday,Unknown,Truck,Unidentified,3,18-30,Unknown,No Distancing/Rear End,Dry,Daylight,0,0,3,Minor,Clear
3155,KAG_003156,Kaggle_road_csv,0,April,Thursday,Unknown,Truck,Unidentified,2,Over 51,18-30,Reckless Driving,Dry,Daylight,0,0,1,Minor,Clear
3156,KAG_003157,Kaggle_road_csv,0,March,Thursday,Unknown,Truck,Unidentified,2,31-50,Over 51,No Distancing/Rear End,Dry,Daylight,0,0,1,Minor,Clear
3157,KAG_003158,Kaggle_road_csv,0,May,Sunday,Unknown,Truck,Unidentified,2,31-50,Unknown,Reckless Driving,Dry,Daylight,0,0,1,Minor,Clear
3158,KAG_003159,Kaggle_road_csv,0,October,Sunday,Unknown,Truck,Unidentified,2,18-30,31-50,Lane Violation,Dry,Daylight,0,0,1,Minor,Clear
3159,KAG_003160,Kaggle_road_csv,0,May,Sunday,Unknown,Truck,Unidentified,3,Unknown,31-50,Reckless Driving,Dry,Daylight,0,0,1,Minor,Clear
3160,KAG_003161,Kaggle_road_csv,0,April,Wednesday,Unknown,Truck,Unidentified,2,31-50,18-30,Lane Violation,Dry,Daylight,0,0,1,Minor,Clear
3161,KAG_003162,Kaggle_road_csv,0,May,Thursday,Unknown,Truck,Unidentified,2,18-30,Unknown,No Distancing/Rear End,Dry,Daylight,0,0,1,Minor,Clear
3162,KAG_003163,Kaggle_road_csv,0,October,Thursday,Unknown,Truck,Unidentified,3,18-30,Under 18,Reckless Driving,Dry,Daylight,0,0,1,Minor,Clear
3163,KAG_003164,Kaggle_road_csv,0,March,Tuesday,Unknown,Truck,Unidentified,1,31-50,31-50,Reckless Driving,Dry,Dark,0,0,1,Fatal,Clear
3164,KAG_003165,Kaggle_road_csv,0,July,Tuesday,Unknown,Truck,Unidentified,2,Over 51,18-30,Reckless Driving,Wet,Daylight,0,0,4,Fatal,Rainy
3165,KAG_003166,Kaggle_road_csv,0,July,Saturday,Unknown,Truck,Unidentified,2,18-30,Unknown,No Distancing/Rear End,Wet,Daylight,0,0,2,Minor,Rainy
3166,KAG_003167,Kaggle_road_csv,0,May,Tuesday,Unknown,Truck,Unidentified,2,18-30,Under 18,No Distancing/Rear End,Dry,Daylight,0,0,1,Minor,Clear
3167,KAG_003168,Kaggle_road_csv,0,October,Saturday,Unknown,Truck,Unidentified,1,31-50,Unknown,Lane Violation,Dry,Daylight,0,0,1,Minor,Clear
3168,KAG_003169,Kaggle_road_csv,0,October,Saturday,Unknown,Truck,Unidentified,1,18-30,Unknown,No Distancing/Rear End,Dry,Daylight,0,0,1,Serious,Clear
3169,KAG_003170,Kaggle_road_csv,0,August,Thursday,Unknown,Truck,Unidentified,2,18-30,Unknown,Reckless Driving,Wet,Daylight,0,0,4,Minor,Rainy
3170,KAG_003171,Kaggle_road_csv,0,August,Wednesday,Unknown,Truck,Unidentified,2,31-50,Unknown,Lane Violation,Wet,Daylight,0,0,4,Minor,Rainy
3171,KAG_003172,Kaggle_road_csv,0,May,Tuesday,Unknown,Truck,Unidentified,1,31-50,31-50,Lane Violation,Dry,Daylight,0,0,1,Serious,Clear
3172,KAG_003173,Kaggle_road_csv,0,March,Friday,Unknown,Truck,Unidentified,2,18-30,Unknown,Reckless Driving,Dry,Daylight,0,0,1,Minor,Clear
3173,KAG_003174,Kaggle_road_csv,0,October,Friday,Unknown,Truck,Unidentified,2,18-30,Unknown,Reckless Driving,Wet,Dark,0,0,2,Minor,Clear
3174,KAG_003175,Kaggle_road_csv,0,October,Wednesday,Unknown,Truck,Unidentified,2,31-50,Unknown,No Distancing/Rear End,Dry,Daylight,0,0,1,Minor,Clear
3175,KAG_003176,Kaggle_road_csv,0,March,Sunday,Unknown,Truck,Unidentified,2,18-30,Unknown,Drunk/Drug Driving,Dry,Dark,0,0,1,Minor,Clear
3176,SCRAPED_000001,News_Paper,2021,December,Friday,Maharashtra,Car,Truck,2,Unknown,Unknown,Severe Collision,Wet,Daylight,4,0,4,Fatal,Clear
3177,SCRAPED_000002,News_Paper,2021,December,Friday,Jharkhand,Pick Up,Truck,2,Unknown,Unknown,Severe Collision,Wet,Daylight,6,18,24,Fatal,Clear
3178,SCRAPED_000003,News_Paper,2022,January,Saturday,Rajasthan,Two Wheeler,Truck,2,Unknown,Unknown,Unknown/Other,Dry,Daylight,1,0,1,Fatal,Clear
3179,SCRAPED_000004,News_Paper,2022,January,Saturday,Bihar,Two Wheeler,Truck,2,Unknown,Unknown,Unknown/Other,Dry,Daylight,3,0,3,Fatal,Clear
3180,SCRAPED_000005,News_Paper,2022,January,Saturday,Uttar Pradesh,Bus,Truck,2,Unknown,Unknown,Unknown/Other,Wet,Daylight,2,2,4,Fatal,Clear
3181,SCRAPED_000006,News_Paper,2022,January,Sunday,Karnataka,Two Wheeler,Truck,2,Unknown,Over 51,Parking Issue,Wet,Daylight,1,0,1,Fatal,Clear
3182,SCRAPED_000007,News_Paper,2022,January,Sunday,Maharashtra,Truck,Truck,2,Unknown,Unknown,Severe Collision,Dry,Daylight,2,6,8,Fatal,Clear
3183,SCRAPED_000008,News_Paper,2022,January,Monday,Gujarat,Car,Truck,2,Unknown,Unknown,Severe Collision,Wet,Daylight,2,0,2,Fatal,Clear
3184,SCRAPED_000009,News_Paper,2022,January,Monday,Maharashtra,Car,Truck,2,Unknown,31-50,No Distancing/Rear End,Wet,Daylight,1,0,1,Fatal,Clear
3185,SCRAPED_000010,News_Paper,2022,January,Tuesday,Uttarakhand,Two Wheeler,Truck,2,Unknown,Unknown,Unknown/Other,Dry,Daylight,2,1,3,Fatal,Clear
3186,SCRAPED_000011,News_Paper,2022,January,Thursday,Andhra Pradesh,Two Wheeler,Truck,2,Unknown,Under 18,Unknown/Other,Dry,Daylight,1,1,2,Fatal,Clear
3187,SCRAPED_000012,News_Paper,2022,January,Friday,Karnataka,Suv,Truck,2,Unknown,Unknown,No Distancing/Rear End,Dry,Daylight,4,0,4,Fatal,Clear
3188,SCRAPED_000013,News_Paper,2022,January,Friday,Gujarat,Suv,Truck,2,Unknown,18-30,No Distancing/Rear End,Dry,Daylight,1,0,1,Fatal,Clear
3189,SCRAPED_000014,News_Paper,2022,January,Saturday,Andhra Pradesh,Two Wheeler,Truck,2,Unknown,Unknown,Unknown/Other,Dry,Daylight,1,0,1,Fatal,Clear
3190,SCRAPED_000015,News_Paper,2022,January,Sunday,Maharashtra,Bus,Truck,2,Unknown,Over 51,Severe Collision,Dry,Daylight,4,14,18,Fatal,Clear
3191,SCRAPED_000016,News_Paper,2022,January,Monday,Karnataka,Two Wheeler,Truck,2,Unknown,Unknown,Unknown/Other,Dry,Dark,6,0,6,Fatal,Clear
3192,SCRAPED_000017,News_Paper,2022,January,Monday,Maharashtra,Two Wheeler,Truck,2,Unknown,18-30,No Distancing/Rear End,Dry,Dark,1,1,2,Fatal,Clear
3193,SCRAPED_000018,News_Paper,2022,January,Sunday,Karnataka,Two Wheeler,Truck,2,Unknown,Unknown,Reckless Driving,Wet,Daylight,2,1,3,Fatal,Clear
3194,SCRAPED_000019,News_Paper,2022,January,Sunday,Rajasthan,Two Wheeler,Truck,2,Unknown,18-30,Unknown/Other,Dry,Daylight,1,1,2,Fatal,Clear
3195,SCRAPED_000020,News_Paper,2022,January,Sunday,Maharashtra,Two Wheeler,Truck,2,Unknown,31-50,Unknown/Other,Wet,Dark,1,0,1,Fatal,Clear
3196,SCRAPED_000021,News_Paper,2022,January,Wednesday,Haryana,Car,Truck,2,Unknown,18-30,Parking Issue,Wet,Daylight,1,0,1,Fatal,Clear
3197,SCRAPED_000022,News_Paper,2022,January,Thursday,Karnataka,Two Wheeler,Truck,2,Unknown,Under 18,Unknown/Other,Dry,Dark,1,1,2,Fatal,Clear
3198,SCRAPED_000023,News_Paper,2022,January,Friday,Maharashtra,Bus,Truck,2,Unknown,Unknown,Severe Collision,Wet,Daylight,2,12,14,Fatal,Clear
3199,SCRAPED_000024,News_Paper,2022,January,Friday,West Bengal,Truck,Unidentified,2,Unknown,Unknown,Loss of Control,Wet,Daylight,1,0,1,Fatal,Clear
3200,SCRAPED_000025,News_Paper,2022,January,Sunday,Madhya Pradesh,Truck,Unidentified,2,Unknown,Unknown,Loss of Control,Dry,Daylight,3,0,3,Fatal,Clear
3201,SCRAPED_000026,News_Paper,2022,January,Monday,Uttar Pradesh,Truck,Canal,2,Unknown,31-50,Loss of Control,Dry,Daylight,1,1,2,Fatal,Clear
3202,SCRAPED_000027,News_Paper,2022,January,Sunday,Maharashtra,Two Wheeler,Truck,2,Unknown,31-50,Unknown/Other,Dry,Dark,1,2,3,Fatal,Clear
3203,SCRAPED_000028,News_Paper,2022,January,Tuesday,Uttar Pradesh,Two Wheeler,Truck,2,Unknown,31-50,Severe Collision,Dry,Daylight,1,1,2,Fatal,Clear
3204,SCRAPED_000029,News_Paper,2022,January,Saturday,Maharashtra,Two Wheeler,Truck,2,Unknown,Unknown,Severe Collision,Wet,Daylight,2,1,3,Fatal,Clear
3205,SCRAPED_000030,News_Paper,2022,January,Thursday,Rajasthan,Truck,Truck,2,Unknown,18-30,Severe Collision,Wet,Daylight,3,0,3,Fatal,Clear
3206,SCRAPED_000031,News_Paper,2022,January,Tuesday,Maharashtra,Car,Truck,2,Unknown,Unknown,No Distancing/Rear End,Wet,Dark,3,1,4,Fatal,Clear
3207,SCRAPED_000032,News_Paper,2022,January,Wednesday,Rajasthan,Bus,Truck,2,Unknown,Unknown,Severe Collision,Dry,Dark,2,5,7,Fatal,Clear
3208,SCRAPED_000033,News_Paper,2022,January,Wednesday,Madhya Pradesh,Pedestrian,Truck,2,Unknown,31-50,Reckless Driving,Dry,Dark,1,0,1,Fatal,Clear
3209,SCRAPED_000034,News_Paper,2022,January,Friday,Gujarat,Two Wheeler,Truck,2,Unknown,Over 51,No Distancing/Rear End,Dry,Daylight,1,1,2,Fatal,Clear
3210,SCRAPED_000035,News_Paper,2022,January,Friday,Karnataka,Pedestrian,Truck,2,Unknown,18-30,Reckless Driving,Dry,Daylight,1,0,1,Fatal,Clear
3211,SCRAPED_000036,News_Paper,2022,January,Saturday,Odisha,Bus,Truck,2,Unknown,Unknown,No Distancing/Rear End,Wet,Daylight,6,20,26,Fatal,Clear
3212,SCRAPED_000037,News_Paper,2022,January,Friday,Gujarat,Two Wheeler,Truck,2,Unknown,18-30,Unknown/Other,Wet,Daylight,1,1,2,Fatal,Clear
3213,SCRAPED_000038,News_Paper,2022,January,Saturday,Goa,Two Wheeler,Truck,2,Unknown,Unknown,Unknown/Other,Dry,Daylight,2,0,2,Fatal,Clear
3214,SCRAPED_000039,News_Paper,2022,January,Sunday,Maharashtra,Two Wheeler,Truck,2,Unknown,Unknown,Unknown/Other,Dry,Daylight,5,5,10,Fatal,Clear
3215,SCRAPED_000040,News_Paper,2022,January,Saturday,Madhya Pradesh,Two Wheeler,Truck,2,Unknown,18-30,Unknown/Other,Dry,Daylight,1,2,3,Fatal,Clear
3216,SCRAPED_000041,News_Paper,2022,January,Saturday,Maharashtra,Two Wheeler,Truck,2,Unknown,18-30,Parking Issue,Dry,Daylight,1,0,1,Fatal,Clear
3217,SCRAPED_000042,News_Paper,2022,January,Sunday,Tamil Nadu,Car,Truck,2,Unknown,31-50,Unknown/Other,Dry,Dark,1,1,2,Fatal,Clear
3218,SCRAPED_000043,News_Paper,2022,January,Sunday,West Bengal,Bicycle,Truck,2,Unknown,31-50,Unknown/Other,Dry,Daylight,1,0,1,Fatal,Clear
3219,SCRAPED_000044,News_Paper,2022,January,Sunday,Madhya Pradesh,Two Wheeler,Truck,2,Unknown,18-30,No Distancing/Rear End,Dry,Daylight,1,0,1,Fatal,Clear
3220,SCRAPED_000045,News_Paper,2022,January,Monday,Punjab,Auto Rickshaw,Truck,2,Unknown,31-50,Parking Issue,Wet,Daylight,1,2,3,Fatal,Clear
3221,SCRAPED_000046,News_Paper,2022,January,Tuesday,Madhya Pradesh,Pedestrian,Truck,2,Unknown,31-50,Reckless Driving,Dry,Dark,1,0,1,Fatal,Clear
3222,SCRAPED_000047,News_Paper,2022,January,Thursday,Andhra Pradesh,Car,Truck,2,Unknown,Unknown,Unknown/Other,Dry,Daylight,2,1,3,Fatal,Clear
3223,SCRAPED_000048,News_Paper,2022,January,Thursday,Maharashtra,Car,Truck,2,Unknown,Unknown,Severe Collision,Dry,Daylight,2,2,4,Fatal,Clear
3224,SCRAPED_000049,News_Paper,2022,January,Thursday,Andhra Pradesh,Car,Truck,2,Unknown,Unknown,No Distancing/Rear End,Wet,Daylight,2,1,3,Fatal,Clear
3225,SCRAPED_000050,News_Paper,2022,January,Wednesday,Andhra Pradesh,Two Wheeler,Truck,2,Unknown,Unknown,Unknown/Other,Dry,Daylight,2,0,2,Fatal,Clear
3226,SCRAPED_000051,News_Paper,2022,January,Friday,Telangana,Pick Up,Truck,2,Unknown,Unknown,Unknown/Other,Dry,Daylight,4,8,12,Fatal,Clear
3227,SCRAPED_000052,News_Paper,2022,January,Sunday,Tamil Nadu,Truck,Truck,2,Unknown,18-30,Severe Collision,Dry,Daylight,1,5,6,Fatal,Clear
3228,SCRAPED_000053,News_Paper,2022,January,Saturday,Tamil Nadu,Two Wheeler,Truck,2,Unknown,Unknown,No Distancing/Rear End,Dry,Dark,2,0,2,Fatal,Clear
3229,SCRAPED_000054,News_Paper,2022,January,Monday,Rajasthan,Two Wheeler,Truck,2,Unknown,Unknown,Severe Collision,Dry,Dark,1,0,1,Fatal,Clear
3230,SCRAPED_000055,News_Paper,2022,February,Tuesday,Madhya Pradesh,Car,Truck,2,Unknown,Unknown,Unknown/Other,Dry,Daylight,1,3,4,Fatal,Clear
3231,SCRAPED_000056,News_Paper,2022,January,Monday,Gujarat,Two Wheeler,Truck,2,Unknown,18-30,No Distancing/Rear End,Wet,Daylight,1,1,2,Fatal,Clear
3232,SCRAPED_000057,News_Paper,2022,February,Tuesday,Karnataka,Car,Truck,2,Unknown,Unknown,Unknown/Other,Dry,Daylight,2,2,4,Fatal,Clear
3233,SCRAPED_000058,News_Paper,2022,February,Thursday,Rajasthan,Suv,Truck,2,Unknown,Unknown,Unknown/Other,Wet,Daylight,3,1,4,Fatal,Clear
3234,SCRAPED_000059,News_Paper,2022,February,Thursday,Kerala,Two Wheeler,Truck,2,Unknown,31-50,No Distancing/Rear End,Dry,Dark,1,0,1,Fatal,Clear
3235,SCRAPED_000060,News_Paper,2022,February,Wednesday,Gujarat,Truck,Truck,2,Unknown,31-50,Unknown/Other,Dry,Daylight,1,1,2,Fatal,Clear
3236,SCRAPED_000061,News_Paper,2022,February,Thursday,Rajasthan,Two Wheeler,Truck,2,Unknown,Unknown,Unknown/Other,Dry,Dark,1,2,3,Fatal,Clear