,accident_id,source,year,month,day_of_week,state,vehicle_1,vehicle_2,vehicles_involved,party_age_group,victim_age_group,cause_of_accident,road_condition,lighting_condition,fatalities,injuries,casualties,severity,weather_group
3237,SCRAPED_000062,News_Paper,2022,February,Thursday,Rajasthan,Car,Truck,2,Unknown,Unknown,Severe Collision,Dry,Daylight,3,0,3,Fatal,Clear
3238,SCRAPED_000063,News_Paper,2022,February,Thursday,Tamil Nadu,Two Wheeler,Truck,2,Unknown,31-50,No Distancing/Rear End,Dry,Daylight,1,1,2,Fatal,Clear
3239,SCRAPED_000064,News_Paper,2022,February,Thursday,Tamil Nadu,Pedestrian,Truck,2,Unknown,Over 51,Reckless Driving,Wet,Daylight,1,0,1,Fatal,Clear
3240,SCRAPED_000065,News_Paper,2022,February,Friday,Uttar Pradesh,Car,Truck,2,Unknown,Unknown,Severe Collision,Wet,Daylight,3,1,4,Fatal,Clear
3241,SCRAPED_000066,News_Paper,2022,February,Sunday,Andhra Pradesh,Car,Truck,2,Unknown,Unknown,Unknown/Other,Dry,Daylight,9,0,9,Fatal,Clear
3242,SCRAPED_000067,News_Paper,2022,February,Saturday,Madhya Pradesh,Two Wheeler,Truck,2,Unknown,31-50,Unknown/Other,Dry,Daylight,1,1,2,Fatal,Clear
3243,SCRAPED_000068,News_Paper,2022,February,Saturday,Maharashtra,Car,Truck,2,Unknown,Unknown,Parking Issue,Dry,Dark,3,2,5,Fatal,Clear
3244,SCRAPED_000069,News_Paper,2022,February,Sunday,Maharashtra,Bicycle,Truck,2,Unknown,Under 18,No Distancing/Rear End,Wet,Dark,1,1,2,Fatal,Clear
3245,SCRAPED_000070,News_Paper,2022,February,Tuesday,Tamil Nadu,Van,Truck,2,Unknown,Unknown,Parking Issue,Wet,Daylight,3,10,13,Fatal,Clear
3246,SCRAPED_000071,News_Paper,2022,February,Tuesday,Madhya Pradesh,Two Wheeler,Truck,2,Unknown,Unknown,Severe Collision,Dry,Daylight,2,0,2,Fatal,Clear
3247,SCRAPED_000072,News_Paper,2022,February,Tuesday,Andhra Pradesh,Two Wheeler,Truck,2,Unknown,Unknown,Parking Issue,Wet,Daylight,2,0,2,Fatal,Clear
3248,SCRAPED_000073,News_Paper,2022,February,Friday,Jharkhand,Car,Truck,2,Unknown,Unknown,Parking Issue,Dry,Daylight,4,2,6,Fatal,Clear
3249,SCRAPED_000074,News_Paper,2022,February,Thursday,Gujarat,Car,Truck,2,Unknown,Unknown,Parking Issue,Dry,Daylight,2,3,5,Fatal,Clear
3250,SCRAPED_000075,News_Paper,2022,February,Friday,Gujarat,Car,Truck,2,Unknown,Unknown,Parking Issue,Dry,Dark,2,3,5,Fatal,Clear
3251,SCRAPED_000076,News_Paper,2022,February,Monday,Jharkhand,Two Wheeler,Truck,2,Unknown,Unknown,Unknown/Other,Wet,Daylight,3,0,3,Fatal,Clear
3252,SCRAPED_000077,News_Paper,2022,February,Tuesday,Maharashtra,Car,Truck,2,Unknown,Unknown,No Distancing/Rear End,Dry,Dark,4,0,4,Fatal,Clear
3253,SCRAPED_000078,News_Paper,2022,February,Monday,Uttar Pradesh,Suv,Truck,2,Unknown,Unknown,Parking Issue,Dry,Daylight,2,5,7,Fatal,Clear
3254,SCRAPED_000079,News_Paper,2022,February,Wednesday,Uttar Pradesh,Car,Truck,2,Unknown,Unknown,Parking Issue,Dry,Daylight,6,0,6,Fatal,Clear
3255,SCRAPED_000080,News_Paper,2022,February,Monday,West Bengal,Pedestrian,Truck,2,Unknown,31-50,Reckless Driving,Wet,Dark,1,0,1,Fatal,Clear
3256,SCRAPED_000081,News_Paper,2022,February,Tuesday,Madhya Pradesh,Two Wheeler,Truck,2,Unknown,Unknown,Unknown/Other,Dry,Dark,4,5,9,Fatal,Clear
3257,SCRAPED_000082,News_Paper,2022,February,Wednesday,Tamil Nadu,Car,Truck,2,Unknown,Unknown,Severe Collision,Dry,Daylight,2,1,3,Fatal,Clear
3258,SCRAPED_000083,News_Paper,2022,February,Friday,Tamil Nadu,Car,Truck,2,Unknown,Unknown,No Distancing/Rear End,Dry,Daylight,4,1,5,Fatal,Clear
3259,SCRAPED_000084,News_Paper,2022,February,Wednesday,Haryana,Two Wheeler,Truck,2,Unknown,31-50,Severe Collision,Dry,Daylight,1,0,1,Fatal,Clear
3260,SCRAPED_000085,News_Paper,2022,February,Saturday,Delhi,Car,Truck,2,Unknown,Unknown,Unknown/Other,Wet,Dark,2,3,5,Fatal,Clear
3261,SCRAPED_000086,News_Paper,2022,February,Sunday,Madhya Pradesh,Car,Truck,2,Unknown,Unknown,Severe Collision,Dry,Dark,2,1,3,Fatal,Clear
3262,SCRAPED_000087,News_Paper,2022,February,Monday,Bihar,Two Wheeler,Truck,2,Unknown,31-50,Unknown/Other,Dry,Daylight,1,0,1,Fatal,Clear
3263,SCRAPED_000088,News_Paper,2022,February,Wednesday,Madhya Pradesh,Two Wheeler,Truck,2,Unknown,31-50,Severe Collision,Dry,Daylight,1,0,1,Fatal,Clear
3264,SCRAPED_000089,News_Paper,2022,February,Thursday,Maharashtra,Two Wheeler,Truck,2,Unknown,Unknown,No Distancing/Rear End,Dry,Daylight,2,0,2,Fatal,Clear
3265,SCRAPED_000090,News_Paper,2022,February,Saturday,Uttar Pradesh,Car,Truck,2,Unknown,Unknown,Parking Issue,Wet,Dark,5,1,6,Fatal,Clear
3266,SCRAPED_000091,News_Paper,2022,February,Sunday,Delhi,Two Wheeler,Truck,2,Unknown,Over 51,Severe Collision,Wet,Daylight,1,1,2,Fatal,Clear
3267,SCRAPED_000092,News_Paper,2022,February,Saturday,Punjab,Pedestrian,Truck,2,Unknown,31-50,Reckless Driving,Dry,Daylight,1,0,1,Fatal,Clear
3268,SCRAPED_000093,News_Paper,2022,February,Monday,Tamil Nadu,Car,Truck,2,Unknown,31-50,No Distancing/Rear End,Dry,Daylight,1,0,1,Fatal,Clear
3269,SCRAPED_000094,News_Paper,2022,February,Sunday,Maharashtra,Two Wheeler,Truck,2,Unknown,18-30,Unknown/Other,Dry,Daylight,1,0,1,Fatal,Clear
3270,SCRAPED_000095,News_Paper,2022,March,Tuesday,Maharashtra,Truck,Wall,2,Unknown,Unknown,Severe Collision,Wet,Daylight,1,22,23,Fatal,Clear
3271,SCRAPED_000096,News_Paper,2022,February,Monday,Maharashtra,Car,Truck,2,Unknown,31-50,No Distancing/Rear End,Dry,Dark,1,3,4,Fatal,Clear
3272,SCRAPED_000097,News_Paper,2022,February,Monday,Madhya Pradesh,Two Wheeler,Truck,2,Unknown,Under 18,Severe Collision,Dry,Daylight,1,2,3,Fatal,Clear
3273,SCRAPED_000098,News_Paper,2022,March,Tuesday,Uttar Pradesh,Auto Rickshaw,Truck,2,Unknown,Unknown,Severe Collision,Dry,Daylight,1,6,7,Fatal,Clear
3274,SCRAPED_000099,News_Paper,2022,February,Monday,Maharashtra,Car,Truck,2,Unknown,18-30,No Distancing/Rear End,Dry,Daylight,1,2,3,Fatal,Clear
3275,SCRAPED_000100,News_Paper,2022,March,Wednesday,Kerala,Two Wheeler,Truck,2,Unknown,18-30,No Distancing/Rear End,Dry,Dark,1,1,2,Fatal,Clear
3276,SCRAPED_000101,News_Paper,2022,March,Wednesday,Kerala,Car,Truck,2,Unknown,Unknown,Unknown/Other,Wet,Daylight,2,3,5,Fatal,Clear
3277,SCRAPED_000102,News_Paper,2022,March,Wednesday,Haryana,Car,Truck,2,Unknown,Unknown,Parking Issue,Wet,Dark,5,0,5,Fatal,Clear
3278,SCRAPED_000103,News_Paper,2022,March,Thursday,Uttarakhand,Two Wheeler,Truck,2,Unknown,31-50,No Distancing/Rear End,Dry,Daylight,1,1,2,Fatal,Clear
3279,SCRAPED_000104,News_Paper,2022,March,Friday,Chhattisgarh,Truck,Unidentified,2,Unknown,Unknown,Loss of Control,Wet,Daylight,4,0,4,Fatal,Clear
3280,SCRAPED_000105,News_Paper,2022,March,Friday,Maharashtra,Two Wheeler,Truck,2,Unknown,Under 18,Severe Collision,Dry,Daylight,1,2,3,Fatal,Clear
3281,SCRAPED_000106,News_Paper,2022,March,Sunday,Tamil Nadu,Van,Truck,2,Unknown,Unknown,Parking Issue,Dry,Daylight,2,7,9,Fatal,Clear
3282,SCRAPED_000107,News_Paper,2022,March,Saturday,Rajasthan,Car,Truck,2,Unknown,18-30,Unknown/Other,Dry,Daylight,1,1,2,Fatal,Clear
3283,SCRAPED_000108,News_Paper,2022,March,Saturday,Rajasthan,Truck,Truck,2,Unknown,31-50,Unknown/Other,Wet,Daylight,1,2,3,Fatal,Clear
3284,SCRAPED_000109,News_Paper,2022,March,Sunday,Maharashtra,Truck,Unidentified,2,Unknown,Unknown,Loss of Control,Dry,Dark,4,15,19,Fatal,Clear
3285,SCRAPED_000110,News_Paper,2022,March,Sunday,Andhra Pradesh,Pedestrian,Truck,2,Unknown,18-30,Reckless Driving,Wet,Daylight,2,1,3,Fatal,Clear
3286,SCRAPED_000111,News_Paper,2022,March,Sunday,Uttar Pradesh,Truck,Unidentified,2,Unknown,Unknown,Loss of Control,Dry,Daylight,4,1,5,Fatal,Clear
3287,SCRAPED_000112,News_Paper,2022,March,Sunday,Uttar Pradesh,Truck,Unidentified,2,Unknown,Unknown,Severe Collision,Wet,Daylight,2,0,2,Fatal,Clear
3288,SCRAPED_000113,News_Paper,2022,March,Tuesday,Tamil Nadu,Two Wheeler,Truck,2,Unknown,Unknown,Unknown/Other,Dry,Daylight,4,0,4,Fatal,Clear
3289,SCRAPED_000114,News_Paper,2022,March,Tuesday,Maharashtra,Pedestrian,Truck,2,Unknown,Under 18,Reckless Driving,Wet,Dark,1,0,1,Fatal,Clear
3290,SCRAPED_000115,News_Paper,2022,March,Tuesday,Maharashtra,Pedestrian,Truck,2,Unknown,Over 51,Reckless Driving,Wet,Daylight,1,0,1,Fatal,Clear
3291,SCRAPED_000116,News_Paper,2022,March,Thursday,Tamil Nadu,Two Wheeler,Truck,2,Unknown,Unknown,No Distancing/Rear End,Dry,Daylight,2,0,2,Fatal,Clear
3292,SCRAPED_000117,News_Paper,2022,March,Tuesday,Uttar Pradesh,Two Wheeler,Truck,2,Unknown,31-50,No Distancing/Rear End,Dry,Dark,1,1,2,Fatal,Clear
3293,SCRAPED_000118,News_Paper,2022,March,Wednesday,Andhra Pradesh,Truck,Bus,2,Unknown,Unknown,Unknown/Other,Dry,Dark,1,0,1,Fatal,Clear
3294,SCRAPED_000119,News_Paper,2022,March,Wednesday,Rajasthan,Two Wheeler,Truck,2,Unknown,Unknown,Unknown/Other,Dry,Daylight,2,0,2,Fatal,Clear
3295,SCRAPED_000120,News_Paper,2022,March,Wednesday,Andhra Pradesh,Two Wheeler,Truck,2,Unknown,18-30,Unknown/Other,Dry,Daylight,1,0,1,Fatal,Clear
3296,SCRAPED_000121,News_Paper,2022,March,Friday,Maharashtra,Truck,Truck,2,Unknown,18-30,No Distancing/Rear End,Wet,Daylight,1,1,2,Fatal,Clear
3297,SCRAPED_000122,News_Paper,2022,March,Friday,Karnataka,Truck,Unidentified,2,Unknown,Unknown,Loss of Control,Dry,Dark,4,16,20,Fatal,Clear
3298,SCRAPED_000123,News_Paper,2022,March,Friday,Madhya Pradesh,Two Wheeler,Truck,2,Unknown,18-30,No Distancing/Rear End,Dry,Daylight,1,0,1,Fatal,Clear
3299,SCRAPED_000124,News_Paper,2022,March,Saturday,Chhattisgarh,Car,Truck,2,Unknown,Unknown,Severe Collision,Wet,Daylight,3,0,3,Fatal,Clear
3300,SCRAPED_000125,News_Paper,2022,March,Friday,Andhra Pradesh,Two Wheeler,Truck,2,Unknown,Unknown,Severe Collision,Dry,Dark,3,0,3,Fatal,Clear
3301,SCRAPED_000126,News_Paper,2022,March,Saturday,West Bengal,Pedestrian,Truck,2,Unknown,Over 51,Reckless Driving,Dry,Daylight,1,0,1,Fatal,Clear
3302,SCRAPED_000127,News_Paper,2022,March,Saturday,West Bengal,Two Wheeler,Truck,2,Unknown,31-50,No Distancing/Rear End,Dry,Daylight,1,0,1,Fatal,Clear
3303,SCRAPED_000128,News_Paper,2022,March,Sunday,Andhra Pradesh,Two Wheeler,Truck,2,Unknown,31-50,No Distancing/Rear End,Wet,Dark,1,1,2,Fatal,Clear
3304,SCRAPED_000129,News_Paper,2022,March,Monday,Kerala,Car,Truck,2,Unknown,Under 18,Parking Issue,Wet,Daylight,1,2,3,Fatal,Clear
3305,SCRAPED_000130,News_Paper,2022,March,Monday,West Bengal,Pedestrian,Truck,2,Unknown,Unknown,Reckless Driving,Dry,Daylight,3,5,8,Fatal,Clear
3306,SCRAPED_000131,News_Paper,2022,March,Tuesday,Chhattisgarh,Truck,Truck,2,Unknown,Unknown,Severe Collision,Dry,Dark,5,17,22,Fatal,Clear
3307,SCRAPED_000132,News_Paper,2022,March,Wednesday,Haryana,Car,Truck,2,Unknown,Unknown,Severe Collision,Dry,Dark,2,10,12,Fatal,Clear
3308,SCRAPED_000133,News_Paper,2022,March,Wednesday,Uttar Pradesh,Car,Truck,2,Unknown,Unknown,No Distancing/Rear End,Wet,Daylight,3,0,3,Fatal,Clear
3309,SCRAPED_000134,News_Paper,2022,March,Tuesday,Karnataka,Bus,Truck,2,Unknown,18-30,Parking Issue,Wet,Daylight,1,7,8,Fatal,Clear
3310,SCRAPED_000135,News_Paper,2022,March,Thursday,Kerala,Pedestrian,Truck,2,Unknown,Unknown,Reckless Driving,Dry,Daylight,3,1,4,Fatal,Clear
3311,SCRAPED_000136,News_Paper,2022,March,Thursday,Karnataka,Two Wheeler,Truck,2,Unknown,18-30,Unknown/Other,Dry,Dark,1,2,3,Fatal,Clear
3312,SCRAPED_000137,News_Paper,2022,March,Saturday,Haryana,Pedestrian,Truck,2,Unknown,Unknown,Reckless Driving,Dry,Daylight,2,0,2,Fatal,Clear
3313,SCRAPED_000138,News_Paper,2022,March,Saturday,Rajasthan,Car,Truck,2,Unknown,Unknown,Parking Issue,Dry,Daylight,3,3,6,Fatal,Clear
3314,SCRAPED_000139,News_Paper,2022,March,Sunday,Kerala,Two Wheeler,Truck,2,Unknown,Unknown,No Distancing/Rear End,Dry,Daylight,2,0,2,Fatal,Clear
3315,SCRAPED_000140,News_Paper,2022,March,Saturday,Maharashtra,Truck,Truck,2,Unknown,18-30,Severe Collision,Dry,Dark,1,0,1,Fatal,Clear
3316,SCRAPED_000141,News_Paper,2022,March,Sunday,Uttar Pradesh,Car,Truck,2,Unknown,Unknown,Severe Collision,Dry,Daylight,3,1,4,Fatal,Clear
3317,SCRAPED_000142,News_Paper,2022,March,Tuesday,Maharashtra,Two Wheeler,Truck,2,Unknown,31-50,Unknown/Other,Dry,Daylight,1,4,5,Fatal,Clear
3318,SCRAPED_000143,News_Paper,2022,March,Monday,Rajasthan,Car,Truck,2,Unknown,31-50,Severe Collision,Dry,Daylight,1,0,1,Fatal,Clear
3319,SCRAPED_000144,News_Paper,2022,March,Wednesday,Andhra Pradesh,Bus,Truck,2,Unknown,Unknown,Unknown/Other,Wet,Daylight,1,34,35,Fatal,Clear
3320,SCRAPED_000145,News_Paper,2022,March,Monday,Tamil Nadu,Pedestrian,Truck,2,Unknown,Over 51,Reckless Driving,Dry,Daylight,1,0,1,Fatal,Clear
3321,SCRAPED_000146,News_Paper,2022,March,Monday,Maharashtra,Two Wheeler,Truck,2,Unknown,18-30,No Distancing/Rear End,Wet,Daylight,1,1,2,Fatal,Clear
3322,SCRAPED_000147,News_Paper,2022,March,Tuesday,Andhra Pradesh,Car,Truck,2,Unknown,Unknown,Parking Issue,Dry,Daylight,2,3,5,Fatal,Clear
3323,SCRAPED_000148,News_Paper,2022,March,Wednesday,Uttar Pradesh,Pick Up,Truck,2,Unknown,Unknown,Parking Issue,Wet,Daylight,5,1,6,Fatal,Clear
3324,SCRAPED_000149,News_Paper,2022,April,Friday,Andhra Pradesh,Bus,Truck,2,Unknown,Unknown,Unknown/Other,Dry,Daylight,2,2,4,Fatal,Clear
3325,SCRAPED_000150,News_Paper,2022,March,Thursday,West Bengal,Truck,Unidentified,2,Unknown,18-30,Unknown/Other,Wet,Dark,1,1,2,Fatal,Clear
3326,SCRAPED_000151,News_Paper,2022,April,Saturday,Odisha,Bus,Truck,2,Unknown,Unknown,Unknown/Other,Dry,Daylight,1,15,16,Fatal,Clear
3327,SCRAPED_000152,News_Paper,2022,April,Saturday,Tamil Nadu,Truck,Gorge,2,Unknown,Unknown,Loss of Control,Dry,Daylight,7,14,21,Fatal,Clear
3328,SCRAPED_000153,News_Paper,2022,April,Friday,Karnataka,Car,Truck,2,Unknown,Unknown,No Distancing/Rear End,Wet,Dark,2,1,3,Fatal,Clear
3329,SCRAPED_000154,News_Paper,2022,April,Saturday,Andhra Pradesh,Two Wheeler,Truck,2,Unknown,Unknown,Severe Collision,Dry,Daylight,1,1,2,Fatal,Clear
3330,SCRAPED_000155,News_Paper,2022,April,Sunday,Tamil Nadu,Van,Truck,2,Unknown,18-30,No Distancing/Rear End,Wet,Dark,1,7,8,Fatal,Clear
3331,SCRAPED_000156,News_Paper,2022,April,Tuesday,Gujarat,Two Wheeler,Truck,2,Unknown,Unknown,No Distancing/Rear End,Dry,Dark,3,0,3,Fatal,Clear
3332,SCRAPED_000157,News_Paper,2022,April,Tuesday,Uttarakhand,Truck,Gorge,2,Unknown,Unknown,Loss of Control,Wet,Daylight,3,0,3,Fatal,Clear
3333,SCRAPED_000158,News_Paper,2022,April,Tuesday,Uttar Pradesh,Car,Truck,2,Unknown,Unknown,Severe Collision,Dry,Dark,1,2,3,Fatal,Clear
3334,SCRAPED_000159,News_Paper,2022,April,Tuesday,Maharashtra,Two Wheeler,Truck,2,Unknown,Unknown,No Distancing/Rear End,Dry,Daylight,2,0,2,Fatal,Clear
3335,SCRAPED_000160,News_Paper,2022,April,Tuesday,Tamil Nadu,Two Wheeler,Truck,2,Unknown,Unknown,No Distancing/Rear End,Dry,Daylight,2,0,2,Fatal,Clear
3336,SCRAPED_000161,News_Paper,2022,April,Wednesday,Tamil Nadu,Pedestrian,Truck,2,Unknown,Over 51,Reckless Driving,Wet,Dark,1,0,1,Fatal,Clear
3337,SCRAPED_000162,News_Paper,2022,April,Tuesday,Karnataka,Car,Truck,2,Unknown,Unknown,Severe Collision,Dry,Daylight,3,2,5,Fatal,Clear
3338,SCRAPED_000163,News_Paper,2022,April,Tuesday,Madhya Pradesh,Pedestrian,Truck,2,Unknown,Unknown,Reckless Driving,Wet,Daylight,2,3,5,Fatal,Clear
3339,SCRAPED_000164,News_Paper,2022,April,Thursday,Andhra Pradesh,Car,Truck,2,Unknown,31-50,No Distancing/Rear End,Wet,Dark,1,4,5,Fatal,Clear
3340,SCRAPED_000165,News_Paper,2022,April,Wednesday,Gujarat,Two Wheeler,Truck,2,Unknown,31-50,Unknown/Other,Dry,Daylight,1,0,1,Fatal,Clear
3341,SCRAPED_000166,News_Paper,2022,April,Thursday,Madhya Pradesh,Two Wheeler,Truck,2,Unknown,Unknown,No Distancing/Rear End,Wet,Dark,3,0,3,Fatal,Clear
3342,SCRAPED_000167,News_Paper,2022,April,Saturday,Maharashtra,Car,Truck,2,Unknown,Unknown,No Distancing/Rear End,Wet,Daylight,4,0,4,Fatal,Clear
3343,SCRAPED_000168,News_Paper,2022,April,Thursday,Madhya Pradesh,Two Wheeler,Truck,2,Unknown,Unknown,Unknown/Other,Dry,Daylight,3,0,3,Fatal,Clear
3344,SCRAPED_000169,News_Paper,2022,April,Saturday,Gujarat,Two Wheeler,Truck,2,Unknown,Under 18,No Distancing/Rear End,Wet,Daylight,1,1,2,Fatal,Clear
3345,SCRAPED_000170,News_Paper,2022,April,Saturday,Karnataka,Two Wheeler,Truck,2,Unknown,Over 51,No Distancing/Rear End,Dry,Daylight,1,0,1,Fatal,Clear
3346,SCRAPED_000171,News_Paper,2022,April,Saturday,Uttar Pradesh,Two Wheeler,Truck,2,Unknown,Unknown,Severe Collision,Wet,Daylight,3,4,7,Fatal,Clear
3347,SCRAPED_000172,News_Paper,2022,April,Friday,Maharashtra,Pedestrian,Truck,2,Unknown,Over 51,Reckless Driving,Dry,Dark,1,0,1,Fatal,Clear
3348,SCRAPED_000173,News_Paper,2022,April,Saturday,Maharashtra,Two Wheeler,Truck,2,Unknown,31-50,Unknown/Other,Dry,Daylight,1,0,1,Fatal,Clear
3349,SCRAPED_000174,News_Paper,2022,April,Tuesday,Uttar Pradesh,Van,Truck,2,Unknown,Unknown,Parking Issue,Wet,Daylight,3,0,3,Fatal,Clear
3350,SCRAPED_000175,News_Paper,2022,April,Monday,Madhya Pradesh,Two Wheeler,Truck,2,Unknown,31-50,Unknown/Other,Dry,Daylight,1,2,3,Fatal,Clear
3351,SCRAPED_000176,News_Paper,2022,April,Tuesday,Rajasthan,Bus,Truck,2,Unknown,Unknown,Severe Collision,Wet,Daylight,3,20,23,Fatal,Clear
3352,SCRAPED_000177,News_Paper,2022,April,Monday,Tamil Nadu,Truck,Truck,2,Unknown,Unknown,Severe Collision,Dry,Dark,3,0,3,Fatal,Clear
3353,SCRAPED_000178,News_Paper,2022,April,Wednesday,Telangana,Two Wheeler,Truck,2,Unknown,Unknown,No Distancing/Rear End,Wet,Dark,2,0,2,Fatal,Clear
3354,SCRAPED_000179,News_Paper,2022,April,Tuesday,Madhya Pradesh,Car,Truck,2,Unknown,Unknown,No Distancing/Rear End,Dry,Dark,2,1,3,Fatal,Clear
3355,SCRAPED_000180,News_Paper,2022,April,Tuesday,Uttar Pradesh,Pick Up,Truck,2,Unknown,Unknown,No Distancing/Rear End,Wet,Dark,4,4,8,Fatal,Clear
3356,SCRAPED_000181,News_Paper,2022,April,Friday,Rajasthan,Car,Truck,2,Unknown,Unknown,No Distancing/Rear End,Dry,Dark,6,3,9,Fatal,Clear
3357,SCRAPED_000182,News_Paper,2022,April,Saturday,Maharashtra,Truck,Unidentified,2,Unknown,Under 18,Loss of Control,Dry,Daylight,1,4,5,Fatal,Clear
3358,SCRAPED_000183,News_Paper,2022,April,Sunday,Maharashtra,Pedestrian,Truck,2,Unknown,18-30,Reckless Driving,Dry,Daylight,1,0,1,Fatal,Clear
3359,SCRAPED_000184,News_Paper,2022,April,Tuesday,Rajasthan,Car,Truck,2,Unknown,Unknown,Parking Issue,Dry,Daylight,11,7,18,Fatal,Clear
3360,SCRAPED_000185,News_Paper,2022,April,Sunday,Uttar Pradesh,Van,Truck,2,Unknown,Unknown,Severe Collision,Dry,Daylight,6,11,17,Fatal,Clear
3361,SCRAPED_000186,News_Paper,2022,April,Monday,Gujarat,Two Wheeler,Truck,2,Unknown,Unknown,Unknown/Other,Dry,Daylight,2,0,2,Fatal,Clear
3362,SCRAPED_000187,News_Paper,2022,April,Thursday,Gujarat,Two Wheeler,Truck,2,Unknown,Under 18,Unknown/Other,Dry,Dark,1,1,2,Fatal,Clear
3363,SCRAPED_000188,News_Paper,2022,April,Thursday,Bihar,Two Wheeler,Truck,2,Unknown,31-50,Unknown/Other,Dry,Daylight,2,0,2,Fatal,Clear
3364,SCRAPED_000189,News_Paper,2022,April,Friday,Madhya Pradesh,Two Wheeler,Truck,2,Unknown,31-50,No Distancing/Rear End,Dry,Dark,1,0,1,Fatal,Clear
3365,SCRAPED_000190,News_Paper,2022,April,Saturday,Maharashtra,Suv,Truck,2,Unknown,Unknown,Severe Collision,Dry,Dark,7,0,7,Fatal,Clear
3366,SCRAPED_000191,News_Paper,2022,April,Sunday,Telangana,Suv,Truck,2,Unknown,Unknown,Parking Issue,Dry,Dark,3,4,7,Fatal,Clear
3367,SCRAPED_000192,News_Paper,2022,April,Monday,Andhra Pradesh,Van,Truck,2,Unknown,Unknown,Severe Collision,Dry,Daylight,4,8,12,Fatal,Clear
3368,SCRAPED_000193,News_Paper,2022,April,Sunday,Maharashtra,Two Wheeler,Truck,2,Unknown,Under 18,Unknown/Other,Wet,Daylight,1,2,3,Fatal,Clear
3369,SCRAPED_000194,News_Paper,2022,April,Wednesday,Maharashtra,Pedestrian,Truck,2,Unknown,Over 51,Reckless Driving,Dry,Daylight,1,0,1,Fatal,Clear
3370,SCRAPED_000195,News_Paper,2022,April,Thursday,Uttar Pradesh,Two Wheeler,Truck,2,Unknown,Unknown,Severe Collision,Dry,Daylight,2,0,2,Fatal,Clear
3371,SCRAPED_000196,News_Paper,2022,May,Sunday,Uttar Pradesh,Pedestrian,Truck,2,Unknown,Unknown,Reckless Driving,Dry,Daylight,3,4,7,Fatal,Clear
3372,SCRAPED_000197,News_Paper,2022,April,Saturday,Andhra Pradesh,Two Wheeler,Truck,2,Unknown,Over 51,Unknown/Other,Dry,Dark,1,0,1,Fatal,Clear
3373,SCRAPED_000198,News_Paper,2022,May,Sunday,Haryana,Two Wheeler,Truck,2,Unknown,Unknown,Unknown/Other,Dry,Daylight,4,0,4,Fatal,Clear
3374,SCRAPED_000199,News_Paper,2022,May,Monday,Gujarat,Car,Truck,2,Unknown,Unknown,Severe Collision,Wet,Daylight,5,0,5,Fatal,Clear
3375,SCRAPED_000200,News_Paper,2022,May,Sunday,Andhra Pradesh,Two Wheeler,Truck,2,Unknown,31-50,Unknown/Other,Dry,Daylight,2,0,2,Fatal,Clear
3376,SCRAPED_000201,News_Paper,2022,April,Saturday,Uttar Pradesh,Pedestrian,Truck,2,Unknown,Unknown,Reckless Driving,Dry,Daylight,2,0,2,Fatal,Clear
3377,SCRAPED_000202,News_Paper,2022,May,Sunday,Goa,Two Wheeler,Truck,2,Unknown,Unknown,No Distancing/Rear End,Dry,Daylight,2,0,2,Fatal,Clear
3378,SCRAPED_000203,News_Paper,2022,May,Sunday,Mizoram,Truck,Gorge,2,Unknown,Unknown,Loss of Control,Wet,Daylight,3,0,3,Fatal,Clear
3379,SCRAPED_000204,News_Paper,2022,May,Sunday,Maharashtra,Two Wheeler,Truck,2,Unknown,31-50,No Distancing/Rear End,Dry,Dark,1,0,1,Fatal,Clear
3380,SCRAPED_000205,News_Paper,2022,May,Tuesday,Uttar Pradesh,Car,Truck,2,Unknown,Unknown,Severe Collision,Dry,Daylight,2,0,2,Fatal,Clear
3381,SCRAPED_000206,News_Paper,2022,May,Monday,Maharashtra,Pedestrian,Truck,2,Unknown,18-30,Reckless Driving,Dry,Daylight,1,0,1,Fatal,Clear
3382,SCRAPED_000207,News_Paper,2022,May,Tuesday,Uttar Pradesh,Auto Rickshaw,Truck,2,Unknown,18-30,Severe Collision,Dry,Daylight,1,0,1,Fatal,Clear
3383,SCRAPED_000208,News_Paper,2022,May,Wednesday,Madhya Pradesh,Car,Truck,2,Unknown,Unknown,Unknown/Other,Dry,Daylight,2,1,3,Fatal,Clear
3384,SCRAPED_000209,News_Paper,2022,May,Friday,Maharashtra,Auto Rickshaw,Truck,2,Unknown,Unknown,Unknown/Other,Wet,Dark,6,7,13,Fatal,Clear
3385,SCRAPED_000210,News_Paper,2022,May,Friday,Maharashtra,Suv,Truck,2,Unknown,Unknown,No Distancing/Rear End,Dry,Daylight,7,1,8,Fatal,Clear
3386,SCRAPED_000211,News_Paper,2022,May,Friday,Madhya Pradesh,Pedestrian,Truck,2,Unknown,Over 51,Reckless Driving,Wet,Dark,1,0,1,Fatal,Clear
3387,SCRAPED_000212,News_Paper,2022,May,Saturday,Uttar Pradesh,Car,Truck,2,Unknown,31-50,No Distancing/Rear End,Dry,Daylight,1,3,4,Fatal,Clear
3388,SCRAPED_000213,News_Paper,2022,May,Sunday,Gujarat,Car,Truck,2,Unknown,Unknown,Severe Collision,Dry,Daylight,3,0,3,Fatal,Clear
3389,SCRAPED_000214,News_Paper,2022,May,Sunday,Telangana,Van,Truck,2,Unknown,Unknown,Severe Collision,Dry,Daylight,8,17,25,Fatal,Clear
3390,SCRAPED_000215,News_Paper,2022,May,Tuesday,Rajasthan,Truck,Truck,2,Unknown,Unknown,No Distancing/Rear End,Dry,Daylight,4,13,17,Fatal,Clear
3391,SCRAPED_000216,News_Paper,2022,May,Tuesday,Madhya Pradesh,Car,Truck,2,Unknown,Over 51,Severe Collision,Dry,Dark,1,2,3,Fatal,Clear