,accident_id,source,year,month,day_of_week,state,vehicle_1,vehicle_2,vehicles_involved,party_age_group,victim_age_group,cause_of_accident,road_condition,lighting_condition,fatalities,injuries,casualties,severity,weather_group
3392,SCRAPED_000217,News_Paper,2022,May,Wednesday,Rajasthan,Car,Truck,2,Unknown,Unknown,Parking Issue,Dry,Dark,4,0,4,Fatal,Clear
3393,SCRAPED_000218,News_Paper,2022,May,Wednesday,Rajasthan,Pedestrian,Truck,2,Unknown,Unknown,Severe Collision,Dry,Daylight,4,2,6,Fatal,Clear
3394,SCRAPED_000219,News_Paper,2022,May,Friday,Andhra Pradesh,Two Wheeler,Truck,2,Unknown,31-50,No Distancing/Rear End,Dry,Dark,1,0,1,Fatal,Clear
3395,SCRAPED_000220,News_Paper,2022,May,Saturday,Kerala,Pedestrian,Truck,2,Unknown,18-30,Reckless Driving,Wet,Daylight,1,1,2,Fatal,Clear
3396,SCRAPED_000221,News_Paper,2022,May,Sunday,Rajasthan,Car,Truck,2,Unknown,Unknown,Unknown/Other,Dry,Daylight,6,9,15,Fatal,Clear
3397,SCRAPED_000222,News_Paper,2022,May,Sunday,Rajasthan,Bus,Truck,2,Unknown,Unknown,Severe Collision,Dry,Daylight,2,4,6,Fatal,Clear
3398,SCRAPED_000223,News_Paper,2022,May,Sunday,Rajasthan,Auto Rickshaw,Truck,2,Unknown,Unknown,Unknown/Other,Wet,Daylight,4,0,4,Fatal,Clear
3399,SCRAPED_000224,News_Paper,2022,May,Thursday,Maharashtra,Two Wheeler,Truck,2,Unknown,Unknown,No Distancing/Rear End,Dry,Daylight,2,0,2,Fatal,Clear
3400,SCRAPED_000225,News_Paper,2022,May,Sunday,Manipur,Truck,Gorge,2,Unknown,Unknown,Loss of Control,Dry,Daylight,2,0,2,Fatal,Clear
3401,SCRAPED_000226,News_Paper,2022,May,Tuesday,Haryana,Suv,Truck,2,Unknown,Unknown,Parking Issue,Dry,Dark,5,11,16,Fatal,Clear
3402,SCRAPED_000227,News_Paper,2022,May,Tuesday,Madhya Pradesh,Pedestrian,Truck,2,Unknown,Unknown,Unknown/Other,Dry,Daylight,3,10,13,Fatal,Clear
3403,SCRAPED_000228,News_Paper,2022,May,Tuesday,Maharashtra,Auto Rickshaw,Truck,2,Unknown,Unknown,Unknown/Other,Dry,Dark,3,10,13,Fatal,Clear
3404,SCRAPED_000229,News_Paper,2022,May,Thursday,Haryana,Pedestrian,Truck,2,Unknown,Unknown,Reckless Driving,Dry,Daylight,3,15,18,Fatal,Clear
3405,SCRAPED_000230,News_Paper,2022,May,Tuesday,Uttar Pradesh,Bus,Truck,2,Unknown,Unknown,Parking Issue,Dry,Daylight,3,31,34,Fatal,Clear
3406,SCRAPED_000231,News_Paper,2022,May,Friday,Uttar Pradesh,Suv,Truck,2,Unknown,Unknown,Unknown/Other,Dry,Daylight,6,3,9,Fatal,Clear
3407,SCRAPED_000232,News_Paper,2022,May,Friday,Uttar Pradesh,Truck,Truck,2,Unknown,Unknown,Severe Collision,Dry,Dark,3,9,12,Fatal,Clear
3408,SCRAPED_000233,News_Paper,2022,May,Thursday,Rajasthan,Truck,Truck,2,Unknown,Unknown,Severe Collision,Dry,Daylight,1,1,2,Fatal,Clear
3409,SCRAPED_000234,News_Paper,2022,May,Friday,Tamil Nadu,Two Wheeler,Truck,2,Unknown,Under 18,No Distancing/Rear End,Dry,Daylight,1,2,3,Fatal,Clear
3410,SCRAPED_000235,News_Paper,2022,May,Saturday,Gujarat,Truck,Truck,2,Unknown,Unknown,Unknown/Other,Dry,Daylight,2,2,4,Fatal,Clear
3411,SCRAPED_000236,News_Paper,2022,May,Friday,Chhattisgarh,Pick Up,Truck,2,Unknown,Unknown,No Distancing/Rear End,Dry,Daylight,4,0,4,Fatal,Clear
3412,SCRAPED_000237,News_Paper,2022,May,Sunday,Uttar Pradesh,Suv,Truck,2,Unknown,Unknown,Parking Issue,Dry,Daylight,8,3,11,Fatal,Clear
3413,SCRAPED_000238,News_Paper,2022,May,Sunday,Andhra Pradesh,Car,Truck,2,Unknown,Unknown,Unknown/Other,Dry,Daylight,3,2,5,Fatal,Clear
3414,SCRAPED_000239,News_Paper,2022,May,Monday,Bihar,Truck,Unidentified,2,Unknown,Unknown,Loss of Control,Dry,Daylight,8,10,18,Fatal,Clear
3415,SCRAPED_000240,News_Paper,2022,May,Tuesday,Uttar Pradesh,Car,Truck,2,Unknown,Unknown,Parking Issue,Dry,Daylight,5,5,10,Fatal,Clear
3416,SCRAPED_000241,News_Paper,2022,May,Tuesday,Karnataka,Truck,Bus,2,Unknown,Unknown,Unknown/Other,Dry,Daylight,8,24,32,Fatal,Clear
3417,SCRAPED_000242,News_Paper,2022,May,Tuesday,Delhi,Car,Truck,2,Unknown,31-50,Parking Issue,Dry,Daylight,1,1,2,Fatal,Clear
3418,SCRAPED_000243,News_Paper,2022,May,Wednesday,Uttar Pradesh,Car,Truck,2,Unknown,Unknown,Severe Collision,Dry,Daylight,4,0,4,Fatal,Clear
3419,SCRAPED_000244,News_Paper,2022,May,Tuesday,Haryana,Suv,Truck,2,Unknown,Unknown,Severe Collision,Dry,Dark,6,17,23,Fatal,Clear
3420,SCRAPED_000245,News_Paper,2022,May,Tuesday,Tamil Nadu,Two Wheeler,Truck,2,Unknown,Unknown,No Distancing/Rear End,Wet,Daylight,2,0,2,Fatal,Clear
3421,SCRAPED_000246,News_Paper,2022,May,Wednesday,Andhra Pradesh,Auto Rickshaw,Truck,2,Unknown,Unknown,Unknown/Other,Dry,Daylight,2,0,2,Fatal,Clear
3422,SCRAPED_000247,News_Paper,2022,May,Thursday,Andhra Pradesh,Two Wheeler,Truck,2,Unknown,Unknown,Severe Collision,Dry,Daylight,3,0,3,Fatal,Clear
3423,SCRAPED_000248,News_Paper,2022,May,Sunday,Uttar Pradesh,Bus,Truck,2,Unknown,Unknown,Severe Collision,Dry,Daylight,7,9,16,Fatal,Clear
3424,SCRAPED_000249,News_Paper,2022,May,Saturday,Uttar Pradesh,Two Wheeler,Truck,2,Unknown,18-30,Severe Collision,Dry,Daylight,1,1,2,Fatal,Clear
3425,SCRAPED_000250,News_Paper,2022,May,Friday,Rajasthan,Bus,Truck,2,Unknown,Unknown,Parking Issue,Dry,Daylight,2,15,17,Fatal,Clear
3426,SCRAPED_000251,News_Paper,2022,May,Saturday,Gujarat,Two Wheeler,Truck,2,Unknown,Unknown,No Distancing/Rear End,Dry,Daylight,4,0,4,Fatal,Clear
3427,SCRAPED_000252,News_Paper,2022,May,Saturday,Madhya Pradesh,Car,Truck,2,Unknown,Unknown,Severe Collision,Wet,Daylight,2,1,3,Fatal,Clear
3428,SCRAPED_000253,News_Paper,2022,May,Monday,Maharashtra,Pedestrian,Truck,2,Unknown,31-50,Reckless Driving,Dry,Dark,1,4,5,Fatal,Clear
3429,SCRAPED_000254,News_Paper,2022,May,Sunday,Andhra Pradesh,Truck,Truck,2,Unknown,Unknown,Parking Issue,Dry,Daylight,7,18,25,Fatal,Clear
3430,SCRAPED_000255,News_Paper,2022,June,Wednesday,Gujarat,Car,Truck,2,Unknown,Unknown,Unknown/Other,Dry,Daylight,4,0,4,Fatal,Clear
3431,SCRAPED_000256,News_Paper,2022,May,Monday,Madhya Pradesh,Suv,Truck,2,Unknown,Unknown,Parking Issue,Dry,Daylight,2,0,2,Fatal,Clear
3432,SCRAPED_000257,News_Paper,2022,June,Thursday,Maharashtra,Car,Truck,2,Unknown,Unknown,Parking Issue,Wet,Daylight,7,9,16,Fatal,Clear
3433,SCRAPED_000258,News_Paper,2022,June,Saturday,Maharashtra,Car,Truck,2,Unknown,Unknown,Parking Issue,Dry,Daylight,5,0,5,Fatal,Clear
3434,SCRAPED_000259,News_Paper,2022,June,Friday,Maharashtra,Two Wheeler,Truck,2,Unknown,Unknown,Severe Collision,Dry,Daylight,2,0,2,Fatal,Clear
3435,SCRAPED_000260,News_Paper,2022,June,Monday,Madhya Pradesh,Truck,Unidentified,2,Unknown,Unknown,Loss of Control,Dry,Dark,2,1,3,Fatal,Clear
3436,SCRAPED_000261,News_Paper,2022,June,Monday,Madhya Pradesh,Two Wheeler,Truck,2,Unknown,Unknown,Unknown/Other,Wet,Daylight,2,0,2,Fatal,Clear
3437,SCRAPED_000262,News_Paper,2022,June,Sunday,Delhi,Car,Truck,2,Unknown,31-50,Parking Issue,Dry,Daylight,1,4,5,Fatal,Clear
3438,SCRAPED_000263,News_Paper,2022,June,Monday,Rajasthan,Suv,Truck,2,Unknown,Unknown,Severe Collision,Dry,Daylight,8,2,10,Fatal,Clear
3439,SCRAPED_000264,News_Paper,2022,June,Wednesday,Madhya Pradesh,Car,Truck,2,Unknown,Unknown,Unknown/Other,Wet,Daylight,4,0,4,Fatal,Clear
3440,SCRAPED_000265,News_Paper,2022,June,Wednesday,Uttar Pradesh,Two Wheeler,Truck,2,Unknown,Unknown,Unknown/Other,Dry,Daylight,5,0,5,Fatal,Clear
3441,SCRAPED_000266,News_Paper,2022,June,Wednesday,Uttarakhand,Two Wheeler,Truck,2,Unknown,Unknown,No Distancing/Rear End,Dry,Daylight,2,0,2,Fatal,Clear
3442,SCRAPED_000267,News_Paper,2022,June,Wednesday,Maharashtra,Car,Truck,2,Unknown,Unknown,Severe Collision,Dry,Daylight,3,0,3,Fatal,Clear
3443,SCRAPED_000268,News_Paper,2022,June,Thursday,Madhya Pradesh,Two Wheeler,Truck,2,Unknown,31-50,No Distancing/Rear End,Dry,Daylight,1,1,2,Fatal,Clear
3444,SCRAPED_000269,News_Paper,2022,June,Thursday,Madhya Pradesh,Two Wheeler,Truck,2,Unknown,Unknown,No Distancing/Rear End,Wet,Daylight,1,0,1,Fatal,Clear
3445,SCRAPED_000270,News_Paper,2022,June,Friday,Maharashtra,Truck,Truck,2,Unknown,31-50,Parking Issue,Dry,Dark,1,0,1,Fatal,Clear
3446,SCRAPED_000271,News_Paper,2022,June,Saturday,Madhya Pradesh,Van,Truck,2,Unknown,18-30,No Distancing/Rear End,Wet,Dark,1,0,1,Fatal,Clear
3447,SCRAPED_000272,News_Paper,2022,June,Sunday,Delhi,Car,Truck,2,Unknown,Unknown,Parking Issue,Dry,Daylight,2,3,5,Fatal,Clear
3448,SCRAPED_000273,News_Paper,2022,June,Saturday,Chhattisgarh,Auto Rickshaw,Truck,2,Unknown,Unknown,Unknown/Other,Dry,Daylight,2,12,14,Fatal,Clear
3449,SCRAPED_000274,News_Paper,2022,June,Monday,Andhra Pradesh,Two Wheeler,Truck,2,Unknown,Unknown,No Distancing/Rear End,Dry,Daylight,2,0,2,Fatal,Clear
3450,SCRAPED_000275,News_Paper,2022,June,Monday,Bihar,Auto Rickshaw,Truck,2,Unknown,Unknown,Severe Collision,Dry,Dark,5,7,12,Fatal,Clear
3451,SCRAPED_000276,News_Paper,2022,June,Tuesday,Uttar Pradesh,Truck,Truck,2,Unknown,Unknown,No Distancing/Rear End,Wet,Daylight,6,14,20,Fatal,Clear
3452,SCRAPED_000277,News_Paper,2022,June,Sunday,Telangana,Car,Truck,2,Unknown,Unknown,Severe Collision,Dry,Daylight,3,0,3,Fatal,Clear
3453,SCRAPED_000278,News_Paper,2022,June,Tuesday,Uttar Pradesh,Pedestrian,Truck,2,Unknown,Unknown,Reckless Driving,Dry,Dark,2,0,2,Fatal,Clear
3454,SCRAPED_000279,News_Paper,2022,June,Wednesday,Madhya Pradesh,Bus,Truck,2,Unknown,Unknown,Parking Issue,Dry,Daylight,3,7,10,Fatal,Clear
3455,SCRAPED_000280,News_Paper,2022,June,Saturday,Uttar Pradesh,Van,Truck,2,Unknown,Unknown,Severe Collision,Wet,Daylight,7,5,12,Fatal,Clear
3456,SCRAPED_000281,News_Paper,2022,June,Monday,Punjab,Car,Truck,2,Unknown,Unknown,Parking Issue,Dry,Dark,5,2,7,Fatal,Clear
3457,SCRAPED_000282,News_Paper,2022,June,Saturday,Madhya Pradesh,Two Wheeler,Truck,2,Unknown,18-30,Unknown/Other,Dry,Daylight,1,0,1,Fatal,Clear
3458,SCRAPED_000283,News_Paper,2022,June,Friday,Himachal Pradesh,Two Wheeler,Truck,2,Unknown,Over 51,Severe Collision,Wet,Daylight,1,0,1,Fatal,Clear
3459,SCRAPED_000284,News_Paper,2022,June,Saturday,Himachal Pradesh,Truck,Gorge,2,Unknown,Unknown,Loss of Control,Dry,Dark,1,0,1,Fatal,Clear
3460,SCRAPED_000285,News_Paper,2022,June,Monday,Madhya Pradesh,Two Wheeler,Truck,2,Unknown,Unknown,Severe Collision,Wet,Daylight,2,0,2,Fatal,Clear
3461,SCRAPED_000286,News_Paper,2022,June,Sunday,Telangana,Two Wheeler,Truck,2,Unknown,Unknown,Parking Issue,Dry,Daylight,1,0,1,Fatal,Clear
3462,SCRAPED_000287,News_Paper,2022,June,Monday,Karnataka,Two Wheeler,Truck,2,Unknown,31-50,No Distancing/Rear End,Dry,Dark,1,0,1,Fatal,Clear
3463,SCRAPED_000288,News_Paper,2022,June,Tuesday,Chandigarh,Bicycle,Truck,2,Unknown,31-50,Unknown/Other,Dry,Daylight,1,0,1,Fatal,Clear
3464,SCRAPED_000289,News_Paper,2022,June,Wednesday,Chhattisgarh,Two Wheeler,Truck,2,Unknown,18-30,Unknown/Other,Wet,Dark,1,1,2,Fatal,Clear
3465,SCRAPED_000290,News_Paper,2022,June,Thursday,Rajasthan,Two Wheeler,Truck,2,Unknown,31-50,No Distancing/Rear End,Dry,Daylight,1,0,1,Fatal,Clear
3466,SCRAPED_000291,News_Paper,2022,June,Sunday,Chhattisgarh,Two Wheeler,Truck,2,Unknown,31-50,Severe Collision,Wet,Dark,1,0,1,Fatal,Clear
3467,SCRAPED_000292,News_Paper,2022,June,Sunday,Madhya Pradesh,Two Wheeler,Truck,2,Unknown,18-30,Severe Collision,Dry,Daylight,1,0,1,Fatal,Clear
3468,SCRAPED_000293,News_Paper,2022,June,Monday,Rajasthan,Car,Truck,2,Unknown,Unknown,Parking Issue,Dry,Daylight,5,0,5,Fatal,Clear
3469,SCRAPED_000294,News_Paper,2022,June,Wednesday,Maharashtra,Pick Up,Truck,2,Unknown,Unknown,Severe Collision,Dry,Dark,4,0,4,Fatal,Clear
3470,SCRAPED_000295,News_Paper,2022,June,Wednesday,Chhattisgarh,Car,Truck,2,Unknown,Unknown,Severe Collision,Dry,Daylight,2,3,5,Fatal,Clear
3471,SCRAPED_000296,News_Paper,2022,July,Friday,Uttar Pradesh,Auto Rickshaw,Truck,2,Unknown,Unknown,Severe Collision,Dry,Daylight,6,3,9,Fatal,Clear
3472,SCRAPED_000297,News_Paper,2022,July,Saturday,Maharashtra,Suv,Truck,2,Unknown,Unknown,No Distancing/Rear End,Dry,Daylight,3,1,4,Fatal,Clear
3473,SCRAPED_000298,News_Paper,2022,June,Tuesday,Maharashtra,Two Wheeler,Truck,2,Unknown,Unknown,Severe Collision,Dry,Daylight,3,0,3,Fatal,Clear
3474,SCRAPED_000299,News_Paper,2022,July,Friday,Andhra Pradesh,Two Wheeler,Truck,2,Unknown,31-50,Unknown/Other,Dry,Daylight,1,0,1,Fatal,Clear
3475,SCRAPED_000300,News_Paper,2022,July,Saturday,Nagaland,Auto Rickshaw,Truck,2,Unknown,Unknown,Unknown/Other,Wet,Daylight,5,3,8,Fatal,Clear
3476,SCRAPED_000301,News_Paper,2022,July,Sunday,Maharashtra,Two Wheeler,Truck,2,Unknown,Unknown,Unknown/Other,Wet,Dark,3,4,7,Fatal,Clear
3477,SCRAPED_000302,News_Paper,2022,July,Tuesday,Himachal Pradesh,Truck,Unidentified,2,Unknown,Unknown,Loss of Control,Wet,Daylight,3,1,4,Fatal,Clear
3478,SCRAPED_000303,News_Paper,2022,July,Monday,Madhya Pradesh,Truck,Truck,2,Unknown,31-50,Parking Issue,Wet,Daylight,1,1,2,Fatal,Clear
3479,SCRAPED_000304,News_Paper,2022,July,Monday,Telangana,Car,Truck,2,Unknown,Unknown,No Distancing/Rear End,Dry,Daylight,3,0,3,Fatal,Clear
3480,SCRAPED_000305,News_Paper,2022,July,Monday,Kerala,Two Wheeler,Truck,2,Unknown,Unknown,Severe Collision,Dry,Daylight,2,1,3,Fatal,Clear
3481,SCRAPED_000306,News_Paper,2022,July,Wednesday,Andhra Pradesh,Two Wheeler,Truck,2,Unknown,Unknown,Unknown/Other,Dry,Daylight,2,0,2,Fatal,Clear
3482,SCRAPED_000307,News_Paper,2022,July,Thursday,Uttar Pradesh,Truck,Truck,2,Unknown,Unknown,Unknown/Other,Dry,Dark,2,9,11,Fatal,Clear
3483,SCRAPED_000308,News_Paper,2022,July,Friday,Tamil Nadu,Bus,Truck,2,Unknown,Unknown,Parking Issue,Wet,Daylight,6,10,16,Fatal,Clear
3484,SCRAPED_000309,News_Paper,2022,July,Thursday,Tamil Nadu,Car,Truck,2,Unknown,Unknown,Unknown/Other,Dry,Daylight,4,0,4,Fatal,Clear
3485,SCRAPED_000310,News_Paper,2022,July,Friday,Gujarat,Two Wheeler,Truck,2,Unknown,Unknown,Parking Issue,Wet,Daylight,3,0,3,Fatal,Clear
3486,SCRAPED_000311,News_Paper,2022,July,Friday,Karnataka,Van,Truck,2,Unknown,31-50,Severe Collision,Dry,Dark,1,0,1,Fatal,Clear
3487,SCRAPED_000312,News_Paper,2022,July,Saturday,Rajasthan,Car,Truck,2,Unknown,Unknown,Unknown/Other,Dry,Daylight,2,2,4,Fatal,Clear
3488,SCRAPED_000313,News_Paper,2022,July,Sunday,Rajasthan,Car,Truck,2,Unknown,Unknown,Unknown/Other,Dry,Dark,1,5,6,Fatal,Clear
3489,SCRAPED_000314,News_Paper,2022,July,Sunday,Rajasthan,Car,Truck,2,Unknown,Unknown,Severe Collision,Dry,Dark,2,3,5,Fatal,Clear
3490,SCRAPED_000315,News_Paper,2022,July,Thursday,Uttar Pradesh,Car,Truck,2,Unknown,Unknown,Parking Issue,Dry,Daylight,2,2,4,Fatal,Clear
3491,SCRAPED_000316,News_Paper,2022,July,Sunday,Uttar Pradesh,Two Wheeler,Truck,2,Unknown,18-30,Severe Collision,Dry,Dark,1,1,2,Fatal,Clear
3492,SCRAPED_000317,News_Paper,2022,July,Tuesday,Odisha,Bus,Truck,2,Unknown,Unknown,Unknown/Other,Dry,Dark,1,8,9,Fatal,Clear
3493,SCRAPED_000318,News_Paper,2022,July,Monday,Uttar Pradesh,Two Wheeler,Truck,2,Unknown,31-50,No Distancing/Rear End,Dry,Daylight,1,1,2,Fatal,Clear
3494,SCRAPED_000319,News_Paper,2022,July,Wednesday,Himachal Pradesh,Truck,Gorge,2,Unknown,Unknown,Loss of Control,Wet,Daylight,3,3,6,Fatal,Clear
3495,SCRAPED_000320,News_Paper,2022,July,Monday,Tamil Nadu,Car,Truck,2,Unknown,31-50,Parking Issue,Dry,Dark,1,4,5,Fatal,Clear
3496,SCRAPED_000321,News_Paper,2022,July,Monday,Karnataka,Two Wheeler,Truck,2,Unknown,18-30,Parking Issue,Dry,Daylight,1,1,2,Fatal,Clear
3497,SCRAPED_000322,News_Paper,2022,July,Wednesday,Telangana,Car,Truck,2,Unknown,Unknown,Parking Issue,Wet,Dark,3,0,3,Fatal,Clear
3498,SCRAPED_000323,News_Paper,2022,July,Friday,Tamil Nadu,Pedestrian,Truck,2,Unknown,Unknown,Reckless Driving,Dry,Dark,2,0,2,Fatal,Clear
3499,SCRAPED_000324,News_Paper,2022,July,Saturday,Uttar Pradesh,Bus,Truck,2,Unknown,Unknown,Severe Collision,Dry,Daylight,5,22,27,Fatal,Clear
3500,SCRAPED_000325,News_Paper,2022,July,Saturday,Chhattisgarh,Two Wheeler,Truck,2,Unknown,Unknown,No Distancing/Rear End,Dry,Daylight,2,0,2,Fatal,Clear
3501,SCRAPED_000326,News_Paper,2022,July,Sunday,Goa,Two Wheeler,Truck,2,Unknown,Over 51,Severe Collision,Dry,Dark,1,0,1,Fatal,Clear
3502,SCRAPED_000327,News_Paper,2022,July,Saturday,Madhya Pradesh,Two Wheeler,Truck,2,Unknown,Unknown,Severe Collision,Wet,Daylight,3,0,3,Fatal,Clear
3503,SCRAPED_000328,News_Paper,2022,July,Saturday,Uttar Pradesh,Pedestrian,Truck,2,Unknown,Unknown,Reckless Driving,Wet,Daylight,5,1,6,Fatal,Clear
3504,SCRAPED_000329,News_Paper,2022,July,Friday,Karnataka,Pedestrian,Truck,2,Unknown,Under 18,Reckless Driving,Dry,Dark,1,0,1,Fatal,Clear
3505,SCRAPED_000330,News_Paper,2022,July,Friday,Jammu and Kashmir,Car,Truck,2,Unknown,Unknown,Unknown/Other,Dry,Daylight,4,15,19,Fatal,Clear
3506,SCRAPED_000331,News_Paper,2022,July,Saturday,Bihar,Two Wheeler,Truck,2,Unknown,Unknown,Unknown/Other,Dry,Daylight,2,1,3,Fatal,Clear
3507,SCRAPED_000332,News_Paper,2022,July,Wednesday,Andhra Pradesh,Car,Truck,2,Unknown,Unknown,No Distancing/Rear End,Dry,Dark,3,3,6,Fatal,Clear
3508,SCRAPED_000333,News_Paper,2022,July,Wednesday,Tamil Nadu,Two Wheeler,Truck,2,Unknown,Unknown,Severe Collision,Wet,Daylight,2,0,2,Fatal,Clear
3509,SCRAPED_000334,News_Paper,2022,July,Friday,Rajasthan,Two Wheeler,Truck,2,Unknown,Unknown,No Distancing/Rear End,Dry,Daylight,3,0,3,Fatal,Clear
3510,SCRAPED_000335,News_Paper,2022,July,Saturday,Tamil Nadu,Bus,Truck,2,Unknown,Unknown,Parking Issue,Dry,Daylight,2,3,5,Fatal,Clear
3511,SCRAPED_000336,News_Paper,2022,July,Saturday,Haryana,Two Wheeler,Truck,2,Unknown,Unknown,No Distancing/Rear End,Dry,Daylight,2,1,3,Fatal,Clear
3512,SCRAPED_000337,News_Paper,2022,July,Saturday,West Bengal,Bicycle,Truck,2,Unknown,Under 18,No Distancing/Rear End,Dry,Daylight,1,0,1,Fatal,Clear
3513,SCRAPED_000338,News_Paper,2022,August,Monday,Madhya Pradesh,Two Wheeler,Truck,2,Unknown,18-30,Severe Collision,Dry,Dark,1,0,1,Fatal,Clear
3514,SCRAPED_000339,News_Paper,2022,August,Wednesday,Bihar,Pedestrian,Truck,2,Unknown,Unknown,Reckless Driving,Dry,Daylight,5,7,12,Fatal,Clear
3515,SCRAPED_000340,News_Paper,2022,August,Wednesday,Punjab,Two Wheeler,Truck,2,Unknown,Unknown,Parking Issue,Dry,Daylight,1,0,1,Fatal,Clear
3516,SCRAPED_000341,News_Paper,2022,August,Wednesday,Punjab,Two Wheeler,Truck,2,Unknown,31-50,Unknown/Other,Dry,Daylight,1,1,2,Fatal,Clear
3517,SCRAPED_000342,News_Paper,2022,August,Tuesday,Madhya Pradesh,Car,Truck,2,Unknown,Unknown,Unknown/Other,Dry,Daylight,1,4,5,Fatal,Clear
3518,SCRAPED_000343,News_Paper,2022,August,Thursday,Jammu and Kashmir,Truck,Gorge,2,Unknown,Unknown,Loss of Control,Wet,Daylight,5,12,17,Fatal,Clear
3519,SCRAPED_000344,News_Paper,2022,August,Friday,West Bengal,Two Wheeler,Truck,2,Unknown,18-30,Parking Issue,Dry,Daylight,1,1,2,Fatal,Clear
3520,SCRAPED_000345,News_Paper,2022,August,Friday,Madhya Pradesh,Pedestrian,Truck,2,Unknown,Under 18,Reckless Driving,Dry,Dark,1,0,1,Fatal,Clear
3521,SCRAPED_000346,News_Paper,2022,August,Friday,Maharashtra,Two Wheeler,Truck,2,Unknown,Unknown,Severe Collision,Dry,Dark,2,0,2,Fatal,Clear
3522,SCRAPED_000347,News_Paper,2022,August,Monday,Andhra Pradesh,Car,Truck,2,Unknown,Unknown,Unknown/Other,Dry,Daylight,5,0,5,Fatal,Clear
3523,SCRAPED_000348,News_Paper,2022,August,Tuesday,Jharkhand,Pedestrian,Truck,2,Unknown,Unknown,Reckless Driving,Dry,Daylight,3,1,4,Fatal,Clear
3524,SCRAPED_000349,News_Paper,2022,August,Tuesday,West Bengal,Bicycle,Truck,2,Unknown,Unknown,Unknown/Other,Dry,Daylight,1,0,1,Fatal,Clear
3525,SCRAPED_000350,News_Paper,2022,August,Monday,West Bengal,Pedestrian,Truck,2,Unknown,31-50,Reckless Driving,Dry,Daylight,1,0,1,Fatal,Clear
3526,SCRAPED_000351,News_Paper,2022,August,Wednesday,Uttar Pradesh,Two Wheeler,Truck,2,Unknown,31-50,Unknown/Other,Dry,Dark,1,1,2,Fatal,Clear
3527,SCRAPED_000352,News_Paper,2022,August,Wednesday,Karnataka,Two Wheeler,Truck,2,Unknown,18-30,No Distancing/Rear End,Dry,Dark,1,1,2,Fatal,Clear
3528,SCRAPED_000353,News_Paper,2022,August,Wednesday,Andhra Pradesh,Two Wheeler,Truck,2,Unknown,Unknown,Unknown/Other,Dry,Dark,2,0,2,Fatal,Clear
3529,SCRAPED_000354,News_Paper,2022,August,Thursday,Maharashtra,Two Wheeler,Truck,2,Unknown,18-30,No Distancing/Rear End,Dry,Dark,1,1,2,Fatal,Clear
3530,SCRAPED_000355,News_Paper,2022,August,Friday,Madhya Pradesh,Pedestrian,Truck,2,Unknown,Unknown,Reckless Driving,Dry,Dark,2,0,2,Fatal,Clear
3531,SCRAPED_000356,News_Paper,2022,August,Sunday,Maharashtra,Car,Truck,2,Unknown,Unknown,Severe Collision,Dry,Daylight,6,0,6,Fatal,Clear
3532,SCRAPED_000357,News_Paper,2022,August,Saturday,Gujarat,Car,Truck,2,Unknown,Unknown,No Distancing/Rear End,Dry,Daylight,4,0,4,Fatal,Clear
3533,SCRAPED_000358,News_Paper,2022,August,Monday,Maharashtra,Car,Truck,2,Unknown,Over 51,No Distancing/Rear End,Dry,Daylight,1,0,1,Fatal,Clear
3534,SCRAPED_000359,News_Paper,2022,August,Tuesday,Haryana,Suv,Truck,2,Unknown,Unknown,Severe Collision,Dry,Dark,4,2,6,Fatal,Clear
3535,SCRAPED_000360,News_Paper,2022,August,Wednesday,Maharashtra,Bus,Truck,2,Unknown,Unknown,Severe Collision,Wet,Dark,5,1,6,Fatal,Clear
3536,SCRAPED_000361,News_Paper,2022,August,Tuesday,Maharashtra,Two Wheeler,Truck,2,Unknown,31-50,Parking Issue,Dry,Dark,1,0,1,Fatal,Clear
3537,SCRAPED_000362,News_Paper,2022,August,Tuesday,Maharashtra,Two Wheeler,Truck,2,Unknown,31-50,Parking Issue,Dry,Dark,1,0,1,Fatal,Clear
3538,SCRAPED_000363,News_Paper,2022,August,Tuesday,Andhra Pradesh,Car,Truck,2,Unknown,Unknown,Parking Issue,Dry,Daylight,4,0,4,Fatal,Clear
3539,SCRAPED_000364,News_Paper,2022,August,Tuesday,Assam,Two Wheeler,Truck,2,Unknown,18-30,Unknown/Other,Dry,Dark,1,3,4,Fatal,Clear
3540,SCRAPED_000365,News_Paper,2022,August,Thursday,Rajasthan,Car,Truck,2,Unknown,Unknown,No Distancing/Rear End,Wet,Daylight,4,0,4,Fatal,Clear
3541,SCRAPED_000366,News_Paper,2022,August,Thursday,Himachal Pradesh,Car,Truck,2,Unknown,Unknown,Severe Collision,Dry,Daylight,2,0,2,Fatal,Clear
3542,SCRAPED_000367,News_Paper,2022,August,Saturday,Karnataka,Bus,Truck,2,Unknown,Unknown,Severe Collision,Dry,Daylight,2,10,12,Fatal,Clear
3543,SCRAPED_000368,News_Paper,2022,August,Friday,West Bengal,Two Wheeler,Truck,2,Unknown,18-30,Unknown/Other,Dry,Daylight,1,1,2,Fatal,Clear
3544,SCRAPED_000369,News_Paper,2022,August,Saturday,West Bengal,Two Wheeler,Truck,2,Unknown,31-50,Unknown/Other,Dry,Daylight,1,0,1,Fatal,Clear
3545,SCRAPED_000370,News_Paper,2022,August,Sunday,Maharashtra,Two Wheeler,Truck,2,Unknown,Under 18,No Distancing/Rear End,Dry,Dark,1,4,5,Fatal,Clear
3546,SCRAPED_000371,News_Paper,2022,August,Monday,Madhya Pradesh,Truck,Truck,2,Unknown,Unknown,Unknown/Other,Dry,Daylight,4,11,15,Fatal,Clear
3547,SCRAPED_000372,News_Paper,2022,August,Sunday,Uttar Pradesh,Suv,Truck,2,Unknown,Unknown,Parking Issue,Dry,Daylight,6,6,12,Fatal,Clear