,accident_id,source,year,month,day_of_week,state,vehicle_1,vehicle_2,vehicles_involved,party_age_group,victim_age_group,cause_of_accident,road_condition,lighting_condition,fatalities,injuries,casualties,severity,weather_group
3548,SCRAPED_000373,News_Paper,2022,August,Monday,Rajasthan,Car,Truck,2,Unknown,Unknown,Severe Collision,Wet,Daylight,4,0,4,Fatal,Clear
3549,SCRAPED_000374,News_Paper,2022,August,Sunday,Uttar Pradesh,Two Wheeler,Truck,2,Unknown,Unknown,Severe Collision,Wet,Dark,5,0,5,Fatal,Clear
3550,SCRAPED_000375,News_Paper,2022,August,Monday,Haryana,Car,Truck,2,Unknown,18-30,Parking Issue,Dry,Dark,1,1,2,Fatal,Clear
3551,SCRAPED_000376,News_Paper,2022,August,Tuesday,Madhya Pradesh,Auto Rickshaw,Truck,2,Unknown,Unknown,Severe Collision,Dry,Dark,3,15,18,Fatal,Clear
3552,SCRAPED_000377,News_Paper,2022,August,Tuesday,Chhattisgarh,Car,Truck,2,Unknown,Unknown,Severe Collision,Dry,Daylight,2,1,3,Fatal,Clear
3553,SCRAPED_000378,News_Paper,2022,August,Thursday,Karnataka,Suv,Truck,2,Unknown,Unknown,No Distancing/Rear End,Dry,Daylight,9,14,23,Fatal,Clear
3554,SCRAPED_000379,News_Paper,2022,August,Thursday,Tamil Nadu,Two Wheeler,Truck,2,Unknown,Unknown,Severe Collision,Dry,Daylight,2,0,2,Fatal,Clear
3555,SCRAPED_000380,News_Paper,2022,August,Friday,Maharashtra,Car,Truck,2,Unknown,Unknown,No Distancing/Rear End,Wet,Dark,2,0,2,Fatal,Clear
3556,SCRAPED_000381,News_Paper,2022,August,Thursday,Karnataka,Two Wheeler,Truck,2,Unknown,Unknown,Unknown/Other,Dry,Dark,3,1,4,Fatal,Clear
3557,SCRAPED_000382,News_Paper,2022,August,Saturday,West Bengal,Car,Truck,2,Unknown,31-50,Severe Collision,Dry,Dark,1,0,1,Fatal,Clear
3558,SCRAPED_000383,News_Paper,2022,August,Saturday,Uttar Pradesh,Truck,River,2,Unknown,Unknown,Loss of Control,Dry,Daylight,6,14,20,Fatal,Clear
3559,SCRAPED_000384,News_Paper,2022,August,Sunday,Maharashtra,Two Wheeler,Truck,2,Unknown,18-30,Severe Collision,Dry,Dark,1,0,1,Fatal,Clear
3560,SCRAPED_000385,News_Paper,2022,August,Sunday,Odisha,Auto Rickshaw,Truck,2,Unknown,Unknown,Severe Collision,Dry,Daylight,5,0,5,Fatal,Clear
3561,SCRAPED_000386,News_Paper,2022,August,Tuesday,Uttar Pradesh,Pedestrian,Truck,2,Unknown,Unknown,Reckless Driving,Dry,Dark,2,0,2,Fatal,Clear
3562,SCRAPED_000387,News_Paper,2022,August,Wednesday,West Bengal,Two Wheeler,Truck,2,Unknown,18-30,No Distancing/Rear End,Dry,Daylight,1,0,1,Fatal,Clear
3563,SCRAPED_000388,News_Paper,2022,August,Wednesday,West Bengal,Pedestrian,Truck,2,Unknown,31-50,Reckless Driving,Dry,Daylight,1,0,1,Fatal,Clear
3564,SCRAPED_000389,News_Paper,2022,August,Wednesday,Himachal Pradesh,Truck,Gorge,2,Unknown,Unknown,Loss of Control,Dry,Daylight,1,4,5,Fatal,Clear
3565,SCRAPED_000390,News_Paper,2022,September,Friday,Madhya Pradesh,Two Wheeler,Truck,2,Unknown,Unknown,Unknown/Other,Dry,Daylight,1,1,2,Fatal,Clear
3566,SCRAPED_000391,News_Paper,2022,September,Saturday,Tamil Nadu,Two Wheeler,Truck,2,Unknown,18-30,Unknown/Other,Dry,Daylight,1,1,2,Fatal,Clear
3567,SCRAPED_000392,News_Paper,2022,September,Sunday,Karnataka,Pedestrian,Truck,2,Unknown,Under 18,Reckless Driving,Wet,Dark,1,1,2,Fatal,Clear
3568,SCRAPED_000393,News_Paper,2022,September,Monday,Madhya Pradesh,Two Wheeler,Truck,2,Unknown,Unknown,No Distancing/Rear End,Dry,Daylight,1,0,1,Fatal,Clear
3569,SCRAPED_000394,News_Paper,2022,September,Wednesday,Rajasthan,Car,Truck,2,Unknown,Under 18,Severe Collision,Dry,Dark,6,0,6,Fatal,Clear
3570,SCRAPED_000395,News_Paper,2022,September,Monday,Gujarat,Bus,Truck,2,Unknown,Unknown,Parking Issue,Dry,Daylight,4,11,15,Fatal,Clear
3571,SCRAPED_000396,News_Paper,2022,September,Tuesday,Punjab,Pedestrian,Truck,2,Unknown,Over 51,Reckless Driving,Dry,Daylight,1,0,1,Fatal,Clear
3572,SCRAPED_000397,News_Paper,2022,September,Tuesday,Punjab,Pedestrian,Truck,2,Unknown,Over 51,Reckless Driving,Dry,Daylight,1,0,1,Fatal,Clear
3573,SCRAPED_000398,News_Paper,2022,September,Tuesday,Uttar Pradesh,Truck,Bus,2,Unknown,Unknown,Unknown/Other,Dry,Daylight,1,4,5,Fatal,Clear
3574,SCRAPED_000399,News_Paper,2022,September,Thursday,Haryana,Car,Truck,2,Unknown,Unknown,Severe Collision,Wet,Dark,2,1,3,Fatal,Clear
3575,SCRAPED_000400,News_Paper,2022,September,Saturday,Rajasthan,Car,Truck,2,Unknown,Unknown,Unknown/Other,Wet,Dark,4,2,6,Fatal,Clear
3576,SCRAPED_000401,News_Paper,2022,September,Saturday,Haryana,Two Wheeler,Truck,2,Unknown,Unknown,No Distancing/Rear End,Dry,Daylight,2,0,2,Fatal,Clear
3577,SCRAPED_000402,News_Paper,2022,September,Saturday,Haryana,Truck,Unidentified,2,Unknown,Unknown,Loss of Control,Wet,Dark,1,1,2,Fatal,Clear
3578,SCRAPED_000403,News_Paper,2022,September,Wednesday,Rajasthan,Suv,Truck,2,Unknown,Unknown,Severe Collision,Wet,Daylight,5,12,17,Fatal,Clear
3579,SCRAPED_000404,News_Paper,2022,September,Friday,Rajasthan,Two Wheeler,Truck,2,Unknown,Unknown,Unknown/Other,Dry,Dark,3,1,4,Fatal,Clear
3580,SCRAPED_000405,News_Paper,2022,September,Thursday,Maharashtra,Two Wheeler,Truck,2,Unknown,31-50,No Distancing/Rear End,Dry,Dark,1,0,1,Fatal,Clear
3581,SCRAPED_000406,News_Paper,2022,September,Friday,Gujarat,Car,Truck,2,Unknown,Unknown,Severe Collision,Wet,Daylight,2,0,2,Fatal,Clear
3582,SCRAPED_000407,News_Paper,2022,September,Monday,Punjab,Car,Truck,2,Unknown,Unknown,Severe Collision,Dry,Daylight,3,0,3,Fatal,Clear
3583,SCRAPED_000408,News_Paper,2022,September,Monday,Punjab,Auto Rickshaw,Truck,2,Unknown,18-30,Severe Collision,Wet,Dark,1,3,4,Fatal,Clear
3584,SCRAPED_000409,News_Paper,2022,September,Tuesday,Rajasthan,Car,Truck,2,Unknown,Unknown,Severe Collision,Wet,Daylight,3,0,3,Fatal,Clear
3585,SCRAPED_000410,News_Paper,2022,September,Wednesday,Haryana,Two Wheeler,Truck,2,Unknown,Unknown,Unknown/Other,Dry,Daylight,2,1,3,Fatal,Clear
3586,SCRAPED_000411,News_Paper,2022,September,Thursday,Uttar Pradesh,Truck,Truck,2,Unknown,Unknown,Severe Collision,Dry,Daylight,4,20,24,Fatal,Clear
3587,SCRAPED_000412,News_Paper,2022,September,Friday,Odisha,Bus,Truck,2,Unknown,Unknown,Severe Collision,Dry,Dark,4,8,12,Fatal,Clear
3588,SCRAPED_000413,News_Paper,2022,September,Thursday,Maharashtra,Two Wheeler,Truck,2,Unknown,18-30,No Distancing/Rear End,Dry,Dark,1,0,1,Fatal,Clear
3589,SCRAPED_000414,News_Paper,2022,September,Friday,Uttar Pradesh,Car,Truck,2,Unknown,Under 18,Unknown/Other,Dry,Daylight,1,2,3,Fatal,Clear
3590,SCRAPED_000415,News_Paper,2022,September,Friday,Karnataka,Two Wheeler,Truck,2,Unknown,18-30,Severe Collision,Wet,Daylight,1,0,1,Fatal,Clear
3591,SCRAPED_000416,News_Paper,2022,September,Friday,Karnataka,Two Wheeler,Truck,2,Unknown,18-30,Severe Collision,Wet,Dark,1,0,1,Fatal,Clear
3592,SCRAPED_000417,News_Paper,2022,September,Sunday,Tamil Nadu,Bus,Truck,2,Unknown,Unknown,Unknown/Other,Dry,Dark,6,0,6,Fatal,Clear
3593,SCRAPED_000418,News_Paper,2022,September,Saturday,Maharashtra,Truck,Truck,2,Unknown,31-50,Severe Collision,Wet,Dark,1,1,2,Fatal,Clear
3594,SCRAPED_000419,News_Paper,2022,September,Saturday,Karnataka,Car,Truck,2,Unknown,Unknown,Unknown/Other,Dry,Dark,2,2,4,Fatal,Clear
3595,SCRAPED_000420,News_Paper,2022,September,Saturday,Haryana,Truck,Truck,2,Unknown,Unknown,Severe Collision,Dry,Daylight,4,7,11,Fatal,Clear
3596,SCRAPED_000421,News_Paper,2022,September,Monday,Maharashtra,Bus,Truck,2,Unknown,Over 51,Severe Collision,Wet,Daylight,1,5,6,Fatal,Clear
3597,SCRAPED_000422,News_Paper,2022,September,Saturday,West Bengal,Truck,Truck,2,Unknown,Over 51,Parking Issue,Dry,Dark,1,0,1,Fatal,Clear
3598,SCRAPED_000423,News_Paper,2022,September,Monday,Punjab,Pedestrian,Truck,2,Unknown,Over 51,Reckless Driving,Wet,Dark,1,0,1,Fatal,Clear
3599,SCRAPED_000424,News_Paper,2022,September,Monday,Maharashtra,Two Wheeler,Truck,2,Unknown,31-50,Severe Collision,Dry,Daylight,1,1,2,Fatal,Clear
3600,SCRAPED_000425,News_Paper,2022,September,Wednesday,Delhi,Pedestrian,Truck,2,Unknown,Unknown,Reckless Driving,Dry,Daylight,4,2,6,Fatal,Clear
3601,SCRAPED_000426,News_Paper,2022,September,Monday,Haryana,Truck,Ambulance,2,Unknown,31-50,Severe Collision,Dry,Daylight,2,0,2,Fatal,Clear
3602,SCRAPED_000427,News_Paper,2022,September,Tuesday,Maharashtra,Two Wheeler,Truck,2,Unknown,31-50,Unknown/Other,Wet,Daylight,1,0,1,Fatal,Clear
3603,SCRAPED_000428,News_Paper,2022,September,Wednesday,Maharashtra,Two Wheeler,Truck,2,Unknown,Under 18,Unknown/Other,Dry,Daylight,1,0,1,Fatal,Clear
3604,SCRAPED_000429,News_Paper,2022,September,Friday,Uttar Pradesh,Pedestrian,Truck,2,Unknown,Unknown,Reckless Driving,Dry,Daylight,2,0,2,Fatal,Clear
3605,SCRAPED_000430,News_Paper,2022,September,Friday,Madhya Pradesh,Two Wheeler,Truck,2,Unknown,31-50,No Distancing/Rear End,Wet,Daylight,1,2,3,Fatal,Clear
3606,SCRAPED_000431,News_Paper,2022,September,Monday,Uttar Pradesh,Truck,Unidentified,2,Unknown,Unknown,Loss of Control,Dry,Daylight,10,20,30,Fatal,Clear
3607,SCRAPED_000432,News_Paper,2022,September,Sunday,West Bengal,Two Wheeler,Truck,2,Unknown,Unknown,Unknown/Other,Wet,Daylight,2,1,3,Fatal,Clear
3608,SCRAPED_000433,News_Paper,2022,September,Monday,Uttar Pradesh,Pedestrian,Truck,2,Unknown,Unknown,Reckless Driving,Dry,Daylight,2,1,3,Fatal,Clear
3609,SCRAPED_000434,News_Paper,2022,September,Tuesday,Goa,Suv,Truck,2,Unknown,Unknown,Severe Collision,Wet,Dark,2,3,5,Fatal,Clear
3610,SCRAPED_000435,News_Paper,2022,September,Wednesday,Bihar,Truck,Truck,2,Unknown,Unknown,No Distancing/Rear End,Dry,Daylight,2,34,36,Fatal,Clear
3611,SCRAPED_000436,News_Paper,2022,September,Monday,Tamil Nadu,Pedestrian,Truck,2,Unknown,Under 18,Reckless Driving,Dry,Daylight,1,0,1,Fatal,Clear
3612,SCRAPED_000437,News_Paper,2022,September,Monday,Tamil Nadu,Two Wheeler,Truck,2,Unknown,Under 18,Unknown/Other,Dry,Daylight,1,2,3,Fatal,Clear
3613,SCRAPED_000438,News_Paper,2022,September,Wednesday,Uttar Pradesh,Bus,Truck,2,Unknown,Unknown,Severe Collision,Dry,Dark,8,18,26,Fatal,Clear
3614,SCRAPED_000439,News_Paper,2022,September,Tuesday,West Bengal,Pedestrian,Truck,2,Unknown,Over 51,Reckless Driving,Wet,Daylight,1,0,1,Fatal,Clear
3615,SCRAPED_000440,News_Paper,2022,September,Wednesday,Tamil Nadu,Two Wheeler,Truck,2,Unknown,Unknown,Unknown/Other,Wet,Daylight,2,2,4,Fatal,Clear
3616,SCRAPED_000441,News_Paper,2022,September,Thursday,Maharashtra,Two Wheeler,Truck,2,Unknown,18-30,Unknown/Other,Dry,Daylight,1,3,4,Fatal,Clear
3617,SCRAPED_000442,News_Paper,2022,October,Saturday,Uttar Pradesh,Pick Up,Truck,2,Unknown,Unknown,Parking Issue,Dry,Dark,5,10,15,Fatal,Clear
3618,SCRAPED_000443,News_Paper,2022,October,Sunday,Madhya Pradesh,Car,Truck,2,Unknown,Unknown,Parking Issue,Wet,Dark,4,1,5,Fatal,Clear
3619,SCRAPED_000444,News_Paper,2022,October,Saturday,Himachal Pradesh,Car,Truck,2,Unknown,Unknown,Severe Collision,Wet,Dark,3,1,4,Fatal,Clear
3620,SCRAPED_000445,News_Paper,2022,October,Sunday,Maharashtra,Two Wheeler,Truck,2,Unknown,Unknown,Severe Collision,Wet,Dark,2,1,3,Fatal,Clear
3621,SCRAPED_000446,News_Paper,2022,October,Tuesday,Gujarat,Auto Rickshaw,Truck,2,Unknown,Unknown,Severe Collision,Dry,Dark,10,7,17,Fatal,Clear
3622,SCRAPED_000447,News_Paper,2022,October,Tuesday,Haryana,Two Wheeler,Truck,2,Unknown,Unknown,Severe Collision,Dry,Daylight,2,0,2,Fatal,Clear
3623,SCRAPED_000448,News_Paper,2022,October,Monday,Karnataka,Bus,Truck,2,Unknown,Unknown,Parking Issue,Dry,Daylight,2,26,28,Fatal,Clear
3624,SCRAPED_000449,News_Paper,2022,October,Saturday,Madhya Pradesh,Car,Truck,2,Unknown,Unknown,Severe Collision,Wet,Dark,1,1,2,Fatal,Clear
3625,SCRAPED_000450,News_Paper,2022,October,Tuesday,Uttar Pradesh,Pedestrian,Truck,2,Unknown,Unknown,Reckless Driving,Dry,Daylight,2,4,6,Fatal,Clear
3626,SCRAPED_000451,News_Paper,2022,October,Monday,Gujarat,Two Wheeler,Truck,2,Unknown,18-30,No Distancing/Rear End,Dry,Daylight,1,1,2,Fatal,Clear
3627,SCRAPED_000452,News_Paper,2022,October,Sunday,Haryana,Two Wheeler,Truck,2,Unknown,31-50,Severe Collision,Dry,Daylight,1,0,1,Fatal,Clear
3628,SCRAPED_000453,News_Paper,2022,October,Wednesday,Bihar,Pedestrian,Truck,2,Unknown,Unknown,Reckless Driving,Wet,Daylight,1,0,1,Fatal,Clear
3629,SCRAPED_000454,News_Paper,2022,October,Wednesday,Bihar,Pedestrian,Truck,2,Unknown,Unknown,Reckless Driving,Dry,Daylight,1,0,1,Fatal,Clear
3630,SCRAPED_000455,News_Paper,2022,October,Wednesday,Bihar,Two Wheeler,Truck,2,Unknown,Unknown,No Distancing/Rear End,Wet,Daylight,2,0,2,Fatal,Clear
3631,SCRAPED_000456,News_Paper,2022,October,Wednesday,Chhattisgarh,Two Wheeler,Truck,2,Unknown,Unknown,Severe Collision,Dry,Dark,2,0,2,Fatal,Clear
3632,SCRAPED_000457,News_Paper,2022,October,Wednesday,Jharkhand,Pedestrian,Truck,2,Unknown,Unknown,Reckless Driving,Dry,Daylight,6,2,8,Fatal,Clear
3633,SCRAPED_000458,News_Paper,2022,October,Saturday,Maharashtra,Bus,Truck,2,Unknown,Unknown,Severe Collision,Wet,Dark,12,18,30,Fatal,Clear
3634,SCRAPED_000459,News_Paper,2022,October,Sunday,Jharkhand,Suv,Truck,2,Unknown,Unknown,Unknown/Other,Wet,Dark,2,6,8,Fatal,Clear
3635,SCRAPED_000460,News_Paper,2022,October,Sunday,Karnataka,Two Wheeler,Truck,2,Unknown,31-50,No Distancing/Rear End,Dry,Dark,1,0,1,Fatal,Clear
3636,SCRAPED_000461,News_Paper,2022,October,Tuesday,Kerala,Two Wheeler,Truck,2,Unknown,Over 51,No Distancing/Rear End,Dry,Daylight,1,0,1,Fatal,Clear
3637,SCRAPED_000462,News_Paper,2022,October,Tuesday,Uttar Pradesh,Bus,Truck,2,Unknown,18-30,No Distancing/Rear End,Wet,Daylight,1,69,70,Fatal,Clear
3638,SCRAPED_000463,News_Paper,2022,October,Tuesday,Maharashtra,Two Wheeler,Truck,2,Unknown,Unknown,Severe Collision,Dry,Dark,2,0,2,Fatal,Clear
3639,SCRAPED_000464,News_Paper,2022,October,Friday,Uttar Pradesh,Car,Truck,2,Unknown,Unknown,Severe Collision,Dry,Daylight,4,0,4,Fatal,Clear
3640,SCRAPED_000465,News_Paper,2022,October,Thursday,Maharashtra,Truck,Canal,2,Unknown,Unknown,Loss of Control,Wet,Daylight,3,6,9,Fatal,Clear
3641,SCRAPED_000466,News_Paper,2022,October,Thursday,Haryana,Van,Truck,2,Unknown,Unknown,Parking Issue,Dry,Daylight,2,0,2,Fatal,Clear
3642,SCRAPED_000467,News_Paper,2022,October,Friday,Rajasthan,Car,Truck,2,Unknown,31-50,Unknown/Other,Dry,Daylight,1,2,3,Fatal,Clear
3643,SCRAPED_000468,News_Paper,2022,October,Saturday,Kerala,Truck,Unidentified,2,Unknown,31-50,Loss of Control,Wet,Dark,1,0,1,Fatal,Clear
3644,SCRAPED_000469,News_Paper,2022,October,Sunday,Karnataka,Bus,Truck,2,Unknown,Unknown,Unknown/Other,Wet,Daylight,9,12,21,Fatal,Clear
3645,SCRAPED_000470,News_Paper,2022,October,Saturday,Andhra Pradesh,Pedestrian,Truck,2,Unknown,Over 51,Reckless Driving,Dry,Daylight,1,0,1,Fatal,Clear
3646,SCRAPED_000471,News_Paper,2022,October,Monday,Punjab,Two Wheeler,Truck,2,Unknown,Unknown,Unknown/Other,Dry,Daylight,1,0,1,Fatal,Clear
3647,SCRAPED_000472,News_Paper,2022,October,Tuesday,West Bengal,Truck,Unidentified,2,Unknown,Unknown,Loss of Control,Dry,Daylight,3,6,9,Fatal,Clear
3648,SCRAPED_000473,News_Paper,2022,October,Tuesday,Gujarat,Bus,Truck,2,Unknown,Unknown,No Distancing/Rear End,Dry,Daylight,6,13,19,Fatal,Clear
3649,SCRAPED_000474,News_Paper,2022,October,Tuesday,Uttar Pradesh,Suv,Truck,2,Unknown,Unknown,Severe Collision,Dry,Dark,2,3,5,Fatal,Clear
3650,SCRAPED_000475,News_Paper,2022,October,Wednesday,Jammu and Kashmir,Truck,Unidentified,2,Unknown,Unknown,Loss of Control,Dry,Daylight,2,10,12,Fatal,Clear
3651,SCRAPED_000476,News_Paper,2022,October,Sunday,Maharashtra,Two Wheeler,Truck,2,Unknown,Over 51,Parking Issue,Dry,Dark,1,0,1,Fatal,Clear
3652,SCRAPED_000477,News_Paper,2022,October,Wednesday,Goa,Two Wheeler,Truck,2,Unknown,18-30,Severe Collision,Dry,Dark,1,0,1,Fatal,Clear
3653,SCRAPED_000478,News_Paper,2022,October,Wednesday,West Bengal,Two Wheeler,Truck,2,Unknown,Unknown,Reckless Driving,Dry,Daylight,2,0,2,Fatal,Clear
3654,SCRAPED_000479,News_Paper,2022,October,Friday,Madhya Pradesh,Bus,Truck,2,Unknown,Unknown,Severe Collision,Dry,Daylight,15,40,55,Fatal,Clear
3655,SCRAPED_000480,News_Paper,2022,October,Sunday,Uttar Pradesh,Bus,Truck,2,Unknown,Unknown,Severe Collision,Dry,Dark,5,41,46,Fatal,Clear
3656,SCRAPED_000481,News_Paper,2022,October,Saturday,Tamil Nadu,Truck,Truck,2,Unknown,31-50,Parking Issue,Dry,Dark,1,0,1,Fatal,Clear
3657,SCRAPED_000482,News_Paper,2022,October,Friday,Gujarat,Two Wheeler,Truck,2,Unknown,31-50,No Distancing/Rear End,Wet,Daylight,1,0,1,Fatal,Clear
3658,SCRAPED_000483,News_Paper,2022,October,Wednesday,Bihar,Bus,Truck,2,Unknown,Unknown,Parking Issue,Dry,Daylight,2,20,22,Fatal,Clear
3659,SCRAPED_000484,News_Paper,2022,October,Thursday,Jharkhand,Truck,Bus,2,Unknown,Unknown,Parking Issue,Wet,Dark,1,1,2,Fatal,Clear
3660,SCRAPED_000485,News_Paper,2022,October,Wednesday,Maharashtra,Truck,Unidentified,2,Unknown,18-30,Loss of Control,Dry,Daylight,1,23,24,Fatal,Clear
3661,SCRAPED_000486,News_Paper,2022,October,Tuesday,Maharashtra,Two Wheeler,Truck,2,Unknown,Unknown,Severe Collision,Dry,Daylight,1,2,3,Fatal,Clear
3662,SCRAPED_000487,News_Paper,2022,October,Wednesday,Maharashtra,Pedestrian,Truck,2,Unknown,Over 51,Reckless Driving,Dry,Dark,1,0,1,Fatal,Clear
3663,SCRAPED_000488,News_Paper,2022,October,Thursday,Chhattisgarh,Two Wheeler,Truck,2,Unknown,Over 51,Severe Collision,Dry,Daylight,1,0,1,Fatal,Clear
3664,SCRAPED_000489,News_Paper,2022,October,Thursday,Madhya Pradesh,Two Wheeler,Truck,2,Unknown,Unknown,Unknown/Other,Wet,Daylight,1,0,1,Fatal,Clear
3665,SCRAPED_000490,News_Paper,2022,October,Saturday,Bihar,Car,Truck,2,Unknown,Unknown,Unknown/Other,Dry,Dark,3,0,3,Fatal,Clear
3666,SCRAPED_000491,News_Paper,2022,October,Saturday,Bihar,Two Wheeler,Truck,2,Unknown,18-30,Severe Collision,Dry,Daylight,1,1,2,Fatal,Clear
3667,SCRAPED_000492,News_Paper,2022,October,Saturday,Bihar,Bus,Truck,2,Unknown,Unknown,Parking Issue,Wet,Daylight,2,0,2,Fatal,Clear
3668,SCRAPED_000493,News_Paper,2022,October,Monday,Chhattisgarh,Car,Truck,2,Unknown,31-50,Parking Issue,Dry,Daylight,1,2,3,Fatal,Clear
3669,SCRAPED_000494,News_Paper,2022,October,Sunday,Telangana,Car,Truck,2,Unknown,Unknown,Unknown/Other,Wet,Daylight,4,0,4,Fatal,Clear
3670,SCRAPED_000495,News_Paper,2022,October,Sunday,Telangana,Car,Truck,2,Unknown,Unknown,No Distancing/Rear End,Dry,Daylight,3,9,12,Fatal,Clear
3671,SCRAPED_000496,News_Paper,2022,November,Wednesday,Madhya Pradesh,Suv,Truck,2,Unknown,Unknown,Unknown/Other,Dry,Daylight,5,3,8,Fatal,Clear
3672,SCRAPED_000497,News_Paper,2022,November,Wednesday,Uttar Pradesh,Two Wheeler,Truck,2,Unknown,Unknown,Unknown/Other,Wet,Dark,5,8,13,Fatal,Clear
3673,SCRAPED_000498,News_Paper,2022,November,Tuesday,Punjab,Suv,Truck,2,Unknown,Unknown,No Distancing/Rear End,Wet,Dark,2,1,3,Fatal,Clear
3674,SCRAPED_000499,News_Paper,2022,November,Tuesday,Uttar Pradesh,Two Wheeler,Truck,2,Unknown,Unknown,Reckless Driving,Wet,Dark,5,6,11,Fatal,Clear
3675,SCRAPED_000500,News_Paper,2022,November,Wednesday,West Bengal,Pedestrian,Truck,2,Unknown,31-50,Severe Collision,Dry,Daylight,1,0,1,Fatal,Clear
3676,SCRAPED_000501,News_Paper,2022,November,Friday,Uttar Pradesh,Ambulance,Truck,2,Unknown,Unknown,Severe Collision,Wet,Daylight,2,0,2,Fatal,Clear
3677,SCRAPED_000502,News_Paper,2022,November,Thursday,Maharashtra,Two Wheeler,Truck,2,Unknown,31-50,No Distancing/Rear End,Dry,Dark,1,1,2,Fatal,Clear
3678,SCRAPED_000503,News_Paper,2022,November,Sunday,Rajasthan,Two Wheeler,Truck,2,Unknown,18-30,Parking Issue,Dry,Daylight,1,1,2,Fatal,Clear
3679,SCRAPED_000504,News_Paper,2022,November,Sunday,Chhattisgarh,Two Wheeler,Truck,2,Unknown,Unknown,Parking Issue,Wet,Daylight,3,0,3,Fatal,Clear
3680,SCRAPED_000505,News_Paper,2022,November,Monday,Punjab,Two Wheeler,Truck,2,Unknown,Over 51,No Distancing/Rear End,Dry,Daylight,1,1,2,Fatal,Clear
3681,SCRAPED_000506,News_Paper,2022,November,Sunday,Chhattisgarh,Two Wheeler,Truck,2,Unknown,Unknown,Parking Issue,Dry,Daylight,3,0,3,Fatal,Clear
3682,SCRAPED_000507,News_Paper,2022,November,Tuesday,Rajasthan,Pedestrian,Truck,2,Unknown,18-30,Reckless Driving,Dry,Daylight,1,0,1,Fatal,Clear
3683,SCRAPED_000508,News_Paper,2022,November,Wednesday,Tamil Nadu,Truck,Truck,2,Unknown,31-50,Severe Collision,Dry,Daylight,1,2,3,Fatal,Clear
3684,SCRAPED_000509,News_Paper,2022,November,Friday,Andhra Pradesh,Car,Truck,2,Unknown,Unknown,Parking Issue,Dry,Daylight,3,0,3,Fatal,Clear
3685,SCRAPED_000510,News_Paper,2022,November,Friday,Madhya Pradesh,Pedestrian,Truck,2,Unknown,18-30,Reckless Driving,Dry,Dark,3,1,4,Fatal,Clear
3686,SCRAPED_000511,News_Paper,2022,November,Saturday,Karnataka,Two Wheeler,Truck,2,Unknown,Over 51,Severe Collision,Dry,Daylight,1,0,1,Fatal,Clear
3687,SCRAPED_000512,News_Paper,2022,November,Friday,Karnataka,Pedestrian,Truck,2,Unknown,18-30,Reckless Driving,Wet,Daylight,1,0,1,Fatal,Clear
3688,SCRAPED_000513,News_Paper,2022,November,Saturday,Uttar Pradesh,Pedestrian,Truck,2,Unknown,Unknown,Reckless Driving,Wet,Daylight,2,0,2,Fatal,Clear
3689,SCRAPED_000514,News_Paper,2022,November,Sunday,Karnataka,Two Wheeler,Truck,2,Unknown,31-50,Severe Collision,Dry,Dark,1,0,1,Fatal,Clear
3690,SCRAPED_000515,News_Paper,2022,November,Monday,West Bengal,Van,Truck,2,Unknown,Unknown,Severe Collision,Dry,Daylight,3,5,8,Fatal,Clear
3691,SCRAPED_000516,News_Paper,2022,November,Wednesday,Andhra Pradesh,Van,Truck,2,Unknown,Unknown,Severe Collision,Dry,Daylight,4,8,12,Fatal,Clear
3692,SCRAPED_000517,News_Paper,2022,November,Tuesday,Punjab,Two Wheeler,Truck,2,Unknown,18-30,Unknown/Other,Wet,Daylight,2,2,4,Fatal,Clear
3693,SCRAPED_000518,News_Paper,2022,November,Wednesday,Andhra Pradesh,Truck,Truck,2,Unknown,Unknown,Severe Collision,Dry,Daylight,2,11,13,Fatal,Clear
3694,SCRAPED_000519,News_Paper,2022,November,Thursday,Rajasthan,Two Wheeler,Truck,2,Unknown,Unknown,Severe Collision,Dry,Daylight,2,0,2,Fatal,Clear
3695,SCRAPED_000520,News_Paper,2022,November,Wednesday,Punjab,Two Wheeler,Truck,2,Unknown,Over 51,Severe Collision,Dry,Daylight,1,0,1,Fatal,Clear
3696,SCRAPED_000521,News_Paper,2022,November,Wednesday,Madhya Pradesh,Bus,Truck,2,Unknown,Unknown,Severe Collision,Dry,Dark,3,20,23,Fatal,Clear
3697,SCRAPED_000522,News_Paper,2022,November,Wednesday,Andhra Pradesh,Van,Truck,2,Unknown,Unknown,Severe Collision,Dry,Daylight,4,0,4,Fatal,Clear
3698,SCRAPED_000523,News_Paper,2022,November,Friday,Jharkhand,Truck,Divider,2,Unknown,Unknown,Severe Collision,Wet,Daylight,2,0,2,Fatal,Clear
3699,SCRAPED_000524,News_Paper,2022,November,Sunday,Bihar,Pedestrian,Truck,2,Unknown,Unknown,Reckless Driving,Wet,Dark,8,7,15,Fatal,Clear
3700,SCRAPED_000525,News_Paper,2022,November,Sunday,Maharashtra,Pedestrian,Truck,2,Unknown,31-50,Reckless Driving,Dry,Daylight,1,0,1,Fatal,Clear
3701,SCRAPED_000526,News_Paper,2022,November,Tuesday,Telangana,Truck,Car,2,Unknown,Unknown,Severe Collision,Dry,Daylight,8,2,10,Fatal,Clear