,accident_id,source,year,month,day_of_week,state,vehicle_1,vehicle_2,vehicles_involved,party_age_group,victim_age_group,cause_of_accident,road_condition,lighting_condition,fatalities,injuries,casualties,severity,weather_group
3702,SCRAPED_000527,News_Paper,2022,November,Sunday,Maharashtra,Two Wheeler,Truck,2,Unknown,31-50,Unknown/Other,Dry,Daylight,1,0,1,Fatal,Clear
3703,SCRAPED_000528,News_Paper,2022,November,Sunday,Telangana,Bus,Truck,2,Unknown,Unknown,No Distancing/Rear End,Dry,Daylight,3,16,19,Fatal,Clear
3704,SCRAPED_000529,News_Paper,2022,November,Monday,Assam,Car,Truck,2,Unknown,Unknown,Severe Collision,Wet,Daylight,5,0,5,Fatal,Clear
3705,SCRAPED_000530,News_Paper,2022,November,Monday,Assam,Two Wheeler,Truck,2,Unknown,Unknown,Severe Collision,Dry,Dark,2,0,2,Fatal,Clear
3706,SCRAPED_000531,News_Paper,2022,November,Wednesday,Maharashtra,Car,Truck,2,Unknown,Unknown,Parking Issue,Dry,Daylight,3,3,6,Fatal,Clear
3707,SCRAPED_000532,News_Paper,2022,November,Tuesday,Maharashtra,Suv,Truck,2,Unknown,Unknown,Parking Issue,Wet,Daylight,2,0,2,Fatal,Clear
3708,SCRAPED_000533,News_Paper,2022,November,Wednesday,Tamil Nadu,Two Wheeler,Truck,2,Unknown,31-50,No Distancing/Rear End,Wet,Daylight,1,0,1,Fatal,Clear
3709,SCRAPED_000534,News_Paper,2022,November,Monday,Maharashtra,Two Wheeler,Truck,2,Unknown,31-50,Severe Collision,Dry,Daylight,1,0,1,Fatal,Clear
3710,SCRAPED_000535,News_Paper,2022,November,Wednesday,Maharashtra,Truck,Truck,2,Unknown,31-50,Unknown/Other,Dry,Dark,1,5,6,Fatal,Clear
3711,SCRAPED_000536,News_Paper,2022,November,Wednesday,Maharashtra,Pedestrian,Truck,2,Unknown,31-50,Reckless Driving,Wet,Daylight,1,0,1,Fatal,Clear
3712,SCRAPED_000537,News_Paper,2022,November,Thursday,Uttar Pradesh,Two Wheeler,Truck,2,Unknown,31-50,No Distancing/Rear End,Dry,Daylight,1,0,1,Fatal,Clear
3713,SCRAPED_000538,News_Paper,2022,November,Saturday,Madhya Pradesh,Two Wheeler,Truck,2,Unknown,Unknown,Severe Collision,Dry,Daylight,1,1,2,Fatal,Clear
3714,SCRAPED_000539,News_Paper,2022,November,Saturday,Uttar Pradesh,Car,Truck,2,Unknown,Unknown,Severe Collision,Dry,Daylight,4,0,4,Fatal,Clear
3715,SCRAPED_000540,News_Paper,2022,November,Saturday,Maharashtra,Two Wheeler,Truck,2,Unknown,Over 51,No Distancing/Rear End,Dry,Daylight,1,1,2,Fatal,Clear
3716,SCRAPED_000541,News_Paper,2022,November,Monday,Karnataka,Two Wheeler,Truck,2,Unknown,Unknown,Severe Collision,Dry,Daylight,2,0,2,Fatal,Clear
3717,SCRAPED_000542,News_Paper,2022,November,Wednesday,Uttar Pradesh,Bus,Truck,2,Unknown,Unknown,Severe Collision,Dry,Daylight,6,13,19,Fatal,Clear
3718,SCRAPED_000543,News_Paper,2022,November,Wednesday,Uttar Pradesh,Bus,Truck,2,Unknown,Unknown,Severe Collision,Wet,Dark,6,13,19,Fatal,Clear
3719,SCRAPED_000544,News_Paper,2022,December,Thursday,Odisha,Car,Truck,2,Unknown,Unknown,Parking Issue,Dry,Dark,4,0,4,Fatal,Clear
3720,SCRAPED_000545,News_Paper,2022,December,Friday,Madhya Pradesh,Two Wheeler,Truck,2,Unknown,18-30,Parking Issue,Wet,Daylight,1,1,2,Fatal,Clear
3721,SCRAPED_000546,News_Paper,2022,December,Sunday,Tamil Nadu,Bus,Truck,2,Unknown,Unknown,Severe Collision,Wet,Daylight,3,4,7,Fatal,Clear
3722,SCRAPED_000547,News_Paper,2022,December,Saturday,Chhattisgarh,Two Wheeler,Truck,2,Unknown,18-30,No Distancing/Rear End,Dry,Daylight,1,1,2,Fatal,Clear
3723,SCRAPED_000548,News_Paper,2022,December,Sunday,West Bengal,Two Wheeler,Truck,2,Unknown,31-50,Severe Collision,Wet,Daylight,1,1,2,Fatal,Clear
3724,SCRAPED_000549,News_Paper,2022,December,Sunday,Madhya Pradesh,Pedestrian,Truck,2,Unknown,Unknown,Reckless Driving,Dry,Daylight,6,13,19,Fatal,Clear
3725,SCRAPED_000550,News_Paper,2022,December,Monday,Tamil Nadu,Bus,Truck,2,Unknown,Unknown,Severe Collision,Dry,Daylight,4,3,7,Fatal,Clear
3726,SCRAPED_000551,News_Paper,2022,December,Monday,Tamil Nadu,Car,Truck,2,Unknown,Unknown,Severe Collision,Wet,Dark,3,0,3,Fatal,Clear
3727,SCRAPED_000552,News_Paper,2022,December,Monday,Maharashtra,Pedestrian,Truck,2,Unknown,Under 18,Reckless Driving,Dry,Daylight,1,0,1,Fatal,Clear
3728,SCRAPED_000553,News_Paper,2022,December,Wednesday,Tamil Nadu,Truck,Truck,2,Unknown,Unknown,Unknown/Other,Dry,Daylight,6,5,11,Fatal,Clear
3729,SCRAPED_000554,News_Paper,2022,December,Wednesday,Andhra Pradesh,Truck,Unidentified,2,Unknown,Unknown,Loss of Control,Wet,Daylight,6,20,26,Fatal,Clear
3730,SCRAPED_000555,News_Paper,2022,December,Tuesday,Karnataka,Two Wheeler,Truck,2,Unknown,Unknown,Reckless Driving,Wet,Daylight,2,0,2,Fatal,Clear
3731,SCRAPED_000556,News_Paper,2022,December,Wednesday,Uttar Pradesh,Two Wheeler,Truck,2,Unknown,Unknown,Severe Collision,Dry,Daylight,3,0,3,Fatal,Clear
3732,SCRAPED_000557,News_Paper,2022,December,Tuesday,Maharashtra,Two Wheeler,Truck,2,Unknown,18-30,Severe Collision,Dry,Dark,1,0,1,Fatal,Clear
3733,SCRAPED_000558,News_Paper,2022,December,Thursday,Maharashtra,Car,Truck,2,Unknown,Over 51,Parking Issue,Dry,Daylight,1,0,1,Fatal,Clear
3734,SCRAPED_000559,News_Paper,2022,December,Friday,Kerala,Two Wheeler,Truck,2,Unknown,18-30,No Distancing/Rear End,Wet,Daylight,1,0,1,Fatal,Clear
3735,SCRAPED_000560,News_Paper,2022,December,Friday,Rajasthan,Truck,Truck,2,Unknown,Unknown,Severe Collision,Dry,Daylight,1,3,4,Fatal,Clear
3736,SCRAPED_000561,News_Paper,2022,December,Saturday,Uttar Pradesh,Two Wheeler,Truck,2,Unknown,Unknown,No Distancing/Rear End,Dry,Daylight,3,1,4,Fatal,Clear
3737,SCRAPED_000562,News_Paper,2022,December,Saturday,Telangana,Car,Truck,2,Unknown,Unknown,Severe Collision,Dry,Dark,3,0,3,Fatal,Clear
3738,SCRAPED_000563,News_Paper,2022,December,Saturday,Uttar Pradesh,Two Wheeler,Truck,2,Unknown,18-30,No Distancing/Rear End,Wet,Dark,1,0,1,Fatal,Clear
3739,SCRAPED_000564,News_Paper,2022,December,Saturday,Madhya Pradesh,Pedestrian,Truck,2,Unknown,18-30,Reckless Driving,Dry,Daylight,1,1,2,Fatal,Clear
3740,SCRAPED_000565,News_Paper,2022,December,Monday,Uttarakhand,Truck,Gorge,2,Unknown,31-50,Loss of Control,Wet,Daylight,1,1,2,Fatal,Clear
3741,SCRAPED_000566,News_Paper,2022,December,Monday,Karnataka,Pedestrian,Truck,2,Unknown,Unknown,Reckless Driving,Dry,Dark,3,0,3,Fatal,Clear
3742,SCRAPED_000567,News_Paper,2022,December,Wednesday,Punjab,Truck,Car,2,Unknown,Unknown,Severe Collision,Dry,Daylight,2,0,2,Fatal,Clear
3743,SCRAPED_000568,News_Paper,2022,December,Thursday,Punjab,Truck,Unidentified,2,Unknown,Unknown,Reckless Driving,Wet,Daylight,1,0,1,Fatal,Clear
3744,SCRAPED_000569,News_Paper,2022,December,Saturday,Uttar Pradesh,Pedestrian,Truck,2,Unknown,Unknown,Severe Collision,Dry,Daylight,1,3,4,Fatal,Clear
3745,SCRAPED_000570,News_Paper,2022,December,Sunday,Chhattisgarh,Two Wheeler,Truck,2,Unknown,31-50,No Distancing/Rear End,Wet,Daylight,1,1,2,Fatal,Clear
3746,SCRAPED_000571,News_Paper,2022,December,Sunday,Chhattisgarh,Pedestrian,Truck,2,Unknown,Unknown,Reckless Driving,Dry,Daylight,1,0,1,Fatal,Clear
3747,SCRAPED_000572,News_Paper,2022,December,Monday,Uttar Pradesh,Bus,Truck,2,Unknown,Unknown,No Distancing/Rear End,Dry,Dark,3,9,12,Fatal,Clear
3748,SCRAPED_000573,News_Paper,2022,December,Monday,Maharashtra,Bus,Truck,2,Unknown,Unknown,No Distancing/Rear End,Dry,Dark,1,10,11,Fatal,Clear
3749,SCRAPED_000574,News_Paper,2022,December,Sunday,Uttar Pradesh,Two Wheeler,Truck,2,Unknown,Unknown,Unknown/Other,Dry,Daylight,4,0,4,Fatal,Clear
3750,SCRAPED_000575,News_Paper,2022,December,Sunday,Tamil Nadu,Two Wheeler,Truck,2,Unknown,18-30,Severe Collision,Dry,Daylight,1,0,1,Fatal,Clear
3751,SCRAPED_000576,News_Paper,2022,December,Tuesday,Punjab,Two Wheeler,Truck,2,Unknown,18-30,No Distancing/Rear End,Wet,Daylight,1,1,2,Fatal,Clear
3752,SCRAPED_000577,News_Paper,2022,December,Tuesday,Uttar Pradesh,Bus,Truck,2,Unknown,Unknown,No Distancing/Rear End,Dry,Daylight,1,28,29,Fatal,Clear
3753,SCRAPED_000578,News_Paper,2022,December,Tuesday,Uttar Pradesh,Two Wheeler,Truck,2,Unknown,Unknown,Unknown/Other,Dry,Daylight,1,6,7,Fatal,Clear
3754,SCRAPED_000579,News_Paper,2022,December,Monday,Madhya Pradesh,Two Wheeler,Truck,2,Unknown,Unknown,No Distancing/Rear End,Dry,Dark,2,0,2,Fatal,Clear
3755,SCRAPED_000580,News_Paper,2022,December,Wednesday,Jharkhand,Suv,Truck,2,Unknown,Unknown,Severe Collision,Wet,Daylight,2,6,8,Fatal,Clear
3756,SCRAPED_000581,News_Paper,2022,December,Wednesday,Bihar,Pedestrian,Truck,2,Unknown,Under 18,Reckless Driving,Dry,Dark,1,2,3,Fatal,Clear
3757,SCRAPED_000582,News_Paper,2022,December,Wednesday,Madhya Pradesh,Bus,Truck,2,Unknown,Unknown,Severe Collision,Dry,Daylight,1,2,3,Fatal,Clear
3758,SCRAPED_000583,News_Paper,2022,December,Friday,Sikkim,Truck,Gorge,2,Unknown,Unknown,Loss of Control,Wet,Dark,16,4,20,Fatal,Clear
3759,SCRAPED_000584,News_Paper,2022,December,Thursday,Tamil Nadu,Car,Truck,2,Unknown,Unknown,No Distancing/Rear End,Dry,Daylight,4,0,4,Fatal,Clear
3760,SCRAPED_000585,News_Paper,2022,December,Saturday,Madhya Pradesh,Car,Truck,2,Unknown,Unknown,Severe Collision,Wet,Daylight,4,0,4,Fatal,Clear
3761,SCRAPED_000586,News_Paper,2022,December,Thursday,Gujarat,Car,Truck,2,Unknown,Unknown,Parking Issue,Dry,Daylight,4,0,4,Fatal,Clear
3762,SCRAPED_000587,News_Paper,2022,December,Friday,West Bengal,Two Wheeler,Truck,2,Unknown,18-30,No Distancing/Rear End,Dry,Daylight,1,1,2,Fatal,Clear
3763,SCRAPED_000588,News_Paper,2022,December,Saturday,Uttar Pradesh,Two Wheeler,Truck,2,Unknown,31-50,Unknown/Other,Wet,Daylight,1,1,2,Fatal,Clear
3764,SCRAPED_000589,News_Paper,2022,December,Tuesday,Uttar Pradesh,Car,Truck,2,Unknown,Unknown,No Distancing/Rear End,Dry,Daylight,3,0,3,Fatal,Clear
3765,SCRAPED_000590,News_Paper,2022,December,Monday,Tamil Nadu,Van,Truck,2,Unknown,Unknown,Severe Collision,Wet,Daylight,4,0,4,Fatal,Clear
3766,SCRAPED_000591,News_Paper,2022,December,Monday,West Bengal,Two Wheeler,Truck,2,Unknown,Under 18,No Distancing/Rear End,Wet,Dark,1,2,3,Fatal,Clear
3767,SCRAPED_000592,News_Paper,2022,December,Sunday,Telangana,Two Wheeler,Truck,2,Unknown,18-30,Unknown/Other,Wet,Dark,1,6,7,Fatal,Clear
3768,SCRAPED_000593,News_Paper,2022,December,Monday,Chhattisgarh,Pedestrian,Truck,2,Unknown,Unknown,Reckless Driving,Wet,Daylight,1,0,1,Fatal,Clear
3769,SCRAPED_000594,News_Paper,2022,December,Monday,Chhattisgarh,Two Wheeler,Truck,2,Unknown,Unknown,Severe Collision,Dry,Daylight,1,0,1,Fatal,Clear
3770,SCRAPED_000595,News_Paper,2022,December,Tuesday,Maharashtra,Pedestrian,Truck,2,Unknown,31-50,Reckless Driving,Dry,Daylight,1,0,1,Fatal,Clear
3771,SCRAPED_000596,News_Paper,2022,December,Wednesday,Jharkhand,Car,Truck,2,Unknown,Unknown,Parking Issue,Dry,Daylight,2,3,5,Fatal,Clear
3772,SCRAPED_000597,News_Paper,2022,December,Friday,Maharashtra,Pedestrian,Truck,2,Unknown,31-50,Reckless Driving,Dry,Daylight,1,0,1,Fatal,Clear
3773,SCRAPED_000598,News_Paper,2022,December,Friday,Maharashtra,Two Wheeler,Truck,2,Unknown,Unknown,No Distancing/Rear End,Dry,Daylight,2,1,3,Fatal,Clear
3774,SCRAPED_000599,News_Paper,2022,December,Saturday,West Bengal,Pedestrian,Truck,2,Unknown,18-30,Reckless Driving,Dry,Daylight,1,0,1,Fatal,Clear
3775,SCRAPED_000600,News_Paper,2022,December,Saturday,Uttar Pradesh,Truck,Unidentified,2,Unknown,Over 51,Loss of Control,Wet,Dark,3,1,4,Fatal,Clear
3776,SCRAPED_000601,News_Paper,2023,January,Sunday,Madhya Pradesh,Truck,Unidentified,2,Unknown,Unknown,Loss of Control,Wet,Dark,1,8,9,Fatal,Clear
3777,SCRAPED_000602,News_Paper,2022,December,Saturday,Telangana,Auto Rickshaw,Truck,2,Unknown,Unknown,Unknown/Other,Wet,Daylight,2,0,2,Fatal,Clear
3778,SCRAPED_000603,News_Paper,2023,January,Monday,Uttar Pradesh,Pedestrian,Truck,2,Unknown,Unknown,Reckless Driving,Dry,Dark,1,0,1,Fatal,Clear
3779,SCRAPED_000604,News_Paper,2023,January,Sunday,Punjab,Car,Truck,2,Unknown,Unknown,Severe Collision,Dry,Daylight,4,0,4,Fatal,Clear
3780,SCRAPED_000605,News_Paper,2023,January,Sunday,Tamil Nadu,Two Wheeler,Truck,2,Unknown,18-30,No Distancing/Rear End,Dry,Daylight,2,0,2,Fatal,Clear
3781,SCRAPED_000606,News_Paper,2022,December,Saturday,Maharashtra,Two Wheeler,Truck,2,Unknown,Unknown,Severe Collision,Wet,Daylight,1,0,1,Fatal,Clear
3782,SCRAPED_000607,News_Paper,2022,December,Saturday,Chhattisgarh,Two Wheeler,Truck,2,Unknown,Unknown,Severe Collision,Wet,Dark,2,0,2,Fatal,Clear
3783,SCRAPED_000608,News_Paper,2022,December,Saturday,Karnataka,Two Wheeler,Truck,2,Unknown,18-30,Severe Collision,Dry,Daylight,1,1,2,Fatal,Clear
3784,SCRAPED_000609,News_Paper,2023,January,Sunday,Rajasthan,Car,Truck,2,Unknown,Unknown,Severe Collision,Wet,Dark,5,0,5,Fatal,Clear
3785,SCRAPED_000610,News_Paper,2023,January,Sunday,Karnataka,Two Wheeler,Truck,2,Unknown,18-30,Severe Collision,Dry,Daylight,1,1,2,Fatal,Clear
3786,SCRAPED_000611,News_Paper,2023,January,Sunday,Uttar Pradesh,Car,Truck,2,Unknown,Unknown,Severe Collision,Wet,Daylight,4,2,6,Fatal,Clear
3787,SCRAPED_000612,News_Paper,2023,January,Sunday,Tamil Nadu,Two Wheeler,Truck,2,Unknown,Unknown,Severe Collision,Dry,Dark,3,0,3,Fatal,Clear
3788,SCRAPED_000613,News_Paper,2023,January,Sunday,West Bengal,Truck,Unidentified,2,Unknown,Unknown,Loss of Control,Wet,Daylight,4,0,4,Fatal,Clear
3789,SCRAPED_000614,News_Paper,2023,January,Sunday,Maharashtra,Pedestrian,Truck,2,Unknown,31-50,No Distancing/Rear End,Wet,Daylight,1,0,1,Fatal,Clear
3790,SCRAPED_000615,News_Paper,2023,January,Sunday,Maharashtra,Two Wheeler,Truck,2,Unknown,18-30,No Distancing/Rear End,Dry,Daylight,1,2,3,Fatal,Clear
3791,SCRAPED_000616,News_Paper,2023,January,Monday,Rajasthan,Two Wheeler,Truck,2,Unknown,Unknown,Unknown/Other,Dry,Daylight,3,4,7,Fatal,Clear
3792,SCRAPED_000617,News_Paper,2023,January,Tuesday,Tamil Nadu,Car,Truck,2,Unknown,Unknown,Unknown/Other,Dry,Daylight,5,0,5,Fatal,Clear
3793,SCRAPED_000618,News_Paper,2022,December,Saturday,Maharashtra,Two Wheeler,Truck,2,Unknown,18-30,Severe Collision,Dry,Daylight,1,1,2,Fatal,Clear
3794,SCRAPED_000619,News_Paper,2023,January,Sunday,Jharkhand,Pedestrian,Truck,2,Unknown,31-50,Reckless Driving,Dry,Daylight,1,0,1,Fatal,Clear
3795,SCRAPED_000620,News_Paper,2023,January,Monday,Rajasthan,Truck,Unidentified,2,Unknown,18-30,Loss of Control,Dry,Daylight,1,0,1,Fatal,Clear
3796,SCRAPED_000621,News_Paper,2023,January,Monday,Maharashtra,Car,Truck,2,Unknown,18-30,No Distancing/Rear End,Dry,Daylight,1,3,4,Fatal,Clear
3797,SCRAPED_000622,News_Paper,2023,January,Monday,Rajasthan,Two Wheeler,Truck,2,Unknown,31-50,Severe Collision,Dry,Daylight,1,1,2,Fatal,Clear
3798,SCRAPED_000623,News_Paper,2023,January,Tuesday,Karnataka,Two Wheeler,Truck,2,Unknown,18-30,Unknown/Other,Dry,Daylight,1,0,1,Fatal,Clear
3799,SCRAPED_000624,News_Paper,2023,January,Monday,Delhi,Two Wheeler,Truck,2,Unknown,Unknown,Severe Collision,Dry,Daylight,3,0,3,Fatal,Clear
3800,SCRAPED_000625,News_Paper,2023,January,Tuesday,Tamil Nadu,Two Wheeler,Truck,2,Unknown,18-30,Severe Collision,Dry,Dark,1,0,1,Fatal,Clear
3801,SCRAPED_000626,News_Paper,2023,January,Tuesday,Maharashtra,Truck,Car,2,Unknown,Over 51,No Distancing/Rear End,Dry,Dark,1,1,2,Fatal,Clear
3802,SCRAPED_000627,News_Paper,2023,January,Wednesday,Rajasthan,Two Wheeler,Truck,2,Unknown,Under 18,Severe Collision,Wet,Daylight,1,0,1,Fatal,Clear
3803,SCRAPED_000628,News_Paper,2023,January,Friday,Tamil Nadu,Car,Truck,2,Unknown,Unknown,Severe Collision,Dry,Dark,2,1,3,Fatal,Clear
3804,SCRAPED_000629,News_Paper,2023,January,Friday,Rajasthan,Bus,Truck,2,Unknown,Unknown,Severe Collision,Dry,Daylight,5,36,41,Fatal,Clear
3805,SCRAPED_000630,News_Paper,2023,January,Saturday,Tamil Nadu,Two Wheeler,Truck,2,Unknown,Under 18,Unknown/Other,Dry,Daylight,1,1,2,Fatal,Clear
3806,SCRAPED_000631,News_Paper,2023,January,Saturday,Uttar Pradesh,Car,Truck,2,Unknown,31-50,Severe Collision,Wet,Daylight,1,0,1,Fatal,Clear
3807,SCRAPED_000632,News_Paper,2023,January,Saturday,Maharashtra,Pedestrian,Truck,2,Unknown,Over 51,Reckless Driving,Dry,Daylight,1,0,1,Fatal,Clear
3808,SCRAPED_000633,News_Paper,2023,January,Monday,Kerala,Truck,Two_Wheeler,2,Unknown,Unknown,Unknown/Other,Dry,Daylight,3,0,3,Fatal,Clear
3809,SCRAPED_000634,News_Paper,2023,January,Tuesday,Uttar Pradesh,Car,Truck,2,Unknown,18-30,Severe Collision,Wet,Daylight,1,11,12,Fatal,Clear
3810,SCRAPED_000635,News_Paper,2023,January,Thursday,Maharashtra,Bus,Truck,2,Unknown,Unknown,Severe Collision,Wet,Daylight,10,23,33,Fatal,Clear
3811,SCRAPED_000636,News_Paper,2023,January,Thursday,Karnataka,Two Wheeler,Truck,2,Unknown,Unknown,No Distancing/Rear End,Wet,Daylight,1,0,1,Fatal,Clear
3812,SCRAPED_000637,News_Paper,2023,January,Friday,Madhya Pradesh,Truck,Ditch,2,Unknown,Unknown,Loss of Control,Wet,Daylight,2,4,6,Fatal,Clear
3813,SCRAPED_000638,News_Paper,2023,January,Saturday,Uttar Pradesh,Two Wheeler,Truck,2,Unknown,18-30,Unknown/Other,Dry,Daylight,1,0,1,Fatal,Clear
3814,SCRAPED_000639,News_Paper,2023,January,Tuesday,Karnataka,Two Wheeler,Truck,2,Unknown,Unknown,Severe Collision,Dry,Daylight,2,0,2,Fatal,Clear
3815,SCRAPED_000640,News_Paper,2023,January,Monday,Chhattisgarh,Car,Truck,2,Unknown,Under 18,Severe Collision,Dry,Dark,3,0,3,Fatal,Clear
3816,SCRAPED_000641,News_Paper,2023,January,Wednesday,Karnataka,Two Wheeler,Truck,2,Unknown,18-30,No Distancing/Rear End,Wet,Daylight,1,0,1,Fatal,Clear
3817,SCRAPED_000642,News_Paper,2023,January,Thursday,Maharashtra,Pedestrian,Truck,2,Unknown,Unknown,Reckless Driving,Dry,Daylight,2,0,2,Fatal,Clear
3818,SCRAPED_000643,News_Paper,2023,January,Thursday,Kerala,Two Wheeler,Truck,2,Unknown,31-50,No Distancing/Rear End,Wet,Daylight,1,0,1,Fatal,Clear
3819,SCRAPED_000644,News_Paper,2023,January,Saturday,Chhattisgarh,Two Wheeler,Truck,2,Unknown,Unknown,No Distancing/Rear End,Dry,Daylight,1,1,2,Fatal,Clear
3820,SCRAPED_000645,News_Paper,2023,January,Friday,Telangana,Car,Truck,2,Unknown,Unknown,Severe Collision,Dry,Daylight,4,0,4,Fatal,Clear
3821,SCRAPED_000646,News_Paper,2023,January,Saturday,Rajasthan,Car,Truck,2,Unknown,Unknown,Severe Collision,Dry,Dark,5,0,5,Fatal,Clear
3822,SCRAPED_000647,News_Paper,2023,January,Saturday,Andhra Pradesh,Two Wheeler,Truck,2,Unknown,18-30,No Distancing/Rear End,Dry,Daylight,1,0,1,Fatal,Clear
3823,SCRAPED_000648,News_Paper,2023,January,Monday,Rajasthan,Car,Truck,2,Unknown,Under 18,Severe Collision,Wet,Daylight,5,0,5,Fatal,Clear
3824,SCRAPED_000649,News_Paper,2023,January,Tuesday,Tamil Nadu,Two Wheeler,Truck,2,Unknown,Unknown,No Distancing/Rear End,Wet,Daylight,3,0,3,Fatal,Clear
3825,SCRAPED_000650,News_Paper,2023,January,Wednesday,Assam,Car,Truck,2,Unknown,Unknown,Unknown/Other,Dry,Daylight,2,5,7,Fatal,Clear
3826,SCRAPED_000651,News_Paper,2023,January,Wednesday,Madhya Pradesh,Truck,Truck,2,Unknown,Unknown,Severe Collision,Dry,Daylight,3,6,9,Fatal,Clear
3827,SCRAPED_000652,News_Paper,2023,January,Friday,Andhra Pradesh,Car,Truck,2,Unknown,Unknown,No Distancing/Rear End,Dry,Daylight,2,7,9,Fatal,Clear
3828,SCRAPED_000653,News_Paper,2023,January,Saturday,Rajasthan,Car,Truck,2,Unknown,Unknown,Severe Collision,Dry,Dark,4,4,8,Fatal,Clear
3829,SCRAPED_000654,News_Paper,2023,January,Saturday,Assam,Two Wheeler,Truck,2,Unknown,31-50,Severe Collision,Dry,Daylight,1,0,1,Fatal,Clear
3830,SCRAPED_000655,News_Paper,2023,January,Sunday,Madhya Pradesh,Car,Truck,2,Unknown,Unknown,No Distancing/Rear End,Wet,Daylight,1,3,4,Fatal,Clear
3831,SCRAPED_000656,News_Paper,2023,January,Monday,Maharashtra,Car,Truck,2,Unknown,Unknown,Severe Collision,Dry,Daylight,4,0,4,Fatal,Clear
3832,SCRAPED_000657,News_Paper,2023,January,Tuesday,Telangana,Car,Truck,2,Unknown,Unknown,No Distancing/Rear End,Dry,Daylight,2,4,6,Fatal,Clear
3833,SCRAPED_000658,News_Paper,2023,January,Monday,Madhya Pradesh,Two Wheeler,Truck,2,Unknown,18-30,Severe Collision,Wet,Daylight,1,0,1,Fatal,Clear
3834,SCRAPED_000659,News_Paper,2023,February,Wednesday,Madhya Pradesh,Two Wheeler,Truck,2,Unknown,Unknown,Unknown/Other,Dry,Dark,2,0,2,Fatal,Clear
3835,SCRAPED_000660,News_Paper,2023,February,Friday,Gujarat,Pedestrian,Truck,2,Unknown,18-30,Reckless Driving,Dry,Daylight,1,0,1,Fatal,Clear
3836,SCRAPED_000661,News_Paper,2023,February,Thursday,Uttar Pradesh,Two Wheeler,Truck,2,Unknown,Under 18,Severe Collision,Dry,Dark,1,0,1,Fatal,Clear
3837,SCRAPED_000662,News_Paper,2023,February,Friday,West Bengal,Two Wheeler,Truck,2,Unknown,Under 18,No Distancing/Rear End,Dry,Daylight,1,1,2,Fatal,Clear
3838,SCRAPED_000663,News_Paper,2023,February,Friday,Maharashtra,Two Wheeler,Truck,2,Unknown,Unknown,Severe Collision,Dry,Daylight,3,1,4,Fatal,Clear
3839,SCRAPED_000664,News_Paper,2023,February,Sunday,Chhattisgarh,Pedestrian,Truck,2,Unknown,Unknown,Reckless Driving,Dry,Daylight,2,0,2,Fatal,Clear
3840,SCRAPED_000665,News_Paper,2023,February,Sunday,Andhra Pradesh,Truck,Unidentified,2,Unknown,31-50,Loss of Control,Dry,Dark,1,1,2,Fatal,Clear
3841,SCRAPED_000666,News_Paper,2023,February,Tuesday,Madhya Pradesh,Auto Rickshaw,Truck,2,Unknown,Unknown,Severe Collision,Dry,Dark,2,3,5,Fatal,Clear
3842,SCRAPED_000667,News_Paper,2023,February,Monday,Maharashtra,Pedestrian,Truck,2,Unknown,Unknown,Reckless Driving,Dry,Dark,2,0,2,Fatal,Clear
3843,SCRAPED_000668,News_Paper,2023,February,Tuesday,Uttar Pradesh,Car,Truck,2,Unknown,31-50,Unknown/Other,Wet,Daylight,1,1,2,Fatal,Clear
3844,SCRAPED_000669,News_Paper,2023,February,Wednesday,Chhattisgarh,Auto Rickshaw,Truck,2,Unknown,Unknown,Severe Collision,Dry,Dark,7,2,9,Fatal,Clear
3845,SCRAPED_000670,News_Paper,2023,February,Thursday,Bihar,Auto Rickshaw,Truck,2,Unknown,31-50,Severe Collision,Dry,Dark,3,3,6,Fatal,Clear
3846,SCRAPED_000671,News_Paper,2023,February,Saturday,Karnataka,Car,Truck,2,Unknown,Unknown,Parking Issue,Dry,Dark,2,1,3,Fatal,Clear
3847,SCRAPED_000672,News_Paper,2023,February,Sunday,Uttar Pradesh,Two Wheeler,Truck,2,Unknown,Unknown,No Distancing/Rear End,Wet,Dark,2,0,2,Fatal,Clear
3848,SCRAPED_000673,News_Paper,2023,February,Monday,Bihar,Car,Truck,2,Unknown,Unknown,Severe Collision,Wet,Daylight,3,0,3,Fatal,Clear
3849,SCRAPED_000674,News_Paper,2023,February,Monday,Maharashtra,Two Wheeler,Truck,2,Unknown,Unknown,Severe Collision,Dry,Daylight,3,0,3,Fatal,Clear
3850,SCRAPED_000675,News_Paper,2023,February,Tuesday,Telangana,Two Wheeler,Truck,2,Unknown,Over 51,No Distancing/Rear End,Wet,Dark,1,1,2,Fatal,Clear
3851,SCRAPED_000676,News_Paper,2023,February,Wednesday,Maharashtra,Car,Truck,2,Unknown,Unknown,Unknown/Other,Dry,Dark,1,5,6,Fatal,Clear
3852,SCRAPED_000677,News_Paper,2023,February,Thursday,Uttar Pradesh,Two Wheeler,Truck,2,Unknown,Unknown,Severe Collision,Dry,Dark,2,1,3,Fatal,Clear