,accident_id,source,year,month,day_of_week,state,vehicle_1,vehicle_2,vehicles_involved,party_age_group,victim_age_group,cause_of_accident,road_condition,lighting_condition,fatalities,injuries,casualties,severity,weather_group
3853,SCRAPED_000678,News_Paper,2023,February,Saturday,Haryana,Car,Truck,2,Unknown,Unknown,Parking Issue,Dry,Dark,1,1,2,Fatal,Clear
3854,SCRAPED_000679,News_Paper,2023,February,Sunday,Maharashtra,Pedestrian,Truck,2,Unknown,Under 18,Reckless Driving,Dry,Dark,1,0,1,Fatal,Clear
3855,SCRAPED_000680,News_Paper,2023,February,Monday,Karnataka,Car,Truck,2,Unknown,Unknown,No Distancing/Rear End,Wet,Daylight,2,3,5,Fatal,Clear
3856,SCRAPED_000681,News_Paper,2023,February,Wednesday,Uttar Pradesh,Truck,Truck,2,Unknown,Unknown,Severe Collision,Dry,Daylight,4,12,16,Fatal,Clear
3857,SCRAPED_000682,News_Paper,2023,February,Wednesday,Uttar Pradesh,Truck,Bus,2,Unknown,18-30,Severe Collision,Dry,Dark,2,12,14,Fatal,Clear
3858,SCRAPED_000683,News_Paper,2023,February,Wednesday,Tamil Nadu,Truck,Car,2,Unknown,Unknown,Severe Collision,Dry,Daylight,5,0,5,Fatal,Clear
3859,SCRAPED_000684,News_Paper,2023,February,Wednesday,Gujarat,Car,Truck,2,Unknown,Unknown,Severe Collision,Dry,Dark,6,36,42,Fatal,Clear
3860,SCRAPED_000685,News_Paper,2023,February,Thursday,Tamil Nadu,Two Wheeler,Truck,2,Unknown,18-30,Parking Issue,Wet,Dark,1,1,2,Fatal,Clear
3861,SCRAPED_000686,News_Paper,2023,February,Friday,Odisha,Car,Truck,2,Unknown,Unknown,Parking Issue,Wet,Daylight,7,0,7,Fatal,Clear
3862,SCRAPED_000687,News_Paper,2023,February,Friday,Uttar Pradesh,Truck,Unidentified,2,Unknown,Under 18,Loss of Control,Dry,Daylight,1,12,13,Fatal,Clear
3863,SCRAPED_000688,News_Paper,2023,February,Thursday,Tamil Nadu,Two Wheeler,Truck,2,Unknown,Unknown,Unknown/Other,Wet,Daylight,2,0,2,Fatal,Clear
3864,SCRAPED_000689,News_Paper,2023,February,Saturday,Jharkhand,Two Wheeler,Truck,2,Unknown,Unknown,No Distancing/Rear End,Dry,Dark,4,0,4,Fatal,Clear
3865,SCRAPED_000690,News_Paper,2023,February,Monday,Gujarat,Pedestrian,Truck,2,Unknown,Unknown,Reckless Driving,Wet,Dark,4,1,5,Fatal,Clear
3866,SCRAPED_000691,News_Paper,2023,February,Tuesday,Rajasthan,Truck,Truck,2,Unknown,Unknown,Severe Collision,Dry,Daylight,1,1,2,Fatal,Clear
3867,SCRAPED_000692,News_Paper,2023,February,Tuesday,Maharashtra,Two Wheeler,Truck,2,Unknown,Unknown,Reckless Driving,Dry,Dark,2,0,2,Fatal,Clear
3868,SCRAPED_000693,News_Paper,2023,March,Thursday,Haryana,Car,Truck,2,Unknown,Unknown,Reckless Driving,Dry,Daylight,6,0,6,Fatal,Clear
3869,SCRAPED_000694,News_Paper,2023,March,Friday,Tamil Nadu,Car,Truck,2,Unknown,Unknown,Severe Collision,Dry,Daylight,2,1,3,Fatal,Clear
3870,SCRAPED_000695,News_Paper,2023,March,Friday,Tamil Nadu,Two Wheeler,Truck,2,Unknown,Unknown,Severe Collision,Dry,Daylight,2,0,2,Fatal,Clear
3871,SCRAPED_000696,News_Paper,2023,March,Friday,Delhi,Car,Truck,2,Unknown,Unknown,Severe Collision,Dry,Dark,2,0,2,Fatal,Clear
3872,SCRAPED_000697,News_Paper,2023,March,Sunday,Uttarakhand,Two Wheeler,Truck,2,Unknown,31-50,Severe Collision,Dry,Dark,1,3,4,Fatal,Clear
3873,SCRAPED_000698,News_Paper,2023,March,Sunday,Telangana,Two Wheeler,Truck,2,Unknown,Unknown,No Distancing/Rear End,Wet,Daylight,2,1,3,Fatal,Clear
3874,SCRAPED_000699,News_Paper,2023,March,Wednesday,Maharashtra,Car,Truck,2,Unknown,Unknown,Unknown/Other,Dry,Dark,4,0,4,Fatal,Clear
3875,SCRAPED_000700,News_Paper,2023,March,Thursday,Uttar Pradesh,Auto Rickshaw,Truck,2,Unknown,Unknown,Severe Collision,Dry,Dark,3,0,3,Fatal,Clear
3876,SCRAPED_000701,News_Paper,2023,March,Friday,Punjab,Car,Truck,2,Unknown,31-50,Severe Collision,Dry,Daylight,1,0,1,Fatal,Clear
3877,SCRAPED_000702,News_Paper,2023,March,Friday,Chhattisgarh,Car,Truck,2,Unknown,18-30,Severe Collision,Wet,Daylight,5,1,6,Fatal,Clear
3878,SCRAPED_000703,News_Paper,2023,March,Friday,Chhattisgarh,Two Wheeler,Truck,2,Unknown,Unknown,Severe Collision,Dry,Daylight,3,0,3,Fatal,Clear
3879,SCRAPED_000704,News_Paper,2023,March,Thursday,Madhya Pradesh,Pedestrian,Truck,2,Unknown,31-50,Reckless Driving,Dry,Daylight,1,0,1,Fatal,Clear
3880,SCRAPED_000705,News_Paper,2023,March,Sunday,Tamil Nadu,Two Wheeler,Truck,2,Unknown,Unknown,No Distancing/Rear End,Wet,Daylight,2,0,2,Fatal,Clear
3881,SCRAPED_000706,News_Paper,2023,March,Saturday,Bihar,Auto Rickshaw,Truck,2,Unknown,Under 18,Severe Collision,Dry,Dark,2,11,13,Fatal,Clear
3882,SCRAPED_000707,News_Paper,2023,March,Sunday,Tamil Nadu,Two Wheeler,Truck,2,Unknown,18-30,Severe Collision,Dry,Daylight,1,0,1,Fatal,Clear
3883,SCRAPED_000708,News_Paper,2023,March,Saturday,Uttar Pradesh,Car,Truck,2,Unknown,Unknown,Severe Collision,Dry,Daylight,5,0,5,Fatal,Clear
3884,SCRAPED_000709,News_Paper,2023,March,Monday,Bihar,Two Wheeler,Truck,2,Unknown,Unknown,Severe Collision,Dry,Daylight,2,0,2,Fatal,Clear
3885,SCRAPED_000710,News_Paper,2023,March,Monday,Telangana,Car,Truck,2,Unknown,Unknown,Severe Collision,Dry,Daylight,4,0,4,Fatal,Clear
3886,SCRAPED_000711,News_Paper,2023,March,Wednesday,Karnataka,Two Wheeler,Truck,2,Unknown,18-30,No Distancing/Rear End,Dry,Dark,1,0,1,Fatal,Clear
3887,SCRAPED_000712,News_Paper,2023,March,Tuesday,Madhya Pradesh,Two Wheeler,Truck,2,Unknown,Unknown,No Distancing/Rear End,Dry,Dark,2,0,2,Fatal,Clear
3888,SCRAPED_000713,News_Paper,2023,March,Friday,Karnataka,Two Wheeler,Truck,2,Unknown,Unknown,No Distancing/Rear End,Wet,Dark,2,0,2,Fatal,Clear
3889,SCRAPED_000714,News_Paper,2023,March,Saturday,Tamil Nadu,Car,Truck,2,Unknown,Unknown,Unknown/Other,Dry,Dark,6,3,9,Fatal,Clear
3890,SCRAPED_000715,News_Paper,2023,March,Friday,Telangana,Pedestrian,Truck,2,Unknown,31-50,Reckless Driving,Dry,Daylight,1,0,1,Fatal,Clear
3891,SCRAPED_000716,News_Paper,2023,March,Saturday,Andhra Pradesh,Two Wheeler,Truck,2,Unknown,18-30,No Distancing/Rear End,Dry,Dark,1,0,1,Fatal,Clear
3892,SCRAPED_000717,News_Paper,2023,March,Tuesday,Uttar Pradesh,Car,Truck,2,Unknown,Unknown,Parking Issue,Wet,Dark,3,0,3,Fatal,Clear
3893,SCRAPED_000718,News_Paper,2023,March,Wednesday,Gujarat,Car,Truck,2,Unknown,Unknown,Parking Issue,Dry,Daylight,2,0,2,Fatal,Clear
3894,SCRAPED_000719,News_Paper,2023,March,Thursday,Andhra Pradesh,Truck,Truck,2,Unknown,Unknown,Parking Issue,Dry,Daylight,2,0,2,Fatal,Clear
3895,SCRAPED_000720,News_Paper,2023,March,Thursday,Madhya Pradesh,Two Wheeler,Truck,2,Unknown,Unknown,Severe Collision,Wet,Daylight,2,2,4,Fatal,Clear
3896,SCRAPED_000721,News_Paper,2023,March,Thursday,Tamil Nadu,Car,Truck,2,Unknown,Unknown,No Distancing/Rear End,Dry,Dark,1,4,5,Fatal,Clear
3897,SCRAPED_000722,News_Paper,2023,March,Friday,Uttarakhand,Pedestrian,Truck,2,Unknown,Under 18,Severe Collision,Dry,Daylight,1,0,1,Fatal,Clear
3898,SCRAPED_000723,News_Paper,2023,March,Saturday,Rajasthan,Car,Truck,2,Unknown,Unknown,No Distancing/Rear End,Dry,Daylight,3,0,3,Fatal,Clear
3899,SCRAPED_000724,News_Paper,2023,March,Saturday,Maharashtra,Two Wheeler,Truck,2,Unknown,18-30,Unknown/Other,Dry,Daylight,1,0,1,Fatal,Clear
3900,SCRAPED_000725,News_Paper,2023,March,Saturday,Maharashtra,Two Wheeler,Truck,2,Unknown,18-30,Parking Issue,Dry,Daylight,1,0,1,Fatal,Clear
3901,SCRAPED_000726,News_Paper,2023,March,Saturday,Maharashtra,Pedestrian,Truck,2,Unknown,Over 51,Reckless Driving,Wet,Daylight,1,0,1,Fatal,Clear
3902,SCRAPED_000727,News_Paper,2023,March,Sunday,Chhattisgarh,Truck,Truck,2,Unknown,Unknown,Severe Collision,Dry,Daylight,1,1,2,Fatal,Clear
3903,SCRAPED_000728,News_Paper,2023,March,Sunday,Tamil Nadu,Two Wheeler,Truck,2,Unknown,18-30,Severe Collision,Dry,Dark,1,0,1,Fatal,Clear
3904,SCRAPED_000729,News_Paper,2023,March,Sunday,Maharashtra,Two Wheeler,Truck,2,Unknown,31-50,Severe Collision,Dry,Dark,1,0,1,Fatal,Clear
3905,SCRAPED_000730,News_Paper,2023,March,Tuesday,Madhya Pradesh,Car,Truck,2,Unknown,18-30,Parking Issue,Wet,Daylight,1,0,1,Fatal,Clear
3906,SCRAPED_000731,News_Paper,2023,March,Tuesday,Tamil Nadu,Two Wheeler,Truck,2,Unknown,Unknown,Severe Collision,Dry,Daylight,3,0,3,Fatal,Clear
3907,SCRAPED_000732,News_Paper,2023,March,Wednesday,Telangana,Truck,Bus,2,Unknown,Unknown,Severe Collision,Wet,Dark,1,2,3,Fatal,Clear
3908,SCRAPED_000733,News_Paper,2023,March,Wednesday,Maharashtra,Auto Rickshaw,Truck,2,Unknown,Unknown,Severe Collision,Dry,Dark,5,8,13,Fatal,Clear
3909,SCRAPED_000734,News_Paper,2023,March,Wednesday,Punjab,Car,Truck,2,Unknown,Unknown,Parking Issue,Wet,Dark,1,0,1,Fatal,Clear
3910,SCRAPED_000735,News_Paper,2023,March,Wednesday,Telangana,Truck,Car,2,Unknown,Unknown,Severe Collision,Wet,Daylight,2,15,17,Fatal,Clear
3911,SCRAPED_000736,News_Paper,2023,March,Thursday,Andhra Pradesh,Car,Truck,2,Unknown,Unknown,Parking Issue,Wet,Daylight,2,4,6,Fatal,Clear
3912,SCRAPED_000737,News_Paper,2023,March,Friday,Rajasthan,Car,Truck,2,Unknown,Unknown,Severe Collision,Wet,Daylight,5,2,7,Fatal,Clear
3913,SCRAPED_000738,News_Paper,2023,March,Friday,Uttar Pradesh,Truck,Truck,2,Unknown,Unknown,Severe Collision,Dry,Daylight,3,0,3,Fatal,Clear
3914,SCRAPED_000739,News_Paper,2023,March,Friday,Haryana,Pedestrian,Truck,2,Unknown,18-30,Reckless Driving,Wet,Daylight,1,0,1,Fatal,Clear
3915,SCRAPED_000740,News_Paper,2023,March,Thursday,Maharashtra,Two Wheeler,Truck,2,Unknown,31-50,No Distancing/Rear End,Wet,Daylight,1,0,1,Fatal,Clear
3916,SCRAPED_000741,News_Paper,2023,April,Monday,Andhra Pradesh,Two Wheeler,Truck,2,Unknown,18-30,Severe Collision,Dry,Dark,1,1,2,Fatal,Clear
3917,SCRAPED_000742,News_Paper,2023,April,Tuesday,Maharashtra,Car,Truck,2,Unknown,Unknown,No Distancing/Rear End,Dry,Daylight,2,2,4,Fatal,Clear
3918,SCRAPED_000743,News_Paper,2023,April,Sunday,Maharashtra,Two Wheeler,Truck,2,Unknown,18-30,Unknown/Other,Dry,Daylight,1,0,1,Fatal,Clear
3919,SCRAPED_000744,News_Paper,2023,April,Monday,Maharashtra,Pedestrian,Truck,2,Unknown,Under 18,Reckless Driving,Dry,Dark,1,0,1,Fatal,Clear
3920,SCRAPED_000745,News_Paper,2023,April,Thursday,Karnataka,Two Wheeler,Truck,2,Unknown,18-30,No Distancing/Rear End,Dry,Daylight,1,0,1,Fatal,Clear
3921,SCRAPED_000746,News_Paper,2023,April,Thursday,Rajasthan,Truck,Auto Rickshaw,2,Unknown,Unknown,Unknown/Other,Dry,Daylight,4,0,4,Fatal,Clear
3922,SCRAPED_000747,News_Paper,2023,April,Saturday,Uttar Pradesh,Car,Truck,2,Unknown,Unknown,Severe Collision,Wet,Dark,6,0,6,Fatal,Clear
3923,SCRAPED_000748,News_Paper,2023,April,Thursday,Jharkhand,Car,Truck,2,Unknown,Unknown,Severe Collision,Dry,Dark,4,0,4,Fatal,Clear
3924,SCRAPED_000749,News_Paper,2023,April,Friday,Maharashtra,Bus,Truck,2,Unknown,Over 51,Parking Issue,Wet,Daylight,1,12,13,Fatal,Clear
3925,SCRAPED_000750,News_Paper,2023,April,Friday,Telangana,Car,Truck,2,Unknown,Under 18,No Distancing/Rear End,Dry,Dark,2,0,2,Fatal,Clear
3926,SCRAPED_000751,News_Paper,2023,April,Saturday,Rajasthan,Car,Truck,2,Unknown,Unknown,No Distancing/Rear End,Dry,Dark,3,1,4,Fatal,Clear
3927,SCRAPED_000752,News_Paper,2023,April,Monday,West Bengal,Car,Truck,2,Unknown,Unknown,No Distancing/Rear End,Dry,Daylight,4,0,4,Fatal,Clear
3928,SCRAPED_000753,News_Paper,2023,April,Sunday,Chhattisgarh,Two Wheeler,Truck,2,Unknown,Unknown,Unknown/Other,Dry,Daylight,1,1,2,Fatal,Clear
3929,SCRAPED_000754,News_Paper,2023,April,Monday,Rajasthan,Bicycle,Truck,2,Unknown,Over 51,No Distancing/Rear End,Dry,Dark,1,0,1,Fatal,Clear
3930,SCRAPED_000755,News_Paper,2023,April,Monday,Madhya Pradesh,Pedestrian,Truck,2,Unknown,Unknown,Reckless Driving,Dry,Daylight,4,0,4,Fatal,Clear
3931,SCRAPED_000756,News_Paper,2023,April,Monday,Uttar Pradesh,Truck,Truck,2,Unknown,Unknown,Unknown/Other,Wet,Dark,2,0,2,Fatal,Clear
3932,SCRAPED_000757,News_Paper,2023,April,Wednesday,Punjab,Pedestrian,Truck,2,Unknown,Unknown,Reckless Driving,Dry,Daylight,7,20,27,Fatal,Clear
3933,SCRAPED_000758,News_Paper,2023,April,Wednesday,Punjab,Truck,Unidentified,2,Unknown,Unknown,Loss of Control,Dry,Dark,3,11,14,Fatal,Clear
3934,SCRAPED_000759,News_Paper,2023,April,Wednesday,Haryana,Two Wheeler,Truck,2,Unknown,18-30,Parking Issue,Dry,Daylight,1,1,2,Fatal,Clear
3935,SCRAPED_000760,News_Paper,2023,April,Friday,Uttar Pradesh,Two Wheeler,Truck,2,Unknown,Unknown,Severe Collision,Dry,Daylight,3,0,3,Fatal,Clear
3936,SCRAPED_000761,News_Paper,2023,April,Friday,Maharashtra,Two Wheeler,Truck,2,Unknown,Unknown,Severe Collision,Dry,Daylight,3,0,3,Fatal,Clear
3937,SCRAPED_000762,News_Paper,2023,April,Friday,Maharashtra,Two Wheeler,Truck,2,Unknown,31-50,Unknown/Other,Dry,Daylight,1,2,3,Fatal,Clear
3938,SCRAPED_000763,News_Paper,2023,April,Monday,Maharashtra,Two Wheeler,Truck,2,Unknown,18-30,No Distancing/Rear End,Dry,Daylight,1,0,1,Fatal,Clear
3939,SCRAPED_000764,News_Paper,2023,April,Sunday,Uttar Pradesh,Two Wheeler,Truck,2,Unknown,Unknown,Parking Issue,Dry,Daylight,2,4,6,Fatal,Clear
3940,SCRAPED_000765,News_Paper,2023,April,Monday,Jharkhand,Bus,Truck,2,Unknown,Unknown,Parking Issue,Dry,Daylight,3,10,13,Fatal,Clear
3941,SCRAPED_000766,News_Paper,2023,April,Tuesday,Uttar Pradesh,Two Wheeler,Truck,2,Unknown,Unknown,No Distancing/Rear End,Dry,Dark,2,1,3,Fatal,Clear
3942,SCRAPED_000767,News_Paper,2023,April,Monday,Rajasthan,Bus,Truck,2,Unknown,Unknown,Severe Collision,Dry,Dark,2,4,6,Fatal,Clear
3943,SCRAPED_000768,News_Paper,2023,April,Thursday,Chhattisgarh,Two Wheeler,Truck,2,Unknown,31-50,Severe Collision,Wet,Daylight,1,0,1,Fatal,Clear
3944,SCRAPED_000769,News_Paper,2023,April,Thursday,Chhattisgarh,Pedestrian,Truck,2,Unknown,31-50,Reckless Driving,Dry,Daylight,1,0,1,Fatal,Clear
3945,SCRAPED_000770,News_Paper,2023,April,Tuesday,West Bengal,Two Wheeler,Truck,2,Unknown,Unknown,Severe Collision,Dry,Daylight,2,0,2,Fatal,Clear
3946,SCRAPED_000771,News_Paper,2023,April,Tuesday,Punjab,Two Wheeler,Truck,2,Unknown,18-30,No Distancing/Rear End,Dry,Dark,1,0,1,Fatal,Clear
3947,SCRAPED_000772,News_Paper,2023,April,Thursday,Uttar Pradesh,Van,Truck,2,Unknown,Unknown,Unknown/Other,Dry,Dark,3,1,4,Fatal,Clear
3948,SCRAPED_000773,News_Paper,2023,April,Thursday,Uttar Pradesh,Two Wheeler,Truck,2,Unknown,18-30,No Distancing/Rear End,Wet,Dark,1,2,3,Fatal,Clear
3949,SCRAPED_000774,News_Paper,2023,April,Thursday,Telangana,Pedestrian,Truck,2,Unknown,Unknown,Reckless Driving,Dry,Daylight,2,1,3,Fatal,Clear
3950,SCRAPED_000775,News_Paper,2023,April,Friday,Uttar Pradesh,Bus,Truck,2,Unknown,Unknown,Severe Collision,Dry,Daylight,7,40,47,Fatal,Clear
3951,SCRAPED_000776,News_Paper,2023,April,Friday,Mizoram,Truck,Unidentified,2,Unknown,Unknown,Loss of Control,Wet,Daylight,5,0,5,Fatal,Clear
3952,SCRAPED_000777,News_Paper,2023,April,Saturday,Maharashtra,Pedestrian,Truck,2,Unknown,18-30,Reckless Driving,Dry,Dark,1,0,1,Fatal,Clear
3953,SCRAPED_000778,News_Paper,2023,April,Friday,Maharashtra,Two Wheeler,Truck,2,Unknown,18-30,No Distancing/Rear End,Dry,Daylight,1,1,2,Fatal,Clear
3954,SCRAPED_000779,News_Paper,2023,April,Saturday,Gujarat,Pedestrian,Truck,2,Unknown,Unknown,Reckless Driving,Dry,Daylight,1,0,1,Fatal,Clear
3955,SCRAPED_000780,News_Paper,2023,April,Sunday,Maharashtra,Bus,Truck,2,Unknown,Unknown,No Distancing/Rear End,Dry,Daylight,5,22,27,Fatal,Clear
3956,SCRAPED_000781,News_Paper,2023,April,Saturday,Madhya Pradesh,Car,Truck,2,Unknown,Unknown,Parking Issue,Dry,Dark,3,2,5,Fatal,Clear
3957,SCRAPED_000782,News_Paper,2023,April,Monday,Rajasthan,Truck,Truck,2,Unknown,Unknown,Severe Collision,Dry,Dark,3,1,4,Fatal,Clear
3958,SCRAPED_000783,News_Paper,2023,April,Sunday,Rajasthan,Pedestrian,Truck,2,Unknown,Unknown,Reckless Driving,Dry,Daylight,1,0,1,Fatal,Clear
3959,SCRAPED_000784,News_Paper,2023,April,Monday,Uttar Pradesh,Two Wheeler,Truck,2,Unknown,Unknown,No Distancing/Rear End,Dry,Daylight,3,3,6,Fatal,Clear
3960,SCRAPED_000785,News_Paper,2023,April,Monday,Uttar Pradesh,Two Wheeler,Truck,2,Unknown,18-30,Unknown/Other,Dry,Daylight,1,1,2,Fatal,Clear
3961,SCRAPED_000786,News_Paper,2023,April,Monday,Madhya Pradesh,Auto Rickshaw,Truck,2,Unknown,Unknown,Severe Collision,Dry,Daylight,3,2,5,Fatal,Clear
3962,SCRAPED_000787,News_Paper,2023,April,Tuesday,Madhya Pradesh,Two Wheeler,Truck,2,Unknown,18-30,Unknown/Other,Dry,Daylight,1,5,6,Fatal,Clear
3963,SCRAPED_000788,News_Paper,2023,April,Wednesday,Uttar Pradesh,Two Wheeler,Truck,2,Unknown,Unknown,Severe Collision,Dry,Daylight,2,0,2,Fatal,Clear
3964,SCRAPED_000789,News_Paper,2023,April,Tuesday,Maharashtra,Two Wheeler,Truck,2,Unknown,31-50,No Distancing/Rear End,Dry,Daylight,1,0,1,Fatal,Clear
3965,SCRAPED_000790,News_Paper,2023,April,Thursday,Kerala,Car,Truck,2,Unknown,Unknown,Unknown/Other,Dry,Dark,2,4,6,Fatal,Clear
3966,SCRAPED_000791,News_Paper,2023,April,Thursday,Jharkhand,Two Wheeler,Truck,2,Unknown,Under 18,No Distancing/Rear End,Wet,Daylight,1,0,1,Fatal,Clear
3967,SCRAPED_000792,News_Paper,2023,April,Friday,Uttar Pradesh,Two Wheeler,Truck,2,Unknown,Unknown,Severe Collision,Dry,Daylight,2,0,2,Fatal,Clear
3968,SCRAPED_000793,News_Paper,2023,April,Friday,Chhattisgarh,Car,Truck,2,Unknown,Unknown,Unknown/Other,Dry,Dark,3,3,6,Fatal,Clear
3969,SCRAPED_000794,News_Paper,2023,April,Saturday,Punjab,Bicycle,Truck,2,Unknown,Under 18,No Distancing/Rear End,Wet,Dark,1,0,1,Fatal,Clear
3970,SCRAPED_000795,News_Paper,2023,April,Saturday,Maharashtra,Two Wheeler,Truck,2,Unknown,Unknown,Severe Collision,Dry,Dark,3,1,4,Fatal,Clear
3971,SCRAPED_000796,News_Paper,2023,April,Saturday,Tamil Nadu,Bus,Truck,2,Unknown,31-50,Parking Issue,Dry,Daylight,1,22,23,Fatal,Clear
3972,SCRAPED_000797,News_Paper,2023,April,Friday,Madhya Pradesh,Two Wheeler,Truck,2,Unknown,Unknown,No Distancing/Rear End,Dry,Daylight,2,1,3,Fatal,Clear
3973,SCRAPED_000798,News_Paper,2023,April,Saturday,Uttar Pradesh,Car,Truck,2,Unknown,Unknown,No Distancing/Rear End,Dry,Dark,5,0,5,Fatal,Clear
3974,SCRAPED_000799,News_Paper,2023,April,Sunday,Goa,Car,Truck,2,Unknown,18-30,Severe Collision,Dry,Daylight,1,0,1,Fatal,Clear
3975,SCRAPED_000800,News_Paper,2023,April,Saturday,Rajasthan,Car,Truck,2,Unknown,Unknown,Severe Collision,Dry,Daylight,4,0,4,Fatal,Clear
3976,SCRAPED_000801,News_Paper,2023,May,Wednesday,Punjab,Bus,Truck,2,Unknown,Unknown,No Distancing/Rear End,Dry,Daylight,2,4,6,Fatal,Clear
3977,SCRAPED_000802,News_Paper,2023,May,Monday,Maharashtra,Pedestrian,Truck,2,Unknown,Under 18,Reckless Driving,Dry,Dark,1,0,1,Fatal,Clear
3978,SCRAPED_000803,News_Paper,2023,May,Wednesday,Chhattisgarh,Car,Truck,2,Unknown,Unknown,Severe Collision,Dry,Daylight,11,0,11,Fatal,Clear
3979,SCRAPED_000804,News_Paper,2023,May,Wednesday,Bihar,Auto Rickshaw,Truck,2,Unknown,Unknown,Unknown/Other,Dry,Daylight,7,4,11,Fatal,Clear
3980,SCRAPED_000805,News_Paper,2023,May,Wednesday,Tamil Nadu,Truck,Unidentified,2,Unknown,31-50,Loss of Control,Dry,Daylight,1,6,7,Fatal,Clear
3981,SCRAPED_000806,News_Paper,2023,May,Thursday,Rajasthan,Car,Truck,2,Unknown,Unknown,Severe Collision,Dry,Dark,8,1,9,Fatal,Clear
3982,SCRAPED_000807,News_Paper,2023,May,Friday,Uttar Pradesh,Auto Rickshaw,Truck,2,Unknown,Unknown,Severe Collision,Dry,Daylight,5,10,15,Fatal,Clear
3983,SCRAPED_000808,News_Paper,2023,May,Friday,Odisha,Truck,Unidentified,2,Unknown,Unknown,Loss of Control,Wet,Daylight,3,7,10,Fatal,Clear
3984,SCRAPED_000809,News_Paper,2023,May,Wednesday,Karnataka,Two Wheeler,Truck,2,Unknown,18-30,No Distancing/Rear End,Dry,Daylight,1,1,2,Fatal,Clear
3985,SCRAPED_000810,News_Paper,2023,May,Friday,Uttar Pradesh,Auto Rickshaw,Truck,2,Unknown,Unknown,Severe Collision,Wet,Daylight,5,10,15,Fatal,Clear
3986,SCRAPED_000811,News_Paper,2023,May,Sunday,Uttar Pradesh,Van,Truck,2,Unknown,Unknown,Severe Collision,Dry,Dark,10,13,23,Fatal,Clear
3987,SCRAPED_000812,News_Paper,2023,May,Sunday,Tamil Nadu,Two Wheeler,Truck,2,Unknown,31-50,No Distancing/Rear End,Dry,Daylight,1,1,2,Fatal,Clear
3988,SCRAPED_000813,News_Paper,2023,May,Sunday,Maharashtra,Van,Truck,2,Unknown,Unknown,Severe Collision,Dry,Dark,3,2,5,Fatal,Clear
3989,SCRAPED_000814,News_Paper,2023,May,Wednesday,Bihar,Pedestrian,Truck,2,Unknown,18-30,Reckless Driving,Dry,Daylight,3,1,4,Fatal,Clear
3990,SCRAPED_000815,News_Paper,2023,May,Tuesday,Madhya Pradesh,Two Wheeler,Truck,2,Unknown,Unknown,Severe Collision,Wet,Dark,4,0,4,Fatal,Clear
3991,SCRAPED_000816,News_Paper,2023,May,Thursday,Tamil Nadu,Two Wheeler,Truck,2,Unknown,31-50,No Distancing/Rear End,Dry,Daylight,1,1,2,Fatal,Clear
3992,SCRAPED_000817,News_Paper,2023,May,Friday,Punjab,Two Wheeler,Truck,2,Unknown,Under 18,Unknown/Other,Dry,Daylight,1,1,2,Fatal,Clear
3993,SCRAPED_000818,News_Paper,2023,May,Sunday,Himachal Pradesh,Truck,Gorge,2,Unknown,Unknown,Loss of Control,Dry,Daylight,5,3,8,Fatal,Clear
3994,SCRAPED_000819,News_Paper,2023,May,Saturday,Kerala,Van,Truck,2,Unknown,Under 18,Unknown/Other,Dry,Dark,1,3,4,Fatal,Clear
3995,SCRAPED_000820,News_Paper,2023,May,Friday,Telangana,Car,Truck,2,Unknown,Unknown,Unknown/Other,Dry,Daylight,2,5,7,Fatal,Clear
3996,SCRAPED_000821,News_Paper,2023,May,Saturday,Jharkhand,Van,Truck,2,Unknown,Unknown,Unknown/Other,Dry,Daylight,6,0,6,Fatal,Clear
3997,SCRAPED_000822,News_Paper,2023,May,Monday,Andhra Pradesh,Car,Truck,2,Unknown,Unknown,Severe Collision,Dry,Dark,7,7,14,Fatal,Clear
3998,SCRAPED_000823,News_Paper,2023,May,Sunday,Maharashtra,Pedestrian,Truck,2,Unknown,Under 18,Reckless Driving,Dry,Dark,1,0,1,Fatal,Clear
3999,SCRAPED_000824,News_Paper,2023,May,Tuesday,Uttar Pradesh,Truck,Truck,2,Unknown,Unknown,Severe Collision,Dry,Daylight,9,2,11,Fatal,Clear
4000,SCRAPED_000825,News_Paper,2023,May,Monday,Assam,Van,Truck,2,Unknown,Unknown,Unknown/Other,Dry,Dark,3,0,3,Fatal,Clear
4001,SCRAPED_000826,News_Paper,2023,May,Tuesday,Assam,Car,Truck,2,Unknown,Unknown,Severe Collision,Dry,Daylight,1,0,1,Fatal,Clear
4002,SCRAPED_000827,News_Paper,2023,May,Wednesday,Telangana,Auto Rickshaw,Truck,2,Unknown,Unknown,Unknown/Other,Wet,Daylight,6,6,12,Fatal,Clear
4003,SCRAPED_000828,News_Paper,2023,May,Tuesday,Andhra Pradesh,Car,Truck,2,Unknown,Unknown,Unknown/Other,Dry,Daylight,3,1,4,Fatal,Clear
4004,SCRAPED_000829,News_Paper,2023,May,Monday,Tamil Nadu,Two Wheeler,Truck,2,Unknown,Unknown,Severe Collision,Dry,Daylight,2,1,3,Fatal,Clear
4005,SCRAPED_000830,News_Paper,2023,May,Thursday,Madhya Pradesh,Bus,Truck,2,Unknown,Unknown,Severe Collision,Dry,Daylight,5,12,17,Fatal,Clear
4006,SCRAPED_000831,News_Paper,2023,May,Wednesday,Andhra Pradesh,Auto Rickshaw,Truck,2,Unknown,Unknown,Severe Collision,Wet,Daylight,6,12,18,Fatal,Clear
4007,SCRAPED_000832,News_Paper,2023,May,Wednesday,Punjab,Bicycle,Truck,2,Unknown,Under 18,No Distancing/Rear End,Dry,Daylight,1,0,1,Fatal,Clear
4008,SCRAPED_000833,News_Paper,2023,May,Thursday,Bihar,Pedestrian,Truck,2,Unknown,Unknown,Reckless Driving,Dry,Daylight,2,3,5,Fatal,Clear