,accident_id,source,year,month,day_of_week,state,vehicle_1,vehicle_2,vehicles_involved,party_age_group,victim_age_group,cause_of_accident,road_condition,lighting_condition,fatalities,injuries,casualties,severity,weather_group
4318,SCRAPED_001143,News_articles,2026,January,Tuesday,Rajasthan,Truck,Car,2,Unknown,Unknown,Unknown/Other,Wet,Daylight,3,7,10,Fatal,Clear
4319,SCRAPED_001144,News_articles,2026,January,Thursday,Telangana,Bus,Two_Wheeler,2,Unknown,Unknown,Severe Collision,Dry,Daylight,1,0,1,Fatal,Clear
4320,SCRAPED_001145,News_articles,2025,December,Monday,Uttar Pradesh,Truck,Car,2,Unknown,Unknown,Loss of Control,Dry,Daylight,1,0,1,Fatal,Clear
4321,SCRAPED_001146,News_articles,2025,December,Friday,Andhra Pradesh,Bus,Unidentified,2,Unknown,Unknown,Speeding,Dry,Dark,9,0,9,Fatal,Clear
4322,SCRAPED_001147,News_articles,2025,December,Tuesday,Maharashtra,Truck,Unidentified,2,Unknown,Unknown,Speeding,Dry,Daylight,1,0,1,Fatal,Clear
4323,SCRAPED_001148,News_articles,2025,December,Thursday,Uttar Pradesh,Truck,Car,2,Unknown,Unknown,Speeding,Wet,Dark,1,0,1,Fatal,Clear
4324,SCRAPED_001149,News_articles,2025,November,Wednesday,Karnataka,Truck,Unidentified,2,Unknown,Unknown,Unknown/Other,Dry,Daylight,0,0,0,Minor,Clear
4325,SCRAPED_001150,News_articles,2025,November,Monday,Uttar Pradesh,Truck,Unidentified,2,Unknown,Unknown,Severe Collision,Dry,Dark,1,0,1,Fatal,Clear
4326,SCRAPED_001151,News_articles,2025,November,Thursday,Himachal Pradesh,Truck,Truck,2,Unknown,Unknown,Severe Collision,Dry,Dark,3,0,3,Fatal,Clear
4327,SCRAPED_001152,News_articles,2025,November,Sunday,Unknown,Truck,Car,2,Unknown,Unknown,Speeding,Dry,Dark,5,0,5,Fatal,Clear
4328,SCRAPED_001153,News_articles,2025,November,Thursday,Andhra Pradesh,Truck,Two_Wheeler,2,Unknown,Unknown,Speeding,Dry,Daylight,2,0,2,Fatal,Clear
4329,SCRAPED_001154,News_articles,2025,November,Tuesday,Uttar Pradesh,Truck,Car,2,Unknown,Unknown,Speeding,Dry,Dark,6,2,8,Fatal,Clear
4330,SCRAPED_001155,News_articles,2025,November,Monday,Rajasthan,Truck,Unidentified,2,Unknown,Unknown,Severe Collision,Wet,Daylight,0,0,0,Minor,Clear
4331,SCRAPED_001156,News_articles,2025,October,Tuesday,Haryana,Bus,Truck,2,Unknown,Under 18,Severe Collision,Wet,Daylight,0,0,0,Minor,Clear
4332,SCRAPED_001157,News_articles,2025,October,Saturday,Telangana,Bus,Unidentified,2,Unknown,Unknown,Loss of Control,Wet,Dark,0,20,20,Serious,Clear
4333,SCRAPED_001158,News_articles,2025,October,Saturday,Uttar Pradesh,Truck,Car,2,Unknown,Unknown,Severe Collision,Dry,Daylight,0,0,0,Minor,Clear
4334,SCRAPED_001159,News_articles,2025,October,Saturday,Karnataka,Bus,Unidentified,2,Unknown,Under 18,Unknown/Other,Dry,Daylight,0,0,0,Minor,Clear
4335,SCRAPED_001160,News_articles,2025,October,Monday,Unknown,Truck,Unidentified,2,Unknown,Unknown,Unknown/Other,Dry,Daylight,0,0,0,Minor,Clear
4336,SCRAPED_001161,News_articles,2025,September,Saturday,Unknown,Truck,Unidentified,2,Unknown,Unknown,Unknown/Other,Dry,Daylight,1,0,1,Fatal,Clear
4337,SCRAPED_001162,News_articles,2025,September,Wednesday,Madhya Pradesh,Truck,Unidentified,2,Unknown,Unknown,Drunk/Drug Driving,Dry,Daylight,0,0,0,Minor,Clear
4338,SCRAPED_001163,News_articles,2025,September,Monday,Madhya Pradesh,Truck,Unidentified,2,Unknown,Unknown,Drunk/Drug Driving,Dry,Daylight,3,0,3,Fatal,Clear
4339,SCRAPED_001164,News_articles,2025,September,Saturday,Haryana,Truck,Unidentified,2,Unknown,Unknown,Speeding,Dry,Daylight,1,0,1,Fatal,Clear
4340,SCRAPED_001165,News_articles,2025,September,Friday,Karnataka,Bus,Unidentified,2,Unknown,Unknown,Loss of Control,Dry,Daylight,0,0,0,Minor,Clear
4341,SCRAPED_001166,News_articles,2025,September,Thursday,Uttar Pradesh,Bus,Unidentified,2,Unknown,Unknown,Loss of Control,Dry,Daylight,5,10,15,Fatal,Clear
4342,SCRAPED_001167,News_articles,2025,September,Wednesday,Unknown,Truck,Unidentified,2,Unknown,Unknown,Unknown/Other,Wet,Dark,0,0,0,Minor,Clear
4343,SCRAPED_001168,News_articles,2025,September,Monday,Maharashtra,Bus,Two_Wheeler,2,Unknown,Unknown,Speeding,Wet,Daylight,1,0,1,Fatal,Clear
4344,SCRAPED_001169,News_articles,2025,August,Tuesday,Uttar Pradesh,Truck,Truck,2,Unknown,Unknown,Severe Collision,Dry,Daylight,1,40,41,Fatal,Clear
4345,SCRAPED_001170,News_articles,2025,August,Saturday,Maharashtra,Truck,Two_Wheeler,2,Unknown,Unknown,Speeding,Dry,Dark,0,0,0,Minor,Clear
4346,SCRAPED_001171,News_articles,2025,August,Thursday,Unknown,Bus,Truck,2,Unknown,Unknown,Speeding,Dry,Daylight,79,0,79,Fatal,Clear
4347,SCRAPED_001172,News_articles,2025,August,Wednesday,Maharashtra,Truck,Unidentified,2,Unknown,Unknown,Speeding,Wet,Daylight,0,0,0,Minor,Clear
4348,SCRAPED_001173,News_articles,2025,August,Wednesday,Unknown,Bus,Unidentified,2,Unknown,Unknown,Severe Collision,Wet,Daylight,50,0,50,Fatal,Clear
4349,SCRAPED_001174,News_articles,2025,August,Sunday,Karnataka,Bus,Truck,2,Unknown,Unknown,Severe Collision,Dry,Daylight,2,12,14,Fatal,Clear
4350,SCRAPED_001175,News_articles,2025,August,Thursday,Unknown,Truck,Auto,2,Unknown,Unknown,Severe Collision,Dry,Dark,1,0,1,Fatal,Clear
4351,SCRAPED_001176,News_articles,2025,August,Wednesday,Rajasthan,Truck,Van,2,Unknown,Unknown,Unknown/Other,Dry,Daylight,10,0,10,Fatal,Clear
4352,SCRAPED_001177,News_articles,2025,August,Wednesday,Unknown,Truck,Unidentified,2,Unknown,Unknown,Speeding,Dry,Daylight,1,0,1,Fatal,Clear
4353,SCRAPED_001178,News_articles,2025,August,Wednesday,Uttar Pradesh,Truck,Unidentified,2,Unknown,Under 18,Speeding,Wet,Dark,1,0,1,Fatal,Clear
4354,SCRAPED_001179,News_articles,2025,July,Thursday,Unknown,Truck,Unidentified,2,Unknown,Unknown,Unknown/Other,Wet,Daylight,1,3,4,Fatal,Clear
4355,SCRAPED_001180,News_articles,2025,July,Tuesday,Jharkhand,Bus,Truck,2,Unknown,Unknown,Severe Collision,Dry,Dark,1,0,1,Fatal,Clear
4356,SCRAPED_001181,News_articles,2025,July,Saturday,Maharashtra,Truck,Unidentified,2,Unknown,Unknown,Unknown/Other,Wet,Daylight,1,0,1,Fatal,Clear
4357,SCRAPED_001182,News_articles,2025,July,Saturday,Unknown,Truck,Unidentified,2,Unknown,Unknown,Speeding,Wet,Daylight,0,0,0,Minor,Clear
4358,SCRAPED_001183,News_articles,2025,July,Friday,Maharashtra,Truck,Unidentified,2,Unknown,Under 18,Speeding,Dry,Daylight,1,0,1,Fatal,Clear
4359,SCRAPED_001184,News_articles,2025,July,Thursday,Odisha,Truck,Unidentified,2,Unknown,Unknown,Unknown/Other,Wet,Dark,0,0,0,Minor,Clear
4360,SCRAPED_001185,News_articles,2025,July,Monday,Uttar Pradesh,Truck,Van,2,Unknown,Unknown,Speeding,Dry,Dark,0,1,1,Minor,Clear
4361,SCRAPED_001186,News_articles,2025,July,Monday,Unknown,Bus,Unidentified,2,Unknown,Unknown,Speeding,Wet,Daylight,13,20,33,Fatal,Clear
4362,SCRAPED_001187,News_articles,2025,July,Sunday,Uttar Pradesh,Truck,Two_Wheeler,2,Unknown,Unknown,Severe Collision,Dry,Dark,1,3,4,Fatal,Clear
4363,SCRAPED_001188,News_articles,2025,July,Sunday,Maharashtra,Truck,Truck,2,Unknown,Unknown,Speeding,Dry,Daylight,0,8,8,Serious,Clear
4364,SCRAPED_001189,News_articles,2025,July,Friday,Unknown,Bus,Van,2,Unknown,Unknown,Severe Collision,Dry,Daylight,0,0,0,Minor,Clear
4365,SCRAPED_001190,News_articles,2025,June,Monday,Karnataka,Truck,Car,2,Unknown,Unknown,Speeding,Dry,Daylight,1,0,1,Fatal,Clear
4366,SCRAPED_001191,News_articles,2025,June,Saturday,Delhi,Bus,Unidentified,2,Unknown,Unknown,Unknown/Other,Dry,Dark,1,0,1,Fatal,Clear
4367,SCRAPED_001192,News_articles,2025,June,Friday,West Bengal,Truck,Car,2,Unknown,Unknown,Severe Collision,Dry,Daylight,9,0,9,Fatal,Clear
4368,SCRAPED_001193,News_articles,2025,June,Thursday,Uttar Pradesh,Bus,Truck,2,Unknown,Unknown,Unknown/Other,Wet,Daylight,0,0,0,Minor,Clear
4369,SCRAPED_001194,News_articles,2025,June,Tuesday,Uttar Pradesh,Truck,Unidentified,2,Unknown,Unknown,Speeding,Dry,Dark,1,0,1,Fatal,Clear
4370,SCRAPED_001195,News_articles,2025,June,Monday,Unknown,Bus,Unidentified,2,Unknown,Unknown,Speeding,Dry,Daylight,0,0,0,Minor,Clear
4371,SCRAPED_001196,News_articles,2025,June,Tuesday,West Bengal,Bus,Unidentified,2,Unknown,Unknown,Unknown/Other,Wet,Dark,0,0,0,Minor,Clear
4372,SCRAPED_001197,News_articles,2025,May,Wednesday,Uttar Pradesh,Bus,Auto,2,Unknown,Unknown,Severe Collision,Dry,Daylight,1,0,1,Fatal,Clear
4373,SCRAPED_001198,News_articles,2025,May,Tuesday,Maharashtra,Truck,Unidentified,2,Unknown,Unknown,Speeding,Dry,Daylight,6,0,6,Fatal,Clear
4374,SCRAPED_001199,News_articles,2025,May,Sunday,Rajasthan,Truck,Unidentified,2,Unknown,Unknown,Unknown/Other,Dry,Daylight,4,0,4,Fatal,Clear
4375,SCRAPED_001200,News_articles,2025,May,Friday,Unknown,Truck,Two_Wheeler,2,Unknown,Unknown,Unknown/Other,Dry,Dark,0,0,0,Minor,Clear
4376,SCRAPED_001201,News_articles,2025,May,Tuesday,Unknown,Truck,Truck,2,Unknown,Unknown,Speeding,Wet,Daylight,1,0,1,Fatal,Clear
4377,SCRAPED_001202,News_articles,2025,May,Sunday,Unknown,Bus,Unidentified,2,Unknown,Unknown,Unknown/Other,Dry,Daylight,15,30,45,Fatal,Clear
4378,SCRAPED_001203,News_articles,2025,May,Tuesday,Bihar,Truck,Car,2,Unknown,Unknown,Severe Collision,Dry,Daylight,8,2,10,Fatal,Clear
4379,SCRAPED_001204,News_articles,2025,May,Friday,Unknown,Truck,Unidentified,2,Unknown,Unknown,Unknown/Other,Dry,Daylight,0,0,0,Minor,Clear
4380,SCRAPED_001205,News_articles,2025,April,Sunday,Unknown,Truck,Two_Wheeler,2,Unknown,Unknown,Unknown/Other,Dry,Dark,1,0,1,Fatal,Clear
4381,SCRAPED_001206,News_articles,2025,April,Monday,Karnataka,Truck,Truck,2,Unknown,Unknown,Unknown/Other,Dry,Daylight,0,0,0,Minor,Clear
4382,SCRAPED_001207,News_articles,2025,April,Friday,Unknown,Truck,Car,2,Unknown,Unknown,Severe Collision,Wet,Dark,2,0,2,Fatal,Clear
4383,SCRAPED_001208,News_articles,2025,April,Wednesday,Uttar Pradesh,Truck,Car,2,Unknown,Unknown,Unknown/Other,Dry,Daylight,1,0,1,Fatal,Clear
4384,SCRAPED_001209,News_articles,2025,April,Tuesday,Tamil Nadu,Truck,Car,2,Unknown,Unknown,Speeding,Dry,Daylight,1,0,1,Fatal,Clear
4385,SCRAPED_001210,News_articles,2025,March,Friday,Unknown,Truck,Car,2,Unknown,Unknown,Severe Collision,Dry,Dark,0,5,5,Serious,Clear
4386,SCRAPED_001211,News_articles,2025,March,Saturday,Uttar Pradesh,Bus,Truck,2,Unknown,Unknown,Speeding,Dry,Daylight,4,19,23,Fatal,Clear
4387,SCRAPED_001212,News_articles,2025,February,Saturday,Unknown,Bus,Unidentified,2,Unknown,Unknown,Unknown/Other,Dry,Daylight,1,17,18,Fatal,Clear
4388,SCRAPED_001213,News_articles,2025,February,Friday,Unknown,Truck,Car,2,Unknown,Unknown,Severe Collision,Dry,Daylight,0,0,0,Minor,Clear
4389,SCRAPED_001214,News_articles,2025,February,Thursday,Uttar Pradesh,Truck,Two_Wheeler,2,Unknown,Unknown,Severe Collision,Wet,Daylight,0,0,0,Minor,Clear
4390,SCRAPED_001215,News_articles,2025,February,Tuesday,Bihar,Truck,Auto,2,Unknown,Unknown,Severe Collision,Dry,Dark,3,2,5,Fatal,Clear
4391,SCRAPED_001216,News_articles,2025,February,Tuesday,Uttar Pradesh,Truck,Car,2,Unknown,Unknown,Unknown/Other,Wet,Daylight,1,0,1,Fatal,Clear
4392,SCRAPED_001217,News_articles,2025,February,Monday,Unknown,Bus,Unidentified,2,Unknown,Unknown,Unknown/Other,Dry,Daylight,51,0,51,Fatal,Clear
4393,SCRAPED_001218,News_articles,2025,January,Friday,Uttar Pradesh,Truck,Unidentified,2,Unknown,Unknown,Severe Collision,Dry,Dark,6,10,16,Fatal,Clear
4394,SCRAPED_001219,News_articles,2025,January,Wednesday,Karnataka,Truck,Unidentified,2,Unknown,Unknown,Unknown/Other,Dry,Dark,1,10,11,Fatal,Clear
4395,SCRAPED_001220,News_articles,2025,January,Wednesday,Uttar Pradesh,Truck,Car,2,Unknown,Unknown,Unknown/Other,Dry,Daylight,3,0,3,Fatal,Clear
4396,SCRAPED_001221,News_articles,2025,January,Thursday,Bihar,Truck,Auto,2,Unknown,Unknown,Severe Collision,Wet,Daylight,3,3,6,Fatal,Clear
4397,SCRAPED_001222,News_articles,2024,December,Wednesday,Rajasthan,Truck,Unidentified,2,Unknown,18-30,Speeding,Dry,Daylight,0,0,0,Minor,Clear
4398,SCRAPED_001223,News_articles,2024,December,Monday,Uttar Pradesh,Truck,Unidentified,2,Unknown,Unknown,Speeding,Wet,Daylight,0,0,0,Minor,Clear
4399,SCRAPED_001224,News_articles,2024,December,Sunday,Unknown,Volvo,Car,2,Unknown,Unknown,Speeding,Dry,Daylight,1,0,1,Fatal,Clear
4400,SCRAPED_001225,News_articles,2024,December,Friday,Punjab,Truck,Car,2,Unknown,Unknown,Speeding,Dry,Dark,2,0,2,Fatal,Clear
4401,SCRAPED_001226,News_articles,2024,December,Friday,Uttar Pradesh,Truck,Unidentified,2,Unknown,Unknown,Unknown/Other,Dry,Daylight,0,3,3,Serious,Clear
4402,SCRAPED_001227,News_articles,2024,December,Thursday,Kerala,Truck,Unidentified,2,Unknown,Unknown,Speeding,Dry,Dark,1,0,1,Fatal,Clear
4403,SCRAPED_001228,News_articles,2024,December,Thursday,Tamil Nadu,Truck,Car,2,Unknown,Unknown,Severe Collision,Dry,Daylight,3,0,3,Fatal,Clear
4404,SCRAPED_001229,News_articles,2024,December,Wednesday,Unknown,Bus,Unidentified,2,Unknown,Unknown,Speeding,Dry,Daylight,0,0,0,Minor,Clear
4405,SCRAPED_001230,News_articles,2024,December,Tuesday,Maharashtra,Bus,Unidentified,2,Unknown,Unknown,Unknown/Other,Dry,Daylight,6,49,55,Fatal,Clear
4406,SCRAPED_001231,News_articles,2024,December,Tuesday,Kerala,Bus,Car,2,Unknown,Unknown,Severe Collision,Dry,Dark,1,0,1,Fatal,Clear
4407,SCRAPED_001232,News_articles,2024,December,Sunday,Uttar Pradesh,Truck,Two_Wheeler,2,Unknown,Unknown,Severe Collision,Dry,Daylight,0,2,2,Minor,Clear
4408,SCRAPED_001233,News_articles,2024,November,Monday,Unknown,Bus,Unidentified,2,Unknown,Unknown,Speeding,Dry,Dark,17,1,18,Fatal,Clear
4409,SCRAPED_001234,News_articles,2024,November,Wednesday,Unknown,Truck,Car,2,Unknown,Unknown,Speeding,Wet,Dark,0,0,0,Minor,Clear
4410,SCRAPED_001235,News_articles,2024,November,Friday,Unknown,Truck,Unidentified,2,Unknown,Unknown,Speeding,Dry,Dark,2,0,2,Fatal,Clear
4411,SCRAPED_001236,News_articles,2024,November,Saturday,Delhi,Truck,Unidentified,2,Unknown,Unknown,Speeding,Dry,Daylight,1,0,1,Fatal,Clear
4412,SCRAPED_001237,News_articles,2024,October,Thursday,Rajasthan,Truck,Car,2,Unknown,Unknown,Unknown/Other,Dry,Daylight,3,0,3,Fatal,Clear
4413,SCRAPED_001238,News_articles,2024,October,Wednesday,Maharashtra,Truck,Two_Wheeler,2,Unknown,Under 18,Unknown/Other,Dry,Daylight,1,0,1,Fatal,Clear
4414,SCRAPED_001239,News_articles,2024,October,Friday,Uttar Pradesh,Truck,Truck,2,Unknown,Unknown,Severe Collision,Wet,Daylight,1,3,4,Fatal,Clear
4415,SCRAPED_001240,News_articles,2024,September,Saturday,Gujarat,Bus,Unidentified,2,Unknown,Unknown,Severe Collision,Wet,Daylight,7,0,7,Fatal,Clear
4416,SCRAPED_001241,News_articles,2024,September,Tuesday,Uttar Pradesh,Truck,Unidentified,2,Unknown,Unknown,Speeding,Dry,Daylight,0,0,0,Minor,Clear
4417,SCRAPED_001242,News_articles,2024,September,Tuesday,Delhi,Truck,Two_Wheeler,2,Unknown,Unknown,Unknown/Other,Dry,Daylight,1,1,2,Fatal,Clear
4418,SCRAPED_001243,News_articles,2024,September,Wednesday,Delhi,Bus,Unidentified,2,Unknown,Unknown,Severe Collision,Wet,Daylight,1,0,1,Fatal,Clear
4419,SCRAPED_001244,News_articles,2024,August,Wednesday,Unknown,Truck,Unidentified,2,Unknown,Unknown,Unknown/Other,Dry,Dark,1,4,5,Fatal,Clear
4420,SCRAPED_001245,News_articles,2024,August,Saturday,Unknown,Bus,Unidentified,2,Unknown,Unknown,Unknown/Other,Dry,Daylight,0,0,0,Minor,Clear
4421,SCRAPED_001246,News_articles,2024,August,Wednesday,Unknown,Bus,Unidentified,2,Unknown,Unknown,Loss of Control,Wet,Daylight,1,0,1,Fatal,Clear
4422,SCRAPED_001247,News_articles,2024,August,Tuesday,Maharashtra,Truck,Two_Wheeler,2,Unknown,Unknown,Unknown/Other,Dry,Daylight,1,0,1,Fatal,Clear
4423,SCRAPED_001248,News_articles,2024,August,Tuesday,Uttar Pradesh,Truck,Truck,2,Unknown,Unknown,Unknown/Other,Dry,Daylight,4,24,28,Fatal,Clear
4424,SCRAPED_001249,News_articles,2024,August,Sunday,Maharashtra,Bus,Car,2,Unknown,Unknown,Speeding,Dry,Daylight,1,0,1,Fatal,Clear
4425,SCRAPED_001250,News_articles,2024,July,Wednesday,Uttar Pradesh,Truck,Car,2,Unknown,Unknown,Unknown/Other,Dry,Dark,3,1,4,Fatal,Clear
4426,SCRAPED_001251,News_articles,2024,July,Wednesday,Unknown,Bus,Unidentified,2,Unknown,Unknown,Unknown/Other,Dry,Daylight,26,0,26,Fatal,Clear
4427,SCRAPED_001252,News_articles,2024,July,Tuesday,Maharashtra,Bus,Unidentified,2,Unknown,Unknown,Unknown/Other,Dry,Daylight,4,1,5,Fatal,Clear
4428,SCRAPED_001253,News_articles,2024,July,Wednesday,Maharashtra,Bus,Unidentified,2,Unknown,Under 18,Severe Collision,Dry,Daylight,1,0,1,Fatal,Clear
4429,SCRAPED_001254,News_articles,2024,June,Saturday,Uttar Pradesh,Bus,Auto,2,Unknown,Unknown,Severe Collision,Wet,Daylight,4,2,6,Fatal,Clear
4430,SCRAPED_001255,News_articles,2024,June,Friday,Rajasthan,Truck,Car,2,Unknown,Unknown,Severe Collision,Dry,Daylight,4,0,4,Fatal,Clear
4431,SCRAPED_001256,News_articles,2024,June,Wednesday,Maharashtra,Truck,Unidentified,2,Unknown,Unknown,Speeding,Dry,Daylight,1,0,1,Fatal,Clear
4432,SCRAPED_001257,News_articles,2024,June,Friday,Unknown,Truck,Unidentified,2,Unknown,Unknown,Loss of Control,Dry,Daylight,4,20,24,Fatal,Clear
4433,SCRAPED_001258,News_articles,2024,June,Thursday,Unknown,Bus,Unidentified,2,Unknown,Unknown,Unknown/Other,Wet,Daylight,2,18,20,Fatal,Clear
4434,SCRAPED_001259,News_articles,2024,June,Saturday,Unknown,Truck,Car,2,Unknown,Unknown,Unknown/Other,Wet,Daylight,1,0,1,Fatal,Clear
4435,SCRAPED_001260,News_articles,2024,May,Wednesday,Unknown,Bus,Unidentified,2,Unknown,Unknown,Unknown/Other,Dry,Dark,29,20,49,Fatal,Clear
4436,SCRAPED_001261,News_articles,2024,May,Sunday,Uttar Pradesh,Bus,Truck,2,Unknown,Unknown,Severe Collision,Dry,Daylight,11,10,21,Fatal,Clear
4437,SCRAPED_001262,News_articles,2024,May,Monday,Chhattisgarh,Truck,Unidentified,2,Unknown,Unknown,Loss of Control,Wet,Daylight,15,0,15,Fatal,Clear
4438,SCRAPED_001263,News_articles,2024,May,Friday,Rajasthan,Bus,Truck,2,Unknown,Unknown,Unknown/Other,Wet,Daylight,5,12,17,Fatal,Clear
4439,SCRAPED_001264,News_articles,2024,May,Wednesday,Andhra Pradesh,Bus,Unidentified,2,Unknown,Unknown,Severe Collision,Wet,Daylight,6,0,6,Fatal,Clear
4440,SCRAPED_001265,News_articles,2024,May,Monday,Unknown,Bus,Truck,2,Unknown,Unknown,Speeding,Wet,Daylight,2,0,2,Fatal,Clear
4441,SCRAPED_001266,News_articles,2024,May,Monday,Uttar Pradesh,Truck,Truck,2,Unknown,Unknown,Severe Collision,Dry,Daylight,3,17,20,Fatal,Clear
4442,SCRAPED_001267,News_articles,2024,May,Friday,Unknown,Bus,Unidentified,2,Unknown,Unknown,Speeding,Wet,Daylight,20,21,41,Fatal,Clear
4443,SCRAPED_001268,News_articles,2024,May,Wednesday,Tamil Nadu,Bus,Unidentified,2,Unknown,Unknown,Unknown/Other,Dry,Dark,4,20,24,Fatal,Clear
4444,SCRAPED_001269,News_articles,2024,April,Tuesday,Bihar,Truck,Car,2,Unknown,Unknown,Speeding,Wet,Daylight,6,0,6,Fatal,Clear
4445,SCRAPED_001270,News_articles,2024,April,Tuesday,Unknown,Bus,Unidentified,2,Unknown,Unknown,Unknown/Other,Wet,Dark,25,0,25,Fatal,Clear
4446,SCRAPED_001271,News_articles,2024,April,Monday,Unknown,Bus,Unidentified,2,Unknown,Unknown,Unknown/Other,Wet,Dark,23,1,24,Fatal,Clear
4447,SCRAPED_001272,News_articles,2024,April,Monday,Unknown,Truck,Car,2,Unknown,Unknown,Unknown/Other,Wet,Daylight,1,0,1,Fatal,Clear
4448,SCRAPED_001273,News_articles,2024,April,Thursday,Unknown,Truck,Two_Wheeler,2,Unknown,Unknown,Speeding,Dry,Daylight,0,0,0,Minor,Clear
4449,SCRAPED_001274,News_articles,2024,April,Wednesday,Gujarat,Truck,Car,2,Unknown,Unknown,Unknown/Other,Wet,Daylight,10,0,10,Fatal,Clear
4450,SCRAPED_001275,News_articles,2024,April,Wednesday,Uttar Pradesh,Bus,Unidentified,2,Unknown,Unknown,Unknown/Other,Dry,Daylight,0,0,0,Minor,Clear
4451,SCRAPED_001276,News_articles,2024,April,Thursday,Maharashtra,Bus,Unidentified,2,Unknown,Unknown,Unknown/Other,Dry,Daylight,1,0,1,Fatal,Clear
4452,SCRAPED_001277,News_articles,2024,April,Thursday,Unknown,Truck,Unidentified,2,Unknown,Unknown,Unknown/Other,Dry,Daylight,13,0,13,Fatal,Clear
4453,SCRAPED_001278,News_articles,2024,April,Wednesday,Chhattisgarh,Bus,Unidentified,2,Unknown,Unknown,Loss of Control,Dry,Daylight,12,14,26,Fatal,Clear
4454,SCRAPED_001279,News_articles,2024,April,Monday,Unknown,Truck,Unidentified,2,Unknown,Unknown,Unknown/Other,Dry,Dark,1,0,1,Fatal,Clear
4455,SCRAPED_001280,News_articles,2024,April,Tuesday,Maharashtra,Truck,Unidentified,2,Unknown,Unknown,Speeding,Wet,Daylight,1,0,1,Fatal,Clear
4456,SCRAPED_001281,News_articles,2024,March,Wednesday,Uttar Pradesh,Bus,Car,2,Unknown,Under 18,Unknown/Other,Dry,Daylight,3,0,3,Fatal,Clear
4457,SCRAPED_001282,News_articles,2024,March,Tuesday,Unknown,Truck,Unidentified,2,Unknown,Unknown,Speeding,Dry,Daylight,5,0,5,Fatal,Clear
4458,SCRAPED_001283,News_articles,2024,March,Monday,Unknown,Truck,Unidentified,2,Unknown,Unknown,Unknown/Other,Dry,Daylight,5,11,16,Fatal,Clear
4459,SCRAPED_001284,News_articles,2024,February,Sunday,Telangana,Truck,Unidentified,2,Unknown,Unknown,Unknown/Other,Wet,Daylight,1,0,1,Fatal,Clear
4460,SCRAPED_001285,News_articles,2024,February,Saturday,Uttar Pradesh,Truck,Unidentified,2,Unknown,Unknown,Unknown/Other,Wet,Daylight,1,0,1,Fatal,Clear
4461,SCRAPED_001286,News_articles,2024,February,Saturday,Gujarat,Bus,Truck,2,Unknown,Unknown,Severe Collision,Dry,Dark,2,1,3,Fatal,Clear
4462,SCRAPED_001287,News_articles,2024,February,Wednesday,Uttar Pradesh,Truck,Unidentified,2,Unknown,Unknown,Loss of Control,Dry,Daylight,3,0,3,Fatal,Clear
4463,SCRAPED_001288,News_articles,2024,February,Monday,Unknown,Bus,Car,2,Unknown,Unknown,Speeding,Dry,Dark,5,0,5,Fatal,Clear
4464,SCRAPED_001289,News_articles,2024,February,Tuesday,Kerala,Crane,Unidentified,2,Unknown,Unknown,Severe Collision,Dry,Daylight,0,0,0,Minor,Clear
4465,SCRAPED_001290,News_articles,2024,February,Sunday,Unknown,Truck,Car,2,Unknown,Unknown,Severe Collision,Dry,Daylight,1,0,1,Fatal,Clear
4466,SCRAPED_001291,News_articles,2024,January,Wednesday,Unknown,Bus,Unidentified,2,Unknown,Unknown,Speeding,Dry,Daylight,19,22,41,Fatal,Clear
4467,SCRAPED_001292,News_articles,2024,January,Wednesday,Maharashtra,Bus,Truck,2,Unknown,Unknown,Speeding,Dry,Daylight,6,0,6,Fatal,Clear
4468,SCRAPED_001293,News_articles,2024,January,Thursday,Delhi,Bus,Unidentified,2,Unknown,Unknown,Severe Collision,Dry,Dark,1,0,1,Fatal,Clear
4469,SCRAPED_001294,News_articles,2024,January,Saturday,Unknown,Bus,Unidentified,2,Unknown,Unknown,Unknown/Other,Dry,Dark,12,0,12,Fatal,Clear
4470,SCRAPED_001295,News_articles,2024,January,Friday,Telangana,Bus,Unidentified,2,Unknown,Unknown,Severe Collision,Dry,Daylight,1,0,1,Fatal,Clear
4471,SCRAPED_001296,News_articles,2024,January,Monday,Uttar Pradesh,Truck,Car,2,Unknown,Unknown,Speeding,Wet,Daylight,1,0,1,Fatal,Clear
4472,SCRAPED_001297,News_articles,2024,January,Monday,Maharashtra,Truck,Car,2,Unknown,Unknown,Severe Collision,Dry,Dark,0,5,5,Serious,Clear